area_code,grid_row,grid_col,street_lamp_count,cctv_count,activity_count,footway_km,lit_yes_km,lit_tagged_km,streetlight_density,cctv_coverage,activity_density,footpath_quality,lit_share_score,lighting_score,crowd_density,osm_coverage,osm_evidence,infra_score
AREA-00-00,0,0,0,0,0,0.0,0.0,0.0,0.0,0.0,0.0,0.0,0.7238,0.7238,0.0,0.0,0.0,0.5
AREA-00-01,0,1,0,0,0,0.0,0.0,0.0,0.0,0.0,0.0,0.0,0.7238,0.7238,0.0,0.0,0.0,0.5
AREA-00-02,0,2,0,0,0,0.0,0.0,0.0,0.0,0.0,0.0,0.0,0.7238,0.7238,0.0,0.0,0.0,0.5
AREA-00-03,0,3,0,0,0,0.0,0.0,0.0,0.0,0.0,0.0,0.0,0.7238,0.7238,0.0,0.0,0.0,0.5
AREA-00-04,0,4,0,0,0,0.0,0.0,0.0,0.0,0.0,0.0,0.0,0.7238,0.7238,0.0,0.0,0.0,0.5
AREA-00-05,0,5,0,0,0,0.0894,0.0,0.0,0.0,0.0,0.0,0.0318,0.7238,0.7238,0.0,0.0957,0.447,0.0318
AREA-00-06,0,6,0,0,0,0.3533,0.0,0.0,0.0,0.0,0.0,0.117,0.7238,0.7238,0.0,0.2634,1.766,0.117
AREA-00-07,0,7,0,0,0,0.0,0.0,0.0,0.0,0.0,0.0,0.0,0.7238,0.7238,0.0,0.0,0.0,0.5
AREA-00-08,0,8,0,0,0,0.0,0.0,0.0,0.0,0.0,0.0,0.0,0.7238,0.7238,0.0,0.0,0.0,0.5
AREA-00-09,0,9,0,0,0,0.0,0.0,0.0,0.0,0.0,0.0,0.0,0.7238,0.7238,0.0,0.0,0.0,0.5
AREA-00-10,0,10,0,0,0,0.0,0.0,0.0,0.0,0.0,0.0,0.0,0.7238,0.7238,0.0,0.0,0.0,0.5
AREA-00-11,0,11,0,0,0,0.0,0.0,0.0,0.0,0.0,0.0,0.0,0.7238,0.7238,0.0,0.0,0.0,0.5
AREA-00-12,0,12,0,0,0,0.0,0.0,0.0,0.0,0.0,0.0,0.0,0.7238,0.7238,0.0,0.0,0.0,0.5
AREA-00-13,0,13,0,0,0,0.0,0.0,0.0,0.0,0.0,0.0,0.0,0.7238,0.7238,0.0,0.0,0.0,0.5
AREA-00-14,0,14,0,0,0,0.0,0.0,0.0,0.0,0.0,0.0,0.0,0.7238,0.7238,0.0,0.0,0.0,0.5
AREA-00-15,0,15,0,0,0,0.0,0.0,0.0,0.0,0.0,0.0,0.0,0.7238,0.7238,0.0,0.0,0.0,0.5
AREA-00-16,0,16,0,0,0,0.0,0.0,0.0,0.0,0.0,0.0,0.0,0.7238,0.7238,0.0,0.0,0.0,0.5
AREA-00-17,0,17,0,0,0,0.0,0.0,0.0,0.0,0.0,0.0,0.0,0.7238,0.7238,0.0,0.0,0.0,0.5
AREA-00-18,0,18,0,0,0,0.0,0.0,0.0,0.0,0.0,0.0,0.0,0.7238,0.7238,0.0,0.0,0.0,0.5
AREA-00-19,0,19,0,0,0,0.0,0.0,0.0,0.0,0.0,0.0,0.0,0.7238,0.7238,0.0,0.0,0.0,0.5
AREA-00-20,0,20,0,0,0,0.0,0.0,0.0,0.0,0.0,0.0,0.0,0.7238,0.7238,0.0,0.0,0.0,0.5
AREA-00-21,0,21,0,0,0,0.0,0.0,0.0,0.0,0.0,0.0,0.0,0.7238,0.7238,0.0,0.0,0.0,0.5
AREA-00-22,0,22,0,0,0,0.0,0.0,0.0,0.0,0.0,0.0,0.0,0.7238,0.7238,0.0,0.0,0.0,0.5
AREA-00-23,0,23,0,0,0,0.0,0.0,0.0,0.0,0.0,0.0,0.0,0.7238,0.7238,0.0,0.0,0.0,0.5
AREA-00-24,0,24,0,0,0,0.0,0.0,0.0,0.0,0.0,0.0,0.0,0.7238,0.7238,0.0,0.0,0.0,0.5
AREA-00-25,0,25,0,0,0,0.0,0.0,0.0,0.0,0.0,0.0,0.0,0.7238,0.7238,0.0,0.0,0.0,0.5
AREA-00-26,0,26,0,0,0,0.0,0.0,0.0,0.0,0.0,0.0,0.0,0.7238,0.7238,0.0,0.0,0.0,0.5
AREA-00-27,0,27,0,0,0,0.0,0.0,0.0,0.0,0.0,0.0,0.0,0.7238,0.7238,0.0,0.0,0.0,0.5
AREA-00-28,0,28,0,0,0,0.0,0.0,0.0,0.0,0.0,0.0,0.0,0.7238,0.7238,0.0,0.0,0.0,0.5
AREA-00-29,0,29,0,0,0,0.0,0.0,0.0,0.0,0.0,0.0,0.0,0.7238,0.7238,0.0,0.0,0.0,0.5
AREA-00-30,0,30,0,0,1,0.0,0.0,0.0,0.0,0.0,0.1294,0.0,0.7238,0.7238,0.1294,0.1794,1.0,0.5
AREA-00-31,0,31,0,0,0,0.0,0.0,0.0,0.0,0.0,0.0,0.0,0.7238,0.7238,0.0,0.0,0.0,0.5
AREA-00-32,0,32,0,0,1,0.0,0.0,0.0,0.0,0.0,0.1294,0.0,0.7238,0.7238,0.1294,0.1794,1.0,0.5
AREA-00-33,0,33,0,0,2,0.0,0.0,0.0,0.0,0.0,0.2175,0.0,0.7238,0.7238,0.2175,0.2844,2.0,0.5
AREA-00-34,0,34,0,0,4,0.0,0.0,0.0,0.0,0.0,0.3382,0.0,0.7238,0.7238,0.3382,0.4166,4.0,0.5
AREA-00-35,0,35,0,0,2,0.0,0.0,0.0,0.0,0.0,0.2175,0.0,0.7238,0.7238,0.2175,0.2844,2.0,0.5
AREA-00-36,0,36,0,0,4,0.0,0.0,0.0,0.0,0.0,0.3382,0.0,0.7238,0.7238,0.3382,0.4166,4.0,0.5
AREA-00-37,0,37,0,0,13,0.0,0.0,0.0,0.0,0.0,0.6028,0.0,0.7238,0.7238,0.6028,0.6832,13.0,0.5
AREA-00-38,0,38,0,0,6,0.0,0.0,0.0,0.0,0.0,0.4222,0.0,0.7238,0.7238,0.4222,0.5038,6.0,0.5
AREA-00-39,0,39,0,0,1,0.0,0.0,0.0,0.0,0.0,0.1294,0.0,0.7238,0.7238,0.1294,0.1794,1.0,0.5
AREA-01-00,1,0,0,0,0,0.0,0.0,0.0,0.0,0.0,0.0,0.0,0.7238,0.7238,0.0,0.0,0.0,0.5
AREA-01-01,1,1,0,0,0,0.0,0.0,0.0,0.0,0.0,0.0,0.0,0.7238,0.7238,0.0,0.0,0.0,0.5
AREA-01-02,1,2,0,0,0,0.0,0.0,0.0,0.0,0.0,0.0,0.0,0.7238,0.7238,0.0,0.0,0.0,0.5
AREA-01-03,1,3,0,0,0,0.0,0.0,0.0,0.0,0.0,0.0,0.0,0.7238,0.7238,0.0,0.0,0.0,0.5
AREA-01-04,1,4,0,0,0,0.0,0.0,0.0,0.0,0.0,0.0,0.0,0.7238,0.7238,0.0,0.0,0.0,0.5
AREA-01-05,1,5,0,0,0,0.0,0.0,0.0,0.0,0.0,0.0,0.0,0.7238,0.7238,0.0,0.0,0.0,0.5
AREA-01-06,1,6,0,0,0,0.0,0.0,0.0,0.0,0.0,0.0,0.0,0.7238,0.7238,0.0,0.0,0.0,0.5
AREA-01-07,1,7,0,0,0,0.0,0.0,0.0,0.0,0.0,0.0,0.0,0.7238,0.7238,0.0,0.0,0.0,0.5
AREA-01-08,1,8,0,0,0,0.0,0.0,0.0,0.0,0.0,0.0,0.0,0.7238,0.7238,0.0,0.0,0.0,0.5
AREA-01-09,1,9,0,0,0,0.0,0.0,0.0,0.0,0.0,0.0,0.0,0.7238,0.7238,0.0,0.0,0.0,0.5
AREA-01-10,1,10,0,0,0,0.0,0.0,0.0,0.0,0.0,0.0,0.0,0.7238,0.7238,0.0,0.0,0.0,0.5
AREA-01-11,1,11,0,0,0,0.0,0.0,0.0,0.0,0.0,0.0,0.0,0.7238,0.7238,0.0,0.0,0.0,0.5
AREA-01-12,1,12,0,0,0,0.0,0.0,0.0,0.0,0.0,0.0,0.0,0.7238,0.7238,0.0,0.0,0.0,0.5
AREA-01-13,1,13,0,0,0,0.0,0.0,0.0,0.0,0.0,0.0,0.0,0.7238,0.7238,0.0,0.0,0.0,0.5
AREA-01-14,1,14,0,0,0,0.0,0.0,0.0,0.0,0.0,0.0,0.0,0.7238,0.7238,0.0,0.0,0.0,0.5
AREA-01-15,1,15,0,0,0,0.0,0.6467,0.6467,0.0,0.0,0.0,0.0,0.8323,0.8323,0.0,0.3736,3.234,0.5
AREA-01-16,1,16,0,0,0,0.0,1.3423,1.3423,0.0,0.0,0.0,0.0,0.8821,0.8821,0.0,0.5288,6.712,0.5
AREA-01-17,1,17,0,0,0,0.0,0.8221,0.8221,0.0,0.0,0.0,0.0,0.8484,0.8484,0.0,0.4223,4.11,0.5
AREA-01-18,1,18,0,0,0,0.0,0.0,0.0,0.0,0.0,0.0,0.0,0.7238,0.7238,0.0,0.0,0.0,0.5
AREA-01-19,1,19,0,0,0,0.0,0.0,0.0,0.0,0.0,0.0,0.0,0.7238,0.7238,0.0,0.0,0.0,0.5
AREA-01-20,1,20,0,0,0,0.0,0.0,0.0,0.0,0.0,0.0,0.0,0.7238,0.7238,0.0,0.0,0.0,0.5
AREA-01-21,1,21,0,0,0,0.0,0.0,0.0,0.0,0.0,0.0,0.0,0.7238,0.7238,0.0,0.0,0.0,0.5
AREA-01-22,1,22,0,0,0,0.0,0.0,0.0,0.0,0.0,0.0,0.0,0.7238,0.7238,0.0,0.0,0.0,0.5
AREA-01-23,1,23,0,0,0,0.0,0.0,0.0,0.0,0.0,0.0,0.0,0.7238,0.7238,0.0,0.0,0.0,0.5
AREA-01-24,1,24,0,0,0,0.0,0.0,0.0,0.0,0.0,0.0,0.0,0.7238,0.7238,0.0,0.0,0.0,0.5
AREA-01-25,1,25,0,0,0,0.0,0.0,0.0,0.0,0.0,0.0,0.0,0.7238,0.7238,0.0,0.0,0.0,0.5
AREA-01-26,1,26,0,0,0,0.0,0.0,0.0,0.0,0.0,0.0,0.0,0.7238,0.7238,0.0,0.0,0.0,0.5
AREA-01-27,1,27,0,0,0,0.0,0.0,0.0,0.0,0.0,0.0,0.0,0.7238,0.7238,0.0,0.0,0.0,0.5
AREA-01-28,1,28,0,0,0,0.0,0.0,0.0,0.0,0.0,0.0,0.0,0.7238,0.7238,0.0,0.0,0.0,0.5
AREA-01-29,1,29,0,0,0,0.0,0.0,0.0,0.0,0.0,0.0,0.0,0.7238,0.7238,0.0,0.0,0.0,0.5
AREA-01-30,1,30,0,0,0,0.0,0.0,0.0,0.0,0.0,0.0,0.0,0.7238,0.7238,0.0,0.0,0.0,0.5
AREA-01-31,1,31,0,0,0,0.0,0.0,0.0,0.0,0.0,0.0,0.0,0.7238,0.7238,0.0,0.0,0.0,0.5
AREA-01-32,1,32,0,0,0,0.0,0.0,0.0,0.0,0.0,0.0,0.0,0.7238,0.7238,0.0,0.0,0.0,0.5
AREA-01-33,1,33,0,0,2,0.0,0.0,0.0,0.0,0.0,0.2175,0.0,0.7238,0.7238,0.2175,0.2844,2.0,0.5
AREA-01-34,1,34,0,0,2,0.0,0.0,0.0,0.0,0.0,0.2175,0.0,0.7238,0.7238,0.2175,0.2844,2.0,0.5
AREA-01-35,1,35,0,0,5,0.0,0.0,0.0,0.0,0.0,0.3834,0.0,0.7238,0.7238,0.3834,0.4638,5.0,0.5
AREA-01-36,1,36,0,0,7,0.0,0.0,0.0,0.0,0.0,0.4563,0.0,0.7238,0.7238,0.4563,0.5383,7.0,0.5
AREA-01-37,1,37,0,0,5,0.0,0.0,0.0,0.0,0.0,0.3834,0.0,0.7238,0.7238,0.3834,0.4638,5.0,0.5
AREA-01-38,1,38,0,0,4,0.0,0.0,0.0,0.0,0.0,0.3382,0.0,0.7238,0.7238,0.3382,0.4166,4.0,0.5
AREA-01-39,1,39,0,0,1,0.0,0.0,0.0,0.0,0.0,0.1294,0.0,0.7238,0.7238,0.1294,0.1794,1.0,0.5
AREA-02-00,2,0,0,0,0,0.0,0.0,0.0,0.0,0.0,0.0,0.0,0.7238,0.7238,0.0,0.0,0.0,0.5
AREA-02-01,2,1,0,0,0,0.0,0.0,0.0,0.0,0.0,0.0,0.0,0.7238,0.7238,0.0,0.0,0.0,0.5
AREA-02-02,2,2,0,0,0,0.103,0.0,0.0,0.0,0.0,0.0,0.0365,0.7238,0.7238,0.0,0.1075,0.515,0.0365
AREA-02-03,2,3,0,0,0,0.0,0.0,0.0,0.0,0.0,0.0,0.0,0.7238,0.7238,0.0,0.0,0.0,0.5
AREA-02-04,2,4,0,0,0,0.0,0.0,0.0,0.0,0.0,0.0,0.0,0.7238,0.7238,0.0,0.0,0.0,0.5
AREA-02-05,2,5,0,0,0,0.0,0.0,0.0,0.0,0.0,0.0,0.0,0.7238,0.7238,0.0,0.0,0.0,0.5
AREA-02-06,2,6,0,0,0,0.0,0.0,0.0,0.0,0.0,0.0,0.0,0.7238,0.7238,0.0,0.0,0.0,0.5
AREA-02-07,2,7,0,0,0,0.0,0.0,0.0,0.0,0.0,0.0,0.0,0.7238,0.7238,0.0,0.0,0.0,0.5
AREA-02-08,2,8,0,0,0,0.0634,0.0,0.0,0.0,0.0,0.0,0.0227,0.7238,0.7238,0.0,0.0713,0.317,0.0227
AREA-02-09,2,9,0,0,0,0.0,0.0,0.0,0.0,0.0,0.0,0.0,0.7238,0.7238,0.0,0.0,0.0,0.5
AREA-02-10,2,10,0,0,0,0.0,0.0,0.0,0.0,0.0,0.0,0.0,0.7238,0.7238,0.0,0.0,0.0,0.5
AREA-02-11,2,11,0,0,0,0.0,0.0,0.0,0.0,0.0,0.0,0.0,0.7238,0.7238,0.0,0.0,0.0,0.5
AREA-02-12,2,12,0,0,0,0.0,0.0,0.0,0.0,0.0,0.0,0.0,0.7238,0.7238,0.0,0.0,0.0,0.5
AREA-02-13,2,13,0,0,0,0.0,0.0,0.0,0.0,0.0,0.0,0.0,0.7238,0.7238,0.0,0.0,0.0,0.5
AREA-02-14,2,14,0,0,0,0.0,0.0,0.0,0.0,0.0,0.0,0.0,0.7238,0.7238,0.0,0.0,0.0,0.5
AREA-02-15,2,15,0,0,0,0.0,0.0,0.0,0.0,0.0,0.0,0.0,0.7238,0.7238,0.0,0.0,0.0,0.5
AREA-02-16,2,16,0,0,0,0.0,0.0,0.0,0.0,0.0,0.0,0.0,0.7238,0.7238,0.0,0.0,0.0,0.5
AREA-02-17,2,17,0,0,0,0.0,0.0,0.0,0.0,0.0,0.0,0.0,0.7238,0.7238,0.0,0.0,0.0,0.5
AREA-02-18,2,18,0,0,0,0.0,0.0,0.0,0.0,0.0,0.0,0.0,0.7238,0.7238,0.0,0.0,0.0,0.5
AREA-02-19,2,19,0,0,0,0.0,0.0,1.7599,0.0,0.0,0.0,0.0,0.2623,0.2623,0.0,0.5908,8.8,0.5
AREA-02-20,2,20,0,0,0,0.0,2.0552,3.278,0.0,0.0,0.0,0.0,0.6496,0.6496,0.0,0.7393,16.39,0.5
AREA-02-21,2,21,0,0,0,0.0,0.0,0.0,0.0,0.0,0.0,0.0,0.7238,0.7238,0.0,0.0,0.0,0.5
AREA-02-22,2,22,0,0,0,0.0,0.0,0.0,0.0,0.0,0.0,0.0,0.7238,0.7238,0.0,0.0,0.0,0.5
AREA-02-23,2,23,0,0,0,0.0,0.0,0.0,0.0,0.0,0.0,0.0,0.7238,0.7238,0.0,0.0,0.0,0.5
AREA-02-24,2,24,0,0,0,0.0,0.0,0.0,0.0,0.0,0.0,0.0,0.7238,0.7238,0.0,0.0,0.0,0.5
AREA-02-25,2,25,0,0,0,0.0,0.0,0.0,0.0,0.0,0.0,0.0,0.7238,0.7238,0.0,0.0,0.0,0.5
AREA-02-26,2,26,0,0,0,0.0,0.0,0.0,0.0,0.0,0.0,0.0,0.7238,0.7238,0.0,0.0,0.0,0.5
AREA-02-27,2,27,0,0,0,0.0,0.0,0.0,0.0,0.0,0.0,0.0,0.7238,0.7238,0.0,0.0,0.0,0.5
AREA-02-28,2,28,0,0,0,0.0,0.0,0.0,0.0,0.0,0.0,0.0,0.7238,0.7238,0.0,0.0,0.0,0.5
AREA-02-29,2,29,0,0,1,0.0,0.0,0.0,0.0,0.0,0.1294,0.0,0.7238,0.7238,0.1294,0.1794,1.0,0.5
AREA-02-30,2,30,0,0,1,0.0,0.0,0.0,0.0,0.0,0.1294,0.0,0.7238,0.7238,0.1294,0.1794,1.0,0.5
AREA-02-31,2,31,0,0,0,0.0,0.0,0.0,0.0,0.0,0.0,0.0,0.7238,0.7238,0.0,0.0,0.0,0.5
AREA-02-32,2,32,0,0,0,0.0,0.0,0.0,0.0,0.0,0.0,0.0,0.7238,0.7238,0.0,0.0,0.0,0.5
AREA-02-33,2,33,0,0,0,0.0,0.0,0.0,0.0,0.0,0.0,0.0,0.7238,0.7238,0.0,0.0,0.0,0.5
AREA-02-34,2,34,0,0,0,0.0,0.0,0.0,0.0,0.0,0.0,0.0,0.7238,0.7238,0.0,0.0,0.0,0.5
AREA-02-35,2,35,0,0,4,0.0,0.0,0.0,0.0,0.0,0.3382,0.0,0.7238,0.7238,0.3382,0.4166,4.0,0.5
AREA-02-36,2,36,0,0,2,0.0,0.0,0.0,0.0,0.0,0.2175,0.0,0.7238,0.7238,0.2175,0.2844,2.0,0.5
AREA-02-37,2,37,0,0,10,0.0,0.0,0.0,0.0,0.0,0.539,0.0,0.7238,0.7238,0.539,0.6208,10.0,0.5
AREA-02-38,2,38,0,0,0,0.0,0.0,0.0,0.0,0.0,0.0,0.0,0.7238,0.7238,0.0,0.0,0.0,0.5
AREA-02-39,2,39,0,0,0,0.0,0.0,0.0,0.0,0.0,0.0,0.0,0.7238,0.7238,0.0,0.0,0.0,0.5
AREA-03-00,3,0,0,0,0,0.0,0.0,0.0,0.0,0.0,0.0,0.0,0.7238,0.7238,0.0,0.0,0.0,0.5
AREA-03-01,3,1,0,0,0,0.0,0.0,0.0,0.0,0.0,0.0,0.0,0.7238,0.7238,0.0,0.0,0.0,0.5
AREA-03-02,3,2,0,0,0,0.0,0.0,0.0,0.0,0.0,0.0,0.0,0.7238,0.7238,0.0,0.0,0.0,0.5
AREA-03-03,3,3,0,0,0,0.0,0.0,0.0,0.0,0.0,0.0,0.0,0.7238,0.7238,0.0,0.0,0.0,0.5
AREA-03-04,3,4,0,0,0,0.0,0.0,0.0,0.0,0.0,0.0,0.0,0.7238,0.7238,0.0,0.0,0.0,0.5
AREA-03-05,3,5,0,0,0,0.0,0.0,0.0,0.0,0.0,0.0,0.0,0.7238,0.7238,0.0,0.0,0.0,0.5
AREA-03-06,3,6,0,0,0,0.0896,0.0,0.0,0.0,0.0,0.0,0.0318,0.7238,0.7238,0.0,0.0958,0.448,0.0318
AREA-03-07,3,7,0,0,0,0.0,0.0,0.0,0.0,0.0,0.0,0.0,0.7238,0.7238,0.0,0.0,0.0,0.5
AREA-03-08,3,8,0,0,0,0.6051,0.0,0.0,0.0,0.0,0.0,0.1887,0.7238,0.7238,0.0,0.3605,3.026,0.1887
AREA-03-09,3,9,0,0,0,0.0,0.0,0.0,0.0,0.0,0.0,0.0,0.7238,0.7238,0.0,0.0,0.0,0.5
AREA-03-10,3,10,0,0,0,0.0,0.0,0.0,0.0,0.0,0.0,0.0,0.7238,0.7238,0.0,0.0,0.0,0.5
AREA-03-11,3,11,0,0,0,0.0,0.0,0.0,0.0,0.0,0.0,0.0,0.7238,0.7238,0.0,0.0,0.0,0.5
AREA-03-12,3,12,0,0,0,0.0,0.0,0.0,0.0,0.0,0.0,0.0,0.7238,0.7238,0.0,0.0,0.0,0.5
AREA-03-13,3,13,0,0,0,0.0,0.0,0.1229,0.0,0.0,0.0,0.0,0.6446,0.6446,0.0,0.124,0.614,0.5
AREA-03-14,3,14,0,0,0,0.0,0.0,0.0,0.0,0.0,0.0,0.0,0.7238,0.7238,0.0,0.0,0.0,0.5
AREA-03-15,3,15,0,0,0,0.0,0.0,0.0,0.0,0.0,0.0,0.0,0.7238,0.7238,0.0,0.0,0.0,0.5
AREA-03-16,3,16,0,0,0,0.0,0.0,0.0,0.0,0.0,0.0,0.0,0.7238,0.7238,0.0,0.0,0.0,0.5
AREA-03-17,3,17,0,0,0,0.0,0.0,0.0,0.0,0.0,0.0,0.0,0.7238,0.7238,0.0,0.0,0.0,0.5
AREA-03-18,3,18,0,0,0,0.0,0.1482,2.1029,0.0,0.0,0.0,0.0,0.281,0.281,0.0,0.6326,10.514,0.5
AREA-03-19,3,19,0,0,0,0.0,0.0,1.2794,0.0,0.0,0.0,0.0,0.3176,0.3176,0.0,0.518,6.397,0.5
AREA-03-20,3,20,0,0,0,0.0,1.521,1.521,0.0,0.0,0.0,0.0,0.8905,0.8905,0.0,0.5572,7.605,0.5
AREA-03-21,3,21,0,0,0,0.0,0.0,0.0,0.0,0.0,0.0,0.0,0.7238,0.7238,0.0,0.0,0.0,0.5
AREA-03-22,3,22,0,0,0,0.0,0.0,0.0,0.0,0.0,0.0,0.0,0.7238,0.7238,0.0,0.0,0.0,0.5
AREA-03-23,3,23,0,0,0,0.0,0.0,0.0,0.0,0.0,0.0,0.0,0.7238,0.7238,0.0,0.0,0.0,0.5
AREA-03-24,3,24,0,0,0,0.0,0.0,0.0,0.0,0.0,0.0,0.0,0.7238,0.7238,0.0,0.0,0.0,0.5
AREA-03-25,3,25,0,0,0,0.0,0.0,0.0,0.0,0.0,0.0,0.0,0.7238,0.7238,0.0,0.0,0.0,0.5
AREA-03-26,3,26,0,0,0,0.0,0.0,0.0,0.0,0.0,0.0,0.0,0.7238,0.7238,0.0,0.0,0.0,0.5
AREA-03-27,3,27,0,0,0,0.0,0.0,0.0,0.0,0.0,0.0,0.0,0.7238,0.7238,0.0,0.0,0.0,0.5
AREA-03-28,3,28,0,0,0,0.0,0.0,0.0,0.0,0.0,0.0,0.0,0.7238,0.7238,0.0,0.0,0.0,0.5
AREA-03-29,3,29,0,0,0,0.0,0.0,0.0,0.0,0.0,0.0,0.0,0.7238,0.7238,0.0,0.0,0.0,0.5
AREA-03-30,3,30,0,0,0,0.0,0.0,0.0,0.0,0.0,0.0,0.0,0.7238,0.7238,0.0,0.0,0.0,0.5
AREA-03-31,3,31,0,0,1,0.0,0.0,0.0,0.0,0.0,0.1294,0.0,0.7238,0.7238,0.1294,0.1794,1.0,0.5
AREA-03-32,3,32,0,0,0,0.0,0.0,0.0,0.0,0.0,0.0,0.0,0.7238,0.7238,0.0,0.0,0.0,0.5
AREA-03-33,3,33,0,0,0,0.0,0.0,0.0,0.0,0.0,0.0,0.0,0.7238,0.7238,0.0,0.0,0.0,0.5
AREA-03-34,3,34,0,0,2,0.0,0.0,0.0,0.0,0.0,0.2175,0.0,0.7238,0.7238,0.2175,0.2844,2.0,0.5
AREA-03-35,3,35,0,0,1,0.0,0.0,0.0,0.0,0.0,0.1294,0.0,0.7238,0.7238,0.1294,0.1794,1.0,0.5
AREA-03-36,3,36,0,0,3,0.0,0.0,0.0,0.0,0.0,0.2843,0.0,0.7238,0.7238,0.2843,0.3589,3.0,0.5
AREA-03-37,3,37,0,0,3,0.0,0.0,0.0,0.0,0.0,0.2843,0.0,0.7238,0.7238,0.2843,0.3589,3.0,0.5
AREA-03-38,3,38,0,0,2,0.0,0.0,0.0,0.0,0.0,0.2175,0.0,0.7238,0.7238,0.2175,0.2844,2.0,0.5
AREA-03-39,3,39,0,0,0,0.0,0.0,0.0,0.0,0.0,0.0,0.0,0.7238,0.7238,0.0,0.0,0.0,0.5
AREA-04-00,4,0,0,0,0,0.0,0.0,0.0,0.0,0.0,0.0,0.0,0.7238,0.7238,0.0,0.0,0.0,0.5
AREA-04-01,4,1,0,0,0,0.0349,0.0,0.0,0.0,0.0,0.0,0.0126,0.7238,0.7238,0.0,0.0416,0.174,0.0126
AREA-04-02,4,2,0,0,0,0.6811,0.0,0.0,0.0,0.0,0.0,0.2088,0.7238,0.7238,0.0,0.3839,3.406,0.2088
AREA-04-03,4,3,0,0,0,1.2632,0.0,0.0,0.0,0.0,0.0,0.3442,0.7238,0.7238,0.0,0.5152,6.316,0.3442
AREA-04-04,4,4,0,0,0,0.0,0.0,0.0,0.0,0.0,0.0,0.0,0.7238,0.7238,0.0,0.0,0.0,0.5
AREA-04-05,4,5,0,0,0,0.0,0.0,0.0,0.0,0.0,0.0,0.0,0.7238,0.7238,0.0,0.0,0.0,0.5
AREA-04-06,4,6,0,0,0,0.0,0.0,0.0,0.0,0.0,0.0,0.0,0.7238,0.7238,0.0,0.0,0.0,0.5
AREA-04-07,4,7,0,0,0,0.0,0.0,0.0,0.0,0.0,0.0,0.0,0.7238,0.7238,0.0,0.0,0.0,0.5
AREA-04-08,4,8,0,0,0,0.5784,0.0,0.0,0.0,0.0,0.0,0.1815,0.7238,0.7238,0.0,0.3518,2.892,0.1815
AREA-04-09,4,9,0,0,0,0.0,0.0,0.0,0.0,0.0,0.0,0.0,0.7238,0.7238,0.0,0.0,0.0,0.5
AREA-04-10,4,10,0,0,0,0.0,0.0,0.0,0.0,0.0,0.0,0.0,0.7238,0.7238,0.0,0.0,0.0,0.5
AREA-04-11,4,11,0,0,0,0.0,0.0,0.0,0.0,0.0,0.0,0.0,0.7238,0.7238,0.0,0.0,0.0,0.5
AREA-04-12,4,12,0,0,0,0.0,0.0,0.0,0.0,0.0,0.0,0.0,0.7238,0.7238,0.0,0.0,0.0,0.5
AREA-04-13,4,13,0,0,0,0.0,0.0,0.0,0.0,0.0,0.0,0.0,0.7238,0.7238,0.0,0.0,0.0,0.5
AREA-04-14,4,14,0,0,0,0.0,0.0,0.0,0.0,0.0,0.0,0.0,0.7238,0.7238,0.0,0.0,0.0,0.5
AREA-04-15,4,15,0,0,0,0.0,0.0,0.0,0.0,0.0,0.0,0.0,0.7238,0.7238,0.0,0.0,0.0,0.5
AREA-04-16,4,16,0,0,0,0.0,0.0,0.0,0.0,0.0,0.0,0.0,0.7238,0.7238,0.0,0.0,0.0,0.5
AREA-04-17,4,17,0,0,0,0.0,0.2384,0.388,0.0,0.0,0.0,0.0,0.6933,0.6933,0.0,0.2792,1.94,0.5
AREA-04-18,4,18,1,0,0,0.0,0.3255,0.6752,0.1439,0.0,0.0,0.0,0.6264,0.5926,0.0,0.4354,4.376,0.1439
AREA-04-19,4,19,42,0,0,0.0,0.9052,1.8926,1.0,0.0,0.0,0.0,0.5632,0.7161,0.0,1.0,51.463,1.0
AREA-04-20,4,20,0,0,0,0.0,0.0,0.0,0.0,0.0,0.0,0.0,0.7238,0.7238,0.0,0.0,0.0,0.5
AREA-04-21,4,21,0,0,0,0.0,0.0,0.0,0.0,0.0,0.0,0.0,0.7238,0.7238,0.0,0.0,0.0,0.5
AREA-04-22,4,22,0,0,0,0.0,0.0,0.0,0.0,0.0,0.0,0.0,0.7238,0.7238,0.0,0.0,0.0,0.5
AREA-04-23,4,23,0,0,0,0.0,0.0,0.0,0.0,0.0,0.0,0.0,0.7238,0.7238,0.0,0.0,0.0,0.5
AREA-04-24,4,24,0,0,0,0.0,0.0,0.0,0.0,0.0,0.0,0.0,0.7238,0.7238,0.0,0.0,0.0,0.5
AREA-04-25,4,25,0,0,0,0.0,0.0,0.0,0.0,0.0,0.0,0.0,0.7238,0.7238,0.0,0.0,0.0,0.5
AREA-04-26,4,26,0,0,0,0.0,0.0,0.0,0.0,0.0,0.0,0.0,0.7238,0.7238,0.0,0.0,0.0,0.5
AREA-04-27,4,27,0,0,0,0.0,0.0,0.0,0.0,0.0,0.0,0.0,0.7238,0.7238,0.0,0.0,0.0,0.5
AREA-04-28,4,28,0,0,0,0.0,0.0,0.0,0.0,0.0,0.0,0.0,0.7238,0.7238,0.0,0.0,0.0,0.5
AREA-04-29,4,29,0,0,0,0.0,0.0,0.0,0.0,0.0,0.0,0.0,0.7238,0.7238,0.0,0.0,0.0,0.5
AREA-04-30,4,30,0,0,0,0.0,0.0,0.0,0.0,0.0,0.0,0.0,0.7238,0.7238,0.0,0.0,0.0,0.5
AREA-04-31,4,31,0,0,0,0.0,0.0,0.0,0.0,0.0,0.0,0.0,0.7238,0.7238,0.0,0.0,0.0,0.5
AREA-04-32,4,32,0,0,0,0.0,0.0,0.0,0.0,0.0,0.0,0.0,0.7238,0.7238,0.0,0.0,0.0,0.5
AREA-04-33,4,33,0,0,1,0.0,0.0,0.0,0.0,0.0,0.1294,0.0,0.7238,0.7238,0.1294,0.1794,1.0,0.5
AREA-04-34,4,34,1,0,9,0.0,0.0,0.0,0.1439,0.0,0.5141,0.0,0.7238,0.6832,0.5141,0.6208,10.0,0.1439
AREA-04-35,4,35,0,0,1,0.0,0.0,0.0,0.0,0.0,0.1294,0.0,0.7238,0.7238,0.1294,0.1794,1.0,0.5
AREA-04-36,4,36,0,0,0,0.0,0.0,0.0,0.0,0.0,0.0,0.0,0.7238,0.7238,0.0,0.0,0.0,0.5
AREA-04-37,4,37,0,0,3,0.0,0.0,0.0,0.0,0.0,0.2843,0.0,0.7238,0.7238,0.2843,0.3589,3.0,0.5
AREA-04-38,4,38,0,0,0,0.0,0.0,0.0,0.0,0.0,0.0,0.0,0.7238,0.7238,0.0,0.0,0.0,0.5
AREA-04-39,4,39,0,0,0,0.0,0.0,0.0,0.0,0.0,0.0,0.0,0.7238,0.7238,0.0,0.0,0.0,0.5
AREA-05-00,5,0,0,0,0,0.0,0.0,0.0,0.0,0.0,0.0,0.0,0.7238,0.7238,0.0,0.0,0.0,0.5
AREA-05-01,5,1,0,0,0,0.0,0.0,0.0,0.0,0.0,0.0,0.0,0.7238,0.7238,0.0,0.0,0.0,0.5
AREA-05-02,5,2,0,0,0,0.1641,0.0,0.0,0.0,0.0,0.0,0.0571,0.7238,0.7238,0.0,0.1551,0.82,0.0571
AREA-05-03,5,3,0,0,0,1.8514,0.0,0.0,0.0,0.0,0.0,0.4563,0.7238,0.7238,0.0,0.6027,9.257,0.4563
AREA-05-04,5,4,0,0,0,0.0,0.0,0.0,0.0,0.0,0.0,0.0,0.7238,0.7238,0.0,0.0,0.0,0.5
AREA-05-05,5,5,0,0,0,0.0,0.0,0.0,0.0,0.0,0.0,0.0,0.7238,0.7238,0.0,0.0,0.0,0.5
AREA-05-06,5,6,0,0,0,0.0,0.0,0.0,0.0,0.0,0.0,0.0,0.7238,0.7238,0.0,0.0,0.0,0.5
AREA-05-07,5,7,0,0,0,0.0,0.0,0.0,0.0,0.0,0.0,0.0,0.7238,0.7238,0.0,0.0,0.0,0.5
AREA-05-08,5,8,0,0,0,0.0,0.0,0.0,0.0,0.0,0.0,0.0,0.7238,0.7238,0.0,0.0,0.0,0.5
AREA-05-09,5,9,0,0,0,0.0,0.0,0.0,0.0,0.0,0.0,0.0,0.7238,0.7238,0.0,0.0,0.0,0.5
AREA-05-10,5,10,0,0,0,0.0,0.0,0.0,0.0,0.0,0.0,0.0,0.7238,0.7238,0.0,0.0,0.0,0.5
AREA-05-11,5,11,0,0,0,0.0,0.0,0.0,0.0,0.0,0.0,0.0,0.7238,0.7238,0.0,0.0,0.0,0.5
AREA-05-12,5,12,0,0,0,0.0,0.0,0.0,0.0,0.0,0.0,0.0,0.7238,0.7238,0.0,0.0,0.0,0.5
AREA-05-13,5,13,0,0,0,0.0,0.0,0.0,0.0,0.0,0.0,0.0,0.7238,0.7238,0.0,0.0,0.0,0.5
AREA-05-14,5,14,0,0,0,0.0,0.0,0.0,0.0,0.0,0.0,0.0,0.7238,0.7238,0.0,0.0,0.0,0.5
AREA-05-15,5,15,0,0,0,0.0,0.0,0.0,0.0,0.0,0.0,0.0,0.7238,0.7238,0.0,0.0,0.0,0.5
AREA-05-16,5,16,0,0,0,0.0,0.0,0.0,0.0,0.0,0.0,0.0,0.7238,0.7238,0.0,0.0,0.0,0.5
AREA-05-17,5,17,0,0,0,0.0,0.0,0.0,0.0,0.0,0.0,0.0,0.7238,0.7238,0.0,0.0,0.0,0.5
AREA-05-18,5,18,0,0,0,0.0,0.0,0.0,0.0,0.0,0.0,0.0,0.7238,0.7238,0.0,0.0,0.0,0.5
AREA-05-19,5,19,14,0,0,0.0,2.1282,2.1801,0.6909,0.0,0.0,0.0,0.8968,0.8248,0.0,0.8425,24.9,0.6909
AREA-05-20,5,20,0,0,0,0.0,0.0,0.0,0.0,0.0,0.0,0.0,0.7238,0.7238,0.0,0.0,0.0,0.5
AREA-05-21,5,21,0,0,0,0.0,0.0,0.0,0.0,0.0,0.0,0.0,0.7238,0.7238,0.0,0.0,0.0,0.5
AREA-05-22,5,22,0,0,0,0.0,0.0,0.0,0.0,0.0,0.0,0.0,0.7238,0.7238,0.0,0.0,0.0,0.5
AREA-05-23,5,23,0,0,0,0.0,0.0,0.0,0.0,0.0,0.0,0.0,0.7238,0.7238,0.0,0.0,0.0,0.5
AREA-05-24,5,24,0,0,0,0.0,0.0,0.0,0.0,0.0,0.0,0.0,0.7238,0.7238,0.0,0.0,0.0,0.5
AREA-05-25,5,25,0,0,0,0.0,0.0,0.0,0.0,0.0,0.0,0.0,0.7238,0.7238,0.0,0.0,0.0,0.5
AREA-05-26,5,26,0,0,0,0.0,0.0,0.0,0.0,0.0,0.0,0.0,0.7238,0.7238,0.0,0.0,0.0,0.5
AREA-05-27,5,27,0,0,0,0.0,0.0,0.0,0.0,0.0,0.0,0.0,0.7238,0.7238,0.0,0.0,0.0,0.5
AREA-05-28,5,28,0,0,0,0.0,0.0,0.0,0.0,0.0,0.0,0.0,0.7238,0.7238,0.0,0.0,0.0,0.5
AREA-05-29,5,29,0,0,0,0.0,0.0,0.0,0.0,0.0,0.0,0.0,0.7238,0.7238,0.0,0.0,0.0,0.5
AREA-05-30,5,30,0,0,0,0.0,0.0,0.0,0.0,0.0,0.0,0.0,0.7238,0.7238,0.0,0.0,0.0,0.5
AREA-05-31,5,31,0,0,0,0.0,0.0,0.0,0.0,0.0,0.0,0.0,0.7238,0.7238,0.0,0.0,0.0,0.5
AREA-05-32,5,32,0,0,0,0.0,0.0,0.0,0.0,0.0,0.0,0.0,0.7238,0.7238,0.0,0.0,0.0,0.5
AREA-05-33,5,33,0,0,0,0.0,0.0,0.0,0.0,0.0,0.0,0.0,0.7238,0.7238,0.0,0.0,0.0,0.5
AREA-05-34,5,34,0,0,0,0.0,0.0,0.0,0.0,0.0,0.0,0.0,0.7238,0.7238,0.0,0.0,0.0,0.5
AREA-05-35,5,35,0,0,1,0.0,0.0,0.0,0.0,0.0,0.1294,0.0,0.7238,0.7238,0.1294,0.1794,1.0,0.5
AREA-05-36,5,36,0,0,20,0.0,0.0,0.0,0.0,0.0,0.7115,0.0,0.7238,0.7238,0.7115,0.7882,20.0,0.5
AREA-05-37,5,37,0,0,0,0.0,0.0,0.0,0.0,0.0,0.0,0.0,0.7238,0.7238,0.0,0.0,0.0,0.5
AREA-05-38,5,38,0,0,0,0.0,0.0,0.0,0.0,0.0,0.0,0.0,0.7238,0.7238,0.0,0.0,0.0,0.5
AREA-05-39,5,39,0,0,0,0.0,0.0,0.0,0.0,0.0,0.0,0.0,0.7238,0.7238,0.0,0.0,0.0,0.5
AREA-06-00,6,0,0,0,0,0.0,0.0,0.0,0.0,0.0,0.0,0.0,0.7238,0.7238,0.0,0.0,0.0,0.5
AREA-06-01,6,1,0,0,0,0.0,0.0,0.0,0.0,0.0,0.0,0.0,0.7238,0.7238,0.0,0.0,0.0,0.5
AREA-06-02,6,2,0,0,0,0.0,0.0,0.0,0.0,0.0,0.0,0.0,0.7238,0.7238,0.0,0.0,0.0,0.5
AREA-06-03,6,3,0,0,0,0.0,0.0,0.0,0.0,0.0,0.0,0.0,0.7238,0.7238,0.0,0.0,0.0,0.5
AREA-06-04,6,4,0,0,0,0.0,0.0,0.0,0.0,0.0,0.0,0.0,0.7238,0.7238,0.0,0.0,0.0,0.5
AREA-06-05,6,5,0,0,0,0.0,0.0,0.0,0.0,0.0,0.0,0.0,0.7238,0.7238,0.0,0.0,0.0,0.5
AREA-06-06,6,6,0,0,0,0.0,0.0,0.0,0.0,0.0,0.0,0.0,0.7238,0.7238,0.0,0.0,0.0,0.5
AREA-06-07,6,7,0,0,0,0.0,0.0,0.0,0.0,0.0,0.0,0.0,0.7238,0.7238,0.0,0.0,0.0,0.5
AREA-06-08,6,8,0,0,0,0.0,0.0,0.0,0.0,0.0,0.0,0.0,0.7238,0.7238,0.0,0.0,0.0,0.5
AREA-06-09,6,9,0,0,0,0.0,0.0,0.0,0.0,0.0,0.0,0.0,0.7238,0.7238,0.0,0.0,0.0,0.5
AREA-06-10,6,10,0,0,0,0.0,0.0,0.0,0.0,0.0,0.0,0.0,0.7238,0.7238,0.0,0.0,0.0,0.5
AREA-06-11,6,11,0,0,0,0.0,0.0,0.0,0.0,0.0,0.0,0.0,0.7238,0.7238,0.0,0.0,0.0,0.5
AREA-06-12,6,12,0,0,0,0.0,0.0,0.0,0.0,0.0,0.0,0.0,0.7238,0.7238,0.0,0.0,0.0,0.5
AREA-06-13,6,13,0,0,0,0.0,0.0,0.0,0.0,0.0,0.0,0.0,0.7238,0.7238,0.0,0.0,0.0,0.5
AREA-06-14,6,14,0,0,0,0.0,0.0,0.0,0.0,0.0,0.0,0.0,0.7238,0.7238,0.0,0.0,0.0,0.5
AREA-06-15,6,15,0,0,0,0.0,0.0,0.0,0.0,0.0,0.0,0.0,0.7238,0.7238,0.0,0.0,0.0,0.5
AREA-06-16,6,16,0,0,0,0.0,0.0,0.0,0.0,0.0,0.0,0.0,0.7238,0.7238,0.0,0.0,0.0,0.5
AREA-06-17,6,17,0,0,0,0.0,1.7533,1.8392,0.0,0.0,0.0,0.0,0.8725,0.8725,0.0,0.6011,9.196,0.5
AREA-06-18,6,18,0,0,0,0.0,0.2865,0.2865,0.0,0.0,0.0,0.0,0.7853,0.7853,0.0,0.2301,1.432,0.5
AREA-06-19,6,19,2,0,0,0.0,0.2562,0.2562,0.2419,0.0,0.0,0.0,0.7802,0.7048,0.0,0.3765,3.281,0.2419
AREA-06-20,6,20,0,0,0,0.0,0.0,0.0727,0.0,0.0,0.0,0.0,0.6748,0.6748,0.0,0.0803,0.364,0.5
AREA-06-21,6,21,0,0,0,0.0,0.0,1.5731,0.0,0.0,0.0,0.0,0.2813,0.2813,0.0,0.5649,7.866,0.5
AREA-06-22,6,22,0,0,0,0.0,0.0,0.0,0.0,0.0,0.0,0.0,0.7238,0.7238,0.0,0.0,0.0,0.5
AREA-06-23,6,23,0,0,0,0.0,0.0,0.0,0.0,0.0,0.0,0.0,0.7238,0.7238,0.0,0.0,0.0,0.5
AREA-06-24,6,24,0,0,0,0.0,0.0,0.0,0.0,0.0,0.0,0.0,0.7238,0.7238,0.0,0.0,0.0,0.5
AREA-06-25,6,25,0,0,0,0.0,0.0,0.0,0.0,0.0,0.0,0.0,0.7238,0.7238,0.0,0.0,0.0,0.5
AREA-06-26,6,26,0,0,0,0.0,0.0,0.0,0.0,0.0,0.0,0.0,0.7238,0.7238,0.0,0.0,0.0,0.5
AREA-06-27,6,27,0,0,0,0.0,0.0,0.0,0.0,0.0,0.0,0.0,0.7238,0.7238,0.0,0.0,0.0,0.5
AREA-06-28,6,28,0,0,0,0.0,0.0,0.0,0.0,0.0,0.0,0.0,0.7238,0.7238,0.0,0.0,0.0,0.5
AREA-06-29,6,29,0,0,0,0.0,0.0,0.0,0.0,0.0,0.0,0.0,0.7238,0.7238,0.0,0.0,0.0,0.5
AREA-06-30,6,30,0,0,0,0.0,0.0,0.0,0.0,0.0,0.0,0.0,0.7238,0.7238,0.0,0.0,0.0,0.5
AREA-06-31,6,31,0,0,0,0.0,0.0,0.0,0.0,0.0,0.0,0.0,0.7238,0.7238,0.0,0.0,0.0,0.5
AREA-06-32,6,32,0,0,0,0.0,0.0,0.0,0.0,0.0,0.0,0.0,0.7238,0.7238,0.0,0.0,0.0,0.5
AREA-06-33,6,33,0,0,0,0.0,0.0,0.0,0.0,0.0,0.0,0.0,0.7238,0.7238,0.0,0.0,0.0,0.5
AREA-06-34,6,34,0,0,3,0.0,0.0,0.0,0.0,0.0,0.2843,0.0,0.7238,0.7238,0.2843,0.3589,3.0,0.5
AREA-06-35,6,35,0,0,4,0.0,0.0,0.0,0.0,0.0,0.3382,0.0,0.7238,0.7238,0.3382,0.4166,4.0,0.5
AREA-06-36,6,36,0,0,1,0.0,0.0,0.0,0.0,0.0,0.1294,0.0,0.7238,0.7238,0.1294,0.1794,1.0,0.5
AREA-06-37,6,37,0,0,0,0.0,0.0,0.0,0.0,0.0,0.0,0.0,0.7238,0.7238,0.0,0.0,0.0,0.5
AREA-06-38,6,38,0,0,1,0.0,0.0,0.0,0.0,0.0,0.1294,0.0,0.7238,0.7238,0.1294,0.1794,1.0,0.5
AREA-06-39,6,39,0,0,1,0.0,0.0,0.0,0.0,0.0,0.1294,0.0,0.7238,0.7238,0.1294,0.1794,1.0,0.5
AREA-07-00,7,0,0,0,0,0.0,0.0,0.0,0.0,0.0,0.0,0.0,0.7238,0.7238,0.0,0.0,0.0,0.5
AREA-07-01,7,1,0,0,0,0.0,0.0,0.0,0.0,0.0,0.0,0.0,0.7238,0.7238,0.0,0.0,0.0,0.5
AREA-07-02,7,2,0,0,0,0.0,0.0,0.0,0.0,0.0,0.0,0.0,0.7238,0.7238,0.0,0.0,0.0,0.5
AREA-07-03,7,3,0,0,0,0.0,0.0,0.0,0.0,0.0,0.0,0.0,0.7238,0.7238,0.0,0.0,0.0,0.5
AREA-07-04,7,4,0,0,0,0.0,0.0,0.0,0.0,0.0,0.0,0.0,0.7238,0.7238,0.0,0.0,0.0,0.5
AREA-07-05,7,5,0,0,0,0.0,0.0,0.0,0.0,0.0,0.0,0.0,0.7238,0.7238,0.0,0.0,0.0,0.5
AREA-07-06,7,6,0,0,0,0.0,0.0,0.0,0.0,0.0,0.0,0.0,0.7238,0.7238,0.0,0.0,0.0,0.5
AREA-07-07,7,7,0,0,0,0.0,0.0,0.0,0.0,0.0,0.0,0.0,0.7238,0.7238,0.0,0.0,0.0,0.5
AREA-07-08,7,8,0,0,0,0.0,0.0,0.0,0.0,0.0,0.0,0.0,0.7238,0.7238,0.0,0.0,0.0,0.5
AREA-07-09,7,9,0,0,0,0.0,0.0,0.0,0.0,0.0,0.0,0.0,0.7238,0.7238,0.0,0.0,0.0,0.5
AREA-07-10,7,10,0,0,0,0.0,0.0,0.0,0.0,0.0,0.0,0.0,0.7238,0.7238,0.0,0.0,0.0,0.5
AREA-07-11,7,11,0,0,0,0.0,0.0,0.0,0.0,0.0,0.0,0.0,0.7238,0.7238,0.0,0.0,0.0,0.5
AREA-07-12,7,12,0,0,0,0.0,0.0,0.0,0.0,0.0,0.0,0.0,0.7238,0.7238,0.0,0.0,0.0,0.5
AREA-07-13,7,13,0,0,0,0.0,0.0,0.0,0.0,0.0,0.0,0.0,0.7238,0.7238,0.0,0.0,0.0,0.5
AREA-07-14,7,14,0,0,0,0.0,0.0,0.0,0.0,0.0,0.0,0.0,0.7238,0.7238,0.0,0.0,0.0,0.5
AREA-07-15,7,15,0,0,0,0.0,0.0,0.0,0.0,0.0,0.0,0.0,0.7238,0.7238,0.0,0.0,0.0,0.5
AREA-07-16,7,16,0,0,0,0.0,0.0,0.0,0.0,0.0,0.0,0.0,0.7238,0.7238,0.0,0.0,0.0,0.5
AREA-07-17,7,17,0,0,0,0.0,0.0,0.0,0.0,0.0,0.0,0.0,0.7238,0.7238,0.0,0.0,0.0,0.5
AREA-07-18,7,18,0,0,0,0.0,0.0,0.0,0.0,0.0,0.0,0.0,0.7238,0.7238,0.0,0.0,0.0,0.5
AREA-07-19,7,19,0,0,0,0.0,0.2582,0.2582,0.0,0.0,0.0,0.0,0.7805,0.7805,0.0,0.2146,1.291,0.5
AREA-07-20,7,20,0,0,0,0.0,0.0,0.0,0.0,0.0,0.0,0.0,0.7238,0.7238,0.0,0.0,0.0,0.5
AREA-07-21,7,21,0,0,0,0.0,0.0,1.5602,0.0,0.0,0.0,0.0,0.2827,0.2827,0.0,0.563,7.801,0.5
AREA-07-22,7,22,0,0,0,0.0,0.0,0.0,0.0,0.0,0.0,0.0,0.7238,0.7238,0.0,0.0,0.0,0.5
AREA-07-23,7,23,0,0,0,0.0,0.0,0.0,0.0,0.0,0.0,0.0,0.7238,0.7238,0.0,0.0,0.0,0.5
AREA-07-24,7,24,0,0,0,0.0,0.0,0.0,0.0,0.0,0.0,0.0,0.7238,0.7238,0.0,0.0,0.0,0.5
AREA-07-25,7,25,0,0,0,0.0,0.0,0.0,0.0,0.0,0.0,0.0,0.7238,0.7238,0.0,0.0,0.0,0.5
AREA-07-26,7,26,0,0,0,0.0,0.0,0.0,0.0,0.0,0.0,0.0,0.7238,0.7238,0.0,0.0,0.0,0.5
AREA-07-27,7,27,1,0,0,0.0,0.0,0.0448,0.1439,0.0,0.0,0.0,0.6928,0.6544,0.0,0.2069,1.224,0.1439
AREA-07-28,7,28,0,0,0,0.0,0.0,0.0,0.0,0.0,0.0,0.0,0.7238,0.7238,0.0,0.0,0.0,0.5
AREA-07-29,7,29,0,0,0,0.0,0.0,0.0,0.0,0.0,0.0,0.0,0.7238,0.7238,0.0,0.0,0.0,0.5
AREA-07-30,7,30,0,0,5,0.0,0.0,0.0,0.0,0.0,0.3834,0.0,0.7238,0.7238,0.3834,0.4638,5.0,0.5
AREA-07-31,7,31,0,0,15,0.0,0.0,0.0,0.0,0.0,0.6384,0.0,0.7238,0.7238,0.6384,0.7178,15.0,0.5
AREA-07-32,7,32,0,0,0,0.0,0.0,0.0,0.0,0.0,0.0,0.0,0.7238,0.7238,0.0,0.0,0.0,0.5
AREA-07-33,7,33,0,0,1,0.0,0.0,0.0,0.0,0.0,0.1294,0.0,0.7238,0.7238,0.1294,0.1794,1.0,0.5
AREA-07-34,7,34,0,0,10,0.0,0.0,0.0,0.0,0.0,0.539,0.0,0.7238,0.7238,0.539,0.6208,10.0,0.5
AREA-07-35,7,35,0,0,13,0.0,0.0,0.0,0.0,0.0,0.6028,0.0,0.7238,0.7238,0.6028,0.6832,13.0,0.5
AREA-07-36,7,36,0,0,7,0.0,0.0,0.0,0.0,0.0,0.4563,0.0,0.7238,0.7238,0.4563,0.5383,7.0,0.5
AREA-07-37,7,37,0,0,15,0.0,0.0,0.0,0.0,0.0,0.6384,0.0,0.7238,0.7238,0.6384,0.7178,15.0,0.5
AREA-07-38,7,38,0,0,11,0.0,0.0,0.0,0.0,0.0,0.5619,0.0,0.7238,0.7238,0.5619,0.6433,11.0,0.5
AREA-07-39,7,39,0,0,0,0.0,0.0,0.0,0.0,0.0,0.0,0.0,0.7238,0.7238,0.0,0.0,0.0,0.5
AREA-08-00,8,0,0,0,0,0.0,0.0,0.0,0.0,0.0,0.0,0.0,0.7238,0.7238,0.0,0.0,0.0,0.5
AREA-08-01,8,1,0,0,0,0.0,0.0,0.0,0.0,0.0,0.0,0.0,0.7238,0.7238,0.0,0.0,0.0,0.5
AREA-08-02,8,2,0,0,0,0.0,0.0,0.0,0.0,0.0,0.0,0.0,0.7238,0.7238,0.0,0.0,0.0,0.5
AREA-08-03,8,3,0,0,0,0.0,0.0,0.0,0.0,0.0,0.0,0.0,0.7238,0.7238,0.0,0.0,0.0,0.5
AREA-08-04,8,4,0,0,0,0.0,0.0,0.0,0.0,0.0,0.0,0.0,0.7238,0.7238,0.0,0.0,0.0,0.5
AREA-08-05,8,5,0,0,0,0.0,0.0,0.0,0.0,0.0,0.0,0.0,0.7238,0.7238,0.0,0.0,0.0,0.5
AREA-08-06,8,6,0,0,0,0.0,0.0,0.0,0.0,0.0,0.0,0.0,0.7238,0.7238,0.0,0.0,0.0,0.5
AREA-08-07,8,7,0,0,0,0.0,0.0,0.0,0.0,0.0,0.0,0.0,0.7238,0.7238,0.0,0.0,0.0,0.5
AREA-08-08,8,8,0,0,0,0.0,0.0,0.0,0.0,0.0,0.0,0.0,0.7238,0.7238,0.0,0.0,0.0,0.5
AREA-08-09,8,9,0,0,0,0.0,0.0,0.0,0.0,0.0,0.0,0.0,0.7238,0.7238,0.0,0.0,0.0,0.5
AREA-08-10,8,10,0,0,0,0.0,0.0,0.0,0.0,0.0,0.0,0.0,0.7238,0.7238,0.0,0.0,0.0,0.5
AREA-08-11,8,11,0,0,0,0.0,0.0,0.0,0.0,0.0,0.0,0.0,0.7238,0.7238,0.0,0.0,0.0,0.5
AREA-08-12,8,12,0,0,0,0.0,0.0,0.0,0.0,0.0,0.0,0.0,0.7238,0.7238,0.0,0.0,0.0,0.5
AREA-08-13,8,13,0,0,0,0.0,0.0,0.0,0.0,0.0,0.0,0.0,0.7238,0.7238,0.0,0.0,0.0,0.5
AREA-08-14,8,14,0,0,0,0.0,0.0,0.0,0.0,0.0,0.0,0.0,0.7238,0.7238,0.0,0.0,0.0,0.5
AREA-08-15,8,15,0,0,0,0.0,0.0,0.0,0.0,0.0,0.0,0.0,0.7238,0.7238,0.0,0.0,0.0,0.5
AREA-08-16,8,16,0,0,0,0.0,0.0,0.0,0.0,0.0,0.0,0.0,0.7238,0.7238,0.0,0.0,0.0,0.5
AREA-08-17,8,17,0,0,0,0.0,0.0,0.0,0.0,0.0,0.0,0.0,0.7238,0.7238,0.0,0.0,0.0,0.5
AREA-08-18,8,18,0,0,0,0.0,0.0,0.0,0.0,0.0,0.0,0.0,0.7238,0.7238,0.0,0.0,0.0,0.5
AREA-08-19,8,19,0,0,0,0.0,0.9951,0.9951,0.0,0.0,0.0,0.0,0.8616,0.8616,0.0,0.4628,4.976,0.5
AREA-08-20,8,20,0,0,0,0.0,0.0,0.0,0.0,0.0,0.0,0.0,0.7238,0.7238,0.0,0.0,0.0,0.5
AREA-08-21,8,21,0,0,0,0.0,0.0,0.0,0.0,0.0,0.0,0.0,0.7238,0.7238,0.0,0.0,0.0,0.5
AREA-08-22,8,22,0,0,0,0.0,0.0,0.0,0.0,0.0,0.0,0.0,0.7238,0.7238,0.0,0.0,0.0,0.5
AREA-08-23,8,23,0,0,0,0.0,0.0,0.0,0.0,0.0,0.0,0.0,0.7238,0.7238,0.0,0.0,0.0,0.5
AREA-08-24,8,24,0,0,0,0.0,0.0,0.0,0.0,0.0,0.0,0.0,0.7238,0.7238,0.0,0.0,0.0,0.5
AREA-08-25,8,25,0,0,0,0.0,0.0171,0.0171,0.0,0.0,0.0,0.0,0.7285,0.7285,0.0,0.0212,0.086,0.5
AREA-08-26,8,26,0,0,0,0.0,0.4731,2.0449,0.0,0.0,0.0,0.0,0.3931,0.3931,0.0,0.626,10.224,0.5
AREA-08-27,8,27,1,0,0,0.0,0.078,0.078,0.1439,0.0,0.0,0.0,0.7438,0.7018,0.0,0.2256,1.39,0.1439
AREA-08-28,8,28,0,0,0,0.0,0.1249,0.1249,0.0,0.0,0.0,0.0,0.7545,0.7545,0.0,0.1256,0.624,0.5
AREA-08-29,8,29,0,0,0,0.0,0.0,0.0,0.0,0.0,0.0,0.0,0.7238,0.7238,0.0,0.0,0.0,0.5
AREA-08-30,8,30,0,0,6,0.0,0.0,0.0,0.0,0.0,0.4222,0.0,0.7238,0.7238,0.4222,0.5038,6.0,0.5
AREA-08-31,8,31,0,0,5,0.0,0.0,0.0,0.0,0.0,0.3834,0.0,0.7238,0.7238,0.3834,0.4638,5.0,0.5
AREA-08-32,8,32,0,0,4,0.0,0.0,0.0,0.0,0.0,0.3382,0.0,0.7238,0.7238,0.3382,0.4166,4.0,0.5
AREA-08-33,8,33,0,0,9,0.0,0.0,0.0,0.0,0.0,0.5141,0.0,0.7238,0.7238,0.5141,0.5961,9.0,0.5
AREA-08-34,8,34,0,0,17,0.0,0.0,0.0,0.0,0.0,0.67,0.0,0.7238,0.7238,0.67,0.7483,17.0,0.5
AREA-08-35,8,35,0,0,10,0.0,0.0,0.0,0.0,0.0,0.539,0.0,0.7238,0.7238,0.539,0.6208,10.0,0.5
AREA-08-36,8,36,0,0,9,0.0,0.0,0.0,0.0,0.0,0.5141,0.0,0.7238,0.7238,0.5141,0.5961,9.0,0.5
AREA-08-37,8,37,0,0,11,0.0,0.0,0.0,0.0,0.0,0.5619,0.0,0.7238,0.7238,0.5619,0.6433,11.0,0.5
AREA-08-38,8,38,0,0,5,0.0,0.0,0.0,0.0,0.0,0.3834,0.0,0.7238,0.7238,0.3834,0.4638,5.0,0.5
AREA-08-39,8,39,0,0,0,0.0,0.0,0.0,0.0,0.0,0.0,0.0,0.7238,0.7238,0.0,0.0,0.0,0.5
AREA-09-00,9,0,0,0,0,0.0,0.0,0.0,0.0,0.0,0.0,0.0,0.7238,0.7238,0.0,0.0,0.0,0.5
AREA-09-01,9,1,0,0,0,0.0,0.0,0.0,0.0,0.0,0.0,0.0,0.7238,0.7238,0.0,0.0,0.0,0.5
AREA-09-02,9,2,0,0,0,0.0,0.0,0.0,0.0,0.0,0.0,0.0,0.7238,0.7238,0.0,0.0,0.0,0.5
AREA-09-03,9,3,0,0,0,0.0,0.0,0.0,0.0,0.0,0.0,0.0,0.7238,0.7238,0.0,0.0,0.0,0.5
AREA-09-04,9,4,0,0,0,0.0316,0.0,0.0,0.0,0.0,0.0,0.0114,0.7238,0.7238,0.0,0.038,0.158,0.0114
AREA-09-05,9,5,0,0,0,0.0,0.0,0.0,0.0,0.0,0.0,0.0,0.7238,0.7238,0.0,0.0,0.0,0.5
AREA-09-06,9,6,0,0,0,0.0,0.0,0.0,0.0,0.0,0.0,0.0,0.7238,0.7238,0.0,0.0,0.0,0.5
AREA-09-07,9,7,0,0,0,0.0,0.0,0.0,0.0,0.0,0.0,0.0,0.7238,0.7238,0.0,0.0,0.0,0.5
AREA-09-08,9,8,0,0,0,0.0,0.0,0.0,0.0,0.0,0.0,0.0,0.7238,0.7238,0.0,0.0,0.0,0.5
AREA-09-09,9,9,0,0,0,0.0529,0.0,0.0,0.0,0.0,0.0,0.019,0.7238,0.7238,0.0,0.0608,0.264,0.019
AREA-09-10,9,10,0,0,0,0.0,0.0,0.0,0.0,0.0,0.0,0.0,0.7238,0.7238,0.0,0.0,0.0,0.5
AREA-09-11,9,11,0,0,0,0.0,0.0,0.0,0.0,0.0,0.0,0.0,0.7238,0.7238,0.0,0.0,0.0,0.5
AREA-09-12,9,12,0,0,0,0.0,0.0,0.0,0.0,0.0,0.0,0.0,0.7238,0.7238,0.0,0.0,0.0,0.5
AREA-09-13,9,13,0,0,0,0.0,0.0,0.0,0.0,0.0,0.0,0.0,0.7238,0.7238,0.0,0.0,0.0,0.5
AREA-09-14,9,14,0,0,0,0.0,0.0,0.0,0.0,0.0,0.0,0.0,0.7238,0.7238,0.0,0.0,0.0,0.5
AREA-09-15,9,15,0,0,0,0.0,0.0,0.0,0.0,0.0,0.0,0.0,0.7238,0.7238,0.0,0.0,0.0,0.5
AREA-09-16,9,16,0,0,0,0.0,0.0,0.0,0.0,0.0,0.0,0.0,0.7238,0.7238,0.0,0.0,0.0,0.5
AREA-09-17,9,17,0,0,0,0.0,0.0,0.0,0.0,0.0,0.0,0.0,0.7238,0.7238,0.0,0.0,0.0,0.5
AREA-09-18,9,18,0,0,0,0.0,0.0,0.0,0.0,0.0,0.0,0.0,0.7238,0.7238,0.0,0.0,0.0,0.5
AREA-09-19,9,19,0,0,0,0.0,0.0,0.0,0.0,0.0,0.0,0.0,0.7238,0.7238,0.0,0.0,0.0,0.5
AREA-09-20,9,20,0,0,0,0.0,0.0,0.0,0.0,0.0,0.0,0.0,0.7238,0.7238,0.0,0.0,0.0,0.5
AREA-09-21,9,21,0,0,0,0.1855,0.0,0.0,0.0,0.0,0.0,0.0642,0.7238,0.7238,0.0,0.1699,0.928,0.0642
AREA-09-22,9,22,0,0,0,0.846,0.0,0.0,0.0,0.0,0.0,0.2503,0.7238,0.7238,0.0,0.4283,4.23,0.2503
AREA-09-23,9,23,0,0,0,0.2072,0.513,0.513,0.0,0.0,0.0,0.0713,0.8175,0.8175,0.0,0.3951,3.601,0.0713
AREA-09-24,9,24,0,0,0,0.0,0.0465,0.0465,0.0,0.0,0.0,0.0,0.7361,0.7361,0.0,0.0541,0.232,0.5
AREA-09-25,9,25,0,0,0,0.0,0.0,0.0,0.0,0.0,0.0,0.0,0.7238,0.7238,0.0,0.0,0.0,0.5
AREA-09-26,9,26,0,0,1,0.6211,0.9267,0.9267,0.0,0.0,0.1294,0.193,0.8567,0.8567,0.1294,0.5892,8.739,0.193
AREA-09-27,9,27,0,0,0,0.1834,1.7785,1.7785,0.0,0.0,0.0,0.0635,0.9006,0.9006,0.0,0.6162,9.81,0.0635
AREA-09-28,9,28,5,0,0,0.3869,0.0206,0.0206,0.4264,0.0,0.0,0.1271,0.7294,0.6234,0.0,0.5395,7.038,0.2883
AREA-09-29,9,29,1,0,1,0.1613,0.0,0.0,0.1439,0.0,0.1294,0.0562,0.7238,0.6832,0.1294,0.346,2.806,0.1034
AREA-09-30,9,30,0,0,27,0.4456,0.0,0.0,0.0,0.0,0.7895,0.1443,0.7238,0.7238,0.7895,0.8825,29.228,0.1443
AREA-09-31,9,31,0,0,2,1.4273,0.0,0.0,0.0,0.0,0.2175,0.3776,0.7238,0.7238,0.2175,0.5996,9.136,0.3776
AREA-09-32,9,32,0,0,8,0.6976,0.0,0.0,0.0,0.0,0.4867,0.2131,0.7238,0.7238,0.4867,0.6536,11.488,0.2131
AREA-09-33,9,33,0,0,3,0.0,0.0,0.0,0.0,0.0,0.2843,0.0,0.7238,0.7238,0.2843,0.3589,3.0,0.5
AREA-09-34,9,34,0,0,9,0.0,0.0,0.0,0.0,0.0,0.5141,0.0,0.7238,0.7238,0.5141,0.5961,9.0,0.5
AREA-09-35,9,35,1,0,11,0.4782,0.0,0.0,0.1439,0.0,0.5619,0.1536,0.7238,0.6832,0.5619,0.7077,14.391,0.1484
AREA-09-36,9,36,0,0,0,0.0,0.0,0.0,0.0,0.0,0.0,0.0,0.7238,0.7238,0.0,0.0,0.0,0.5
AREA-09-37,9,37,0,0,0,0.0,0.0,0.0,0.0,0.0,0.0,0.0,0.7238,0.7238,0.0,0.0,0.0,0.5
AREA-09-38,9,38,0,0,0,0.0,0.0,0.0,0.0,0.0,0.0,0.0,0.7238,0.7238,0.0,0.0,0.0,0.5
AREA-09-39,9,39,0,0,0,0.0,0.0,0.0,0.0,0.0,0.0,0.0,0.7238,0.7238,0.0,0.0,0.0,0.5
AREA-10-00,10,0,0,0,0,0.0,0.0,0.0,0.0,0.0,0.0,0.0,0.7238,0.7238,0.0,0.0,0.0,0.5
AREA-10-01,10,1,0,0,0,0.0,0.0,0.0,0.0,0.0,0.0,0.0,0.7238,0.7238,0.0,0.0,0.0,0.5
AREA-10-02,10,2,0,0,0,0.0,0.0,0.0,0.0,0.0,0.0,0.0,0.7238,0.7238,0.0,0.0,0.0,0.5
AREA-10-03,10,3,0,0,0,0.0,0.0,0.0,0.0,0.0,0.0,0.0,0.7238,0.7238,0.0,0.0,0.0,0.5
AREA-10-04,10,4,0,0,0,0.0,0.0,0.0,0.0,0.0,0.0,0.0,0.7238,0.7238,0.0,0.0,0.0,0.5
AREA-10-05,10,5,0,0,1,0.0,0.0,0.0,0.0,0.0,0.1294,0.0,0.7238,0.7238,0.1294,0.1794,1.0,0.5
AREA-10-06,10,6,0,0,1,0.0,0.0,0.0,0.0,0.0,0.1294,0.0,0.7238,0.7238,0.1294,0.1794,1.0,0.5
AREA-10-07,10,7,0,0,0,0.0,0.0,0.0,0.0,0.0,0.0,0.0,0.7238,0.7238,0.0,0.0,0.0,0.5
AREA-10-08,10,8,0,0,0,0.0,0.0,0.0,0.0,0.0,0.0,0.0,0.7238,0.7238,0.0,0.0,0.0,0.5
AREA-10-09,10,9,0,0,0,0.0,0.0,0.0,0.0,0.0,0.0,0.0,0.7238,0.7238,0.0,0.0,0.0,0.5
AREA-10-10,10,10,0,0,0,0.0,0.0,0.0,0.0,0.0,0.0,0.0,0.7238,0.7238,0.0,0.0,0.0,0.5
AREA-10-11,10,11,0,0,0,0.0,0.0,0.0,0.0,0.0,0.0,0.0,0.7238,0.7238,0.0,0.0,0.0,0.5
AREA-10-12,10,12,0,0,0,0.0,0.0,0.0,0.0,0.0,0.0,0.0,0.7238,0.7238,0.0,0.0,0.0,0.5
AREA-10-13,10,13,0,0,1,0.0,0.0,0.0,0.0,0.0,0.1294,0.0,0.7238,0.7238,0.1294,0.1794,1.0,0.5
AREA-10-14,10,14,0,0,0,0.0,0.0,0.0,0.0,0.0,0.0,0.0,0.7238,0.7238,0.0,0.0,0.0,0.5
AREA-10-15,10,15,0,0,0,0.0,0.0,0.0,0.0,0.0,0.0,0.0,0.7238,0.7238,0.0,0.0,0.0,0.5
AREA-10-16,10,16,0,0,0,0.0,0.0,0.0,0.0,0.0,0.0,0.0,0.7238,0.7238,0.0,0.0,0.0,0.5
AREA-10-17,10,17,0,0,0,0.0,0.0,0.0,0.0,0.0,0.0,0.0,0.7238,0.7238,0.0,0.0,0.0,0.5
AREA-10-18,10,18,0,0,1,0.0,0.0,0.0,0.0,0.0,0.1294,0.0,0.7238,0.7238,0.1294,0.1794,1.0,0.5
AREA-10-19,10,19,0,0,1,0.0,0.0,0.0,0.0,0.0,0.1294,0.0,0.7238,0.7238,0.1294,0.1794,1.0,0.5
AREA-10-20,10,20,0,0,4,0.4384,0.0,0.0,0.0,0.0,0.3382,0.1422,0.7238,0.7238,0.3382,0.5108,6.192,0.1422
AREA-10-21,10,21,0,0,1,0.5116,0.0,0.0,0.0,0.0,0.1294,0.163,0.7238,0.7238,0.1294,0.3927,3.558,0.163
AREA-10-22,10,22,0,0,1,1.1718,0.0,0.0,0.0,0.0,0.1294,0.3248,0.7238,0.7238,0.1294,0.5337,6.859,0.3248
AREA-10-23,10,23,0,0,19,1.3907,0.0672,0.0672,0.0,0.0,0.6983,0.3703,0.7412,0.7412,0.6983,0.856,26.289,0.3703
AREA-10-24,10,24,0,0,34,0.0,0.0,0.0,0.0,0.0,0.8505,0.0,0.7238,0.7238,0.8505,0.9204,34.0,0.5
AREA-10-25,10,25,0,0,2,1.0355,0.0,0.0,0.0,0.0,0.2175,0.2947,0.7238,0.7238,0.2175,0.544,7.178,0.2947
AREA-10-26,10,26,0,1,11,5.7984,0.0,0.0,0.0,0.1209,0.5619,0.9188,0.7238,0.7238,0.5619,0.9676,40.992,0.4891
AREA-10-27,10,27,0,0,13,0.7706,0.0,0.0,0.0,0.0,0.6028,0.2316,0.7238,0.7238,0.6028,0.7461,16.853,0.2316
AREA-10-28,10,28,0,0,146,3.5788,0.0,0.0,0.0,0.0,1.0,0.7016,0.7238,0.7238,1.0,1.0,163.894,0.7016
AREA-10-29,10,29,0,0,262,11.5647,0.0,0.0,0.0,0.0,1.0,1.0,0.7238,0.7238,1.0,1.0,319.824,1.0
AREA-10-30,10,30,0,0,1,7.1801,0.0,0.0,0.0,0.0,0.1294,1.0,0.7238,0.7238,0.1294,0.941,36.9,1.0
AREA-10-31,10,31,0,0,0,3.0025,0.0,0.0,0.0,0.0,0.0,0.6301,0.7238,0.7238,0.0,0.718,15.012,0.6301
AREA-10-32,10,32,0,0,0,7.9518,0.0,0.0,0.0,0.0,0.0,1.0,0.7238,0.7238,0.0,0.9598,39.759,1.0
AREA-10-33,10,33,0,0,0,9.5552,0.0,0.0,0.0,0.0,0.0,1.0,0.7238,0.7238,0.0,1.0,47.776,1.0
AREA-10-34,10,34,0,0,0,0.6054,0.0,0.0,0.0,0.0,0.0,0.1888,0.7238,0.7238,0.0,0.3606,3.027,0.1888
AREA-10-35,10,35,0,0,0,3.3027,0.0,0.0,0.0,0.0,0.0,0.6684,0.7238,0.7238,0.0,0.7412,16.514,0.6684
AREA-10-36,10,36,0,0,0,2.4779,0.0,0.0,0.0,0.0,0.0,0.5569,0.7238,0.7238,0.0,0.6717,12.39,0.5569
AREA-10-37,10,37,0,0,0,1.3744,0.0,0.0,0.0,0.0,0.0,0.367,0.7238,0.7238,0.0,0.5341,6.872,0.367
AREA-10-38,10,38,0,0,0,0.1983,0.0,0.0,0.0,0.0,0.0,0.0684,0.7238,0.7238,0.0,0.1783,0.992,0.0684
AREA-10-39,10,39,0,0,0,1.3882,0.0,0.0,0.0,0.0,0.0,0.3698,0.7238,0.7238,0.0,0.5364,6.941,0.3698
AREA-11-00,11,0,0,0,0,0.0,0.0,0.0,0.0,0.0,0.0,0.0,0.7238,0.7238,0.0,0.0,0.0,0.5
AREA-11-01,11,1,0,0,0,0.0,0.0,0.0,0.0,0.0,0.0,0.0,0.7238,0.7238,0.0,0.0,0.0,0.5
AREA-11-02,11,2,0,0,0,0.0,0.0,0.0,0.0,0.0,0.0,0.0,0.7238,0.7238,0.0,0.0,0.0,0.5
AREA-11-03,11,3,0,0,1,0.1527,0.0,0.0,0.0,0.0,0.1294,0.0533,0.7238,0.7238,0.1294,0.2631,1.764,0.0533
AREA-11-04,11,4,0,0,0,0.0,0.0,0.0,0.0,0.0,0.0,0.0,0.7238,0.7238,0.0,0.0,0.0,0.5
AREA-11-05,11,5,0,0,0,0.0,0.0,0.0,0.0,0.0,0.0,0.0,0.7238,0.7238,0.0,0.0,0.0,0.5
AREA-11-06,11,6,0,0,0,0.0,0.0,0.0,0.0,0.0,0.0,0.0,0.7238,0.7238,0.0,0.0,0.0,0.5
AREA-11-07,11,7,0,0,0,0.0,0.0,0.0,0.0,0.0,0.0,0.0,0.7238,0.7238,0.0,0.0,0.0,0.5
AREA-11-08,11,8,0,0,0,0.1178,0.0,0.0,0.0,0.0,0.0,0.0415,0.7238,0.7238,0.0,0.1199,0.589,0.0415
AREA-11-09,11,9,0,0,0,0.0,0.0,0.0,0.0,0.0,0.0,0.0,0.7238,0.7238,0.0,0.0,0.0,0.5
AREA-11-10,11,10,0,0,0,0.0,0.0,0.0,0.0,0.0,0.0,0.0,0.7238,0.7238,0.0,0.0,0.0,0.5
AREA-11-11,11,11,0,0,0,0.0,0.0,0.0,0.0,0.0,0.0,0.0,0.7238,0.7238,0.0,0.0,0.0,0.5
AREA-11-12,11,12,0,0,0,0.0,0.0,0.0,0.0,0.0,0.0,0.0,0.7238,0.7238,0.0,0.0,0.0,0.5
AREA-11-13,11,13,0,0,0,0.0,0.0,0.0,0.0,0.0,0.0,0.0,0.7238,0.7238,0.0,0.0,0.0,0.5
AREA-11-14,11,14,0,0,2,0.0,0.0,0.0,0.0,0.0,0.2175,0.0,0.7238,0.7238,0.2175,0.2844,2.0,0.5
AREA-11-15,11,15,0,0,0,0.0,0.0,0.0,0.0,0.0,0.0,0.0,0.7238,0.7238,0.0,0.0,0.0,0.5
AREA-11-16,11,16,0,0,0,0.0,0.0,0.0,0.0,0.0,0.0,0.0,0.7238,0.7238,0.0,0.0,0.0,0.5
AREA-11-17,11,17,0,0,1,0.0,0.0,0.0,0.0,0.0,0.1294,0.0,0.7238,0.7238,0.1294,0.1794,1.0,0.5
AREA-11-18,11,18,0,0,0,0.0,0.0,0.0,0.0,0.0,0.0,0.0,0.7238,0.7238,0.0,0.0,0.0,0.5
AREA-11-19,11,19,0,0,0,0.0,0.0,0.0,0.0,0.0,0.0,0.0,0.7238,0.7238,0.0,0.0,0.0,0.5
AREA-11-20,11,20,0,0,0,0.0,0.0,0.0,0.0,0.0,0.0,0.0,0.7238,0.7238,0.0,0.0,0.0,0.5
AREA-11-21,11,21,0,0,15,1.5072,0.0,0.0,0.0,0.0,0.6384,0.3932,0.7238,0.7238,0.6384,0.8177,22.536,0.3932
AREA-11-22,11,22,0,0,31,4.4903,0.0,0.0,0.0,0.0,0.826,0.8002,0.7238,0.7238,0.826,1.0,53.452,0.8002
AREA-11-23,11,23,0,0,5,0.1604,0.0,0.0,0.0,0.0,0.3834,0.0559,0.7238,0.7238,0.3834,0.4963,5.802,0.0559
AREA-11-24,11,24,0,12,170,2.0032,0.0,0.0,0.0,0.5446,1.0,0.4822,0.7238,0.7238,1.0,1.0,192.016,0.5158
AREA-11-25,11,25,0,0,30,0.7924,0.0,0.0,0.0,0.0,0.8173,0.2371,0.7238,0.7238,0.8173,0.9201,33.962,0.2371
AREA-11-26,11,26,0,0,47,3.7738,0.0,0.0,0.0,0.0,0.9371,0.7241,0.7238,0.7238,0.9371,1.0,65.869,0.7241
AREA-11-27,11,27,0,0,59,5.882,0.0,0.0,0.0,0.0,0.9986,0.9256,0.7238,0.7238,0.9986,1.0,88.41,0.9256
AREA-11-28,11,28,0,0,63,3.0813,0.0,0.0,0.0,0.0,1.0,0.6404,0.7238,0.7238,1.0,1.0,78.406,0.6404
AREA-11-29,11,29,0,1,84,6.2451,0.0,0.0,0.0,0.1209,1.0,0.9546,0.7238,0.7238,1.0,1.0,116.226,0.5057
AREA-11-30,11,30,0,0,0,5.3206,0.0,0.0,0.0,0.0,0.0,0.8781,0.7238,0.7238,0.0,0.8589,26.603,0.8781
AREA-11-31,11,31,0,0,0,3.8211,0.0,0.0,0.0,0.0,0.0,0.7294,0.7238,0.7238,0.0,0.7769,19.106,0.7294
AREA-11-32,11,32,0,0,0,4.3463,0.0,0.0,0.0,0.0,0.0,0.7856,0.7238,0.7238,0.0,0.8087,21.732,0.7856
AREA-11-33,11,33,0,0,0,3.8689,0.0,0.0,0.0,0.0,0.0,0.7347,0.7238,0.7238,0.0,0.78,19.344,0.7347
AREA-11-34,11,34,0,0,0,0.4364,0.0,0.0,0.0,0.0,0.0,0.1416,0.7238,0.7238,0.0,0.2997,2.182,0.1416
AREA-11-35,11,35,0,0,0,3.9025,0.0,0.0,0.0,0.0,0.0,0.7385,0.7238,0.7238,0.0,0.7821,19.512,0.7385
AREA-11-36,11,36,0,0,0,0.6772,0.0,0.0,0.0,0.0,0.0,0.2078,0.7238,0.7238,0.0,0.3827,3.386,0.2078
AREA-11-37,11,37,0,0,0,0.0,0.0,0.0,0.0,0.0,0.0,0.0,0.7238,0.7238,0.0,0.0,0.0,0.5
AREA-11-38,11,38,0,0,0,0.8112,0.0,0.0,0.0,0.0,0.0,0.2417,0.7238,0.7238,0.0,0.4195,4.056,0.2417
AREA-11-39,11,39,0,0,0,1.5656,0.0,0.0,0.0,0.0,0.0,0.4044,0.7238,0.7238,0.0,0.5638,7.828,0.4044
AREA-12-00,12,0,0,0,0,0.0,0.0,0.0,0.0,0.0,0.0,0.0,0.7238,0.7238,0.0,0.0,0.0,0.5
AREA-12-01,12,1,0,0,1,0.0,0.0,0.0,0.0,0.0,0.1294,0.0,0.7238,0.7238,0.1294,0.1794,1.0,0.5
AREA-12-02,12,2,0,0,0,0.0,0.0,0.0,0.0,0.0,0.0,0.0,0.7238,0.7238,0.0,0.0,0.0,0.5
AREA-12-03,12,3,0,0,1,0.0,0.0,0.0,0.0,0.0,0.1294,0.0,0.7238,0.7238,0.1294,0.1794,1.0,0.5
AREA-12-04,12,4,0,0,2,0.0,0.0,0.0,0.0,0.0,0.2175,0.0,0.7238,0.7238,0.2175,0.2844,2.0,0.5
AREA-12-05,12,5,0,0,0,0.0,0.0,0.0,0.0,0.0,0.0,0.0,0.7238,0.7238,0.0,0.0,0.0,0.5
AREA-12-06,12,6,0,0,1,0.0,0.0,0.0,0.0,0.0,0.1294,0.0,0.7238,0.7238,0.1294,0.1794,1.0,0.5
AREA-12-07,12,7,0,0,0,0.0,0.0,0.0,0.0,0.0,0.0,0.0,0.7238,0.7238,0.0,0.0,0.0,0.5
AREA-12-08,12,8,0,0,0,0.0,0.0,0.0,0.0,0.0,0.0,0.0,0.7238,0.7238,0.0,0.0,0.0,0.5
AREA-12-09,12,9,0,0,0,0.0,0.0,0.0,0.0,0.0,0.0,0.0,0.7238,0.7238,0.0,0.0,0.0,0.5
AREA-12-10,12,10,0,0,0,0.0,0.0,0.0,0.0,0.0,0.0,0.0,0.7238,0.7238,0.0,0.0,0.0,0.5
AREA-12-11,12,11,0,0,0,0.0,0.0,0.0,0.0,0.0,0.0,0.0,0.7238,0.7238,0.0,0.0,0.0,0.5
AREA-12-12,12,12,0,0,1,0.0,0.0,0.0,0.0,0.0,0.1294,0.0,0.7238,0.7238,0.1294,0.1794,1.0,0.5
AREA-12-13,12,13,0,0,1,0.0,0.0,0.0,0.0,0.0,0.1294,0.0,0.7238,0.7238,0.1294,0.1794,1.0,0.5
AREA-12-14,12,14,0,0,0,0.0,0.0,0.0,0.0,0.0,0.0,0.0,0.7238,0.7238,0.0,0.0,0.0,0.5
AREA-12-15,12,15,0,0,2,0.0,0.0,0.0,0.0,0.0,0.2175,0.0,0.7238,0.7238,0.2175,0.2844,2.0,0.5
AREA-12-16,12,16,0,0,18,0.0,0.0,0.0,0.0,0.0,0.6845,0.0,0.7238,0.7238,0.6845,0.7623,18.0,0.5
AREA-12-17,12,17,0,0,1,0.0,0.0,0.0,0.0,0.0,0.1294,0.0,0.7238,0.7238,0.1294,0.1794,1.0,0.5
AREA-12-18,12,18,0,0,50,0.0,0.0,0.0,0.0,0.0,0.9538,0.0,0.7238,0.7238,0.9538,1.0,50.0,0.5
AREA-12-19,12,19,0,2,3,0.0,0.0,0.0,0.0,0.2031,0.2843,0.0,0.7238,0.7238,0.2843,0.4638,5.0,0.2031
AREA-12-20,12,20,0,0,1,0.8028,0.0,0.0,0.0,0.0,0.1294,0.2397,0.7238,0.7238,0.1294,0.4645,5.014,0.2397
AREA-12-21,12,21,0,0,12,0.968,0.0,0.0,0.0,0.0,0.5831,0.2792,0.7238,0.7238,0.5831,0.7459,16.84,0.2792
AREA-12-22,12,22,0,0,1,2.8694,0.0,0.0,0.0,0.0,0.1294,0.6123,0.7238,0.7238,0.1294,0.7233,15.347,0.6123
AREA-12-23,12,23,0,0,1,3.4952,0.0,0.0,0.0,0.0,0.1294,0.6918,0.7238,0.7238,0.1294,0.7687,18.476,0.6918
AREA-12-24,12,24,0,0,5,1.5281,0.0,0.0,0.0,0.0,0.3834,0.3972,0.7238,0.7238,0.3834,0.6765,12.64,0.3972
AREA-12-25,12,25,0,16,69,9.2839,0.0,0.0,0.0,0.6114,1.0,1.0,0.7238,0.7238,1.0,1.0,131.42,0.7907
AREA-12-26,12,26,0,0,15,1.1545,0.0,0.0,0.0,0.0,0.6384,0.3211,0.7238,0.7238,0.6384,0.7975,20.772,0.3211
AREA-12-27,12,27,0,7,255,12.6488,0.0,0.0,0.0,0.4262,1.0,1.0,0.7238,0.7238,1.0,1.0,325.244,0.691
AREA-12-28,12,28,0,3,102,5.5977,0.0,0.0,0.0,0.2655,1.0,0.902,0.7238,0.7238,1.0,1.0,132.988,0.5593
AREA-12-29,12,29,0,0,11,2.8824,0.0,0.0,0.0,0.0,0.5619,0.6141,0.7238,0.7238,0.5619,0.8475,25.412,0.6141
AREA-12-30,12,30,0,0,0,12.1058,0.0,0.0,0.0,0.0,0.0,1.0,0.7238,0.7238,0.0,1.0,60.529,1.0
AREA-12-31,12,31,0,0,0,4.819,0.0,0.0,0.0,0.0,0.0,0.8322,0.7238,0.7238,0.0,0.8343,24.095,0.8322
AREA-12-32,12,32,0,0,0,12.7166,0.0,0.0,0.0,0.0,0.0,1.0,0.7238,0.7238,0.0,1.0,63.583,1.0
AREA-12-33,12,33,0,0,0,4.2455,0.0,0.0,0.0,0.0,0.0,0.7752,0.7238,0.7238,0.0,0.8029,21.228,0.7752
AREA-12-34,12,34,0,0,0,0.3292,0.0,0.0,0.0,0.0,0.0,0.1097,0.7238,0.7238,0.0,0.2519,1.646,0.1097
AREA-12-35,12,35,0,0,0,3.448,0.0,0.0,0.0,0.0,0.0,0.6861,0.7238,0.7238,0.0,0.7517,17.24,0.6861
AREA-12-36,12,36,0,0,0,0.0479,0.0,0.0,0.0,0.0,0.0,0.0172,0.7238,0.7238,0.0,0.0556,0.24,0.0172
AREA-12-37,12,37,0,0,0,1.5688,0.0,0.0,0.0,0.0,0.0,0.405,0.7238,0.7238,0.0,0.5643,7.844,0.405
AREA-12-38,12,38,0,0,0,0.2725,0.0,0.0,0.0,0.0,0.0,0.0921,0.7238,0.7238,0.0,0.2226,1.362,0.0921
AREA-12-39,12,39,0,0,0,1.6719,0.0,0.0,0.0,0.0,0.0,0.4242,0.7238,0.7238,0.0,0.579,8.36,0.4242
AREA-13-00,13,0,0,0,0,0.0,0.0,0.0,0.0,0.0,0.0,0.0,0.7238,0.7238,0.0,0.0,0.0,0.5
AREA-13-01,13,1,0,0,0,0.0,0.0,0.0,0.0,0.0,0.0,0.0,0.7238,0.7238,0.0,0.0,0.0,0.5
AREA-13-02,13,2,0,0,0,0.0,0.0,0.0,0.0,0.0,0.0,0.0,0.7238,0.7238,0.0,0.0,0.0,0.5
AREA-13-03,13,3,0,0,0,0.0,0.0,0.0,0.0,0.0,0.0,0.0,0.7238,0.7238,0.0,0.0,0.0,0.5
AREA-13-04,13,4,0,0,6,0.0,0.0,0.0,0.0,0.0,0.4222,0.0,0.7238,0.7238,0.4222,0.5038,6.0,0.5
AREA-13-05,13,5,0,0,0,0.0,0.0,0.0,0.0,0.0,0.0,0.0,0.7238,0.7238,0.0,0.0,0.0,0.5
AREA-13-06,13,6,0,0,0,2.7022,0.0,0.0,0.0,0.0,0.0,0.5893,0.7238,0.7238,0.0,0.6925,13.511,0.5893
AREA-13-07,13,7,0,0,0,0.0,0.0,0.0,0.0,0.0,0.0,0.0,0.7238,0.7238,0.0,0.0,0.0,0.5
AREA-13-08,13,8,0,0,0,0.0,0.0,0.0,0.0,0.0,0.0,0.0,0.7238,0.7238,0.0,0.0,0.0,0.5
AREA-13-09,13,9,0,0,0,0.0,0.0,0.0,0.0,0.0,0.0,0.0,0.7238,0.7238,0.0,0.0,0.0,0.5
AREA-13-10,13,10,0,0,0,0.0,0.0,0.0,0.0,0.0,0.0,0.0,0.7238,0.7238,0.0,0.0,0.0,0.5
AREA-13-11,13,11,0,0,0,0.0,0.0,0.0,0.0,0.0,0.0,0.0,0.7238,0.7238,0.0,0.0,0.0,0.5
AREA-13-12,13,12,0,0,1,0.0,0.0,0.0,0.0,0.0,0.1294,0.0,0.7238,0.7238,0.1294,0.1794,1.0,0.5
AREA-13-13,13,13,0,0,1,0.0,0.0,0.0,0.0,0.0,0.1294,0.0,0.7238,0.7238,0.1294,0.1794,1.0,0.5
AREA-13-14,13,14,0,0,0,0.0,0.0,0.0,0.0,0.0,0.0,0.0,0.7238,0.7238,0.0,0.0,0.0,0.5
AREA-13-15,13,15,0,0,5,0.0,0.0,0.0,0.0,0.0,0.3834,0.0,0.7238,0.7238,0.3834,0.4638,5.0,0.5
AREA-13-16,13,16,0,0,9,0.0,0.0,0.0,0.0,0.0,0.5141,0.0,0.7238,0.7238,0.5141,0.5961,9.0,0.5
AREA-13-17,13,17,0,0,4,0.0,0.0,0.0,0.0,0.0,0.3382,0.0,0.7238,0.7238,0.3382,0.4166,4.0,0.5
AREA-13-18,13,18,0,0,1,0.0,0.0,0.0,0.0,0.0,0.1294,0.0,0.7238,0.7238,0.1294,0.1794,1.0,0.5
AREA-13-19,13,19,0,0,6,0.0,0.0,0.0,0.0,0.0,0.4222,0.0,0.7238,0.7238,0.4222,0.5038,6.0,0.5
AREA-13-20,13,20,0,0,0,0.0,0.0,0.0,0.0,0.0,0.0,0.0,0.7238,0.7238,0.0,0.0,0.0,0.5
AREA-13-21,13,21,0,0,15,3.888,0.0,0.0,0.0,0.0,0.6384,0.7369,0.7238,0.7238,0.6384,0.9236,34.44,0.7369
AREA-13-22,13,22,0,0,3,1.1721,0.0,0.0,0.0,0.0,0.2843,0.3249,0.7238,0.7238,0.2843,0.5925,8.86,0.3249
AREA-13-23,13,23,0,0,4,0.2845,0.0,0.0,0.0,0.0,0.3382,0.0959,0.7238,0.7238,0.3382,0.4815,5.422,0.0959
AREA-13-24,13,24,0,4,22,4.6607,0.0,0.0,0.0,0.3159,0.7361,0.817,0.7238,0.7238,0.7361,1.0,49.304,0.5472
AREA-13-25,13,25,0,30,66,3.7444,0.0,0.0,0.0,0.7633,1.0,0.7207,0.7238,0.7238,1.0,1.0,114.722,0.7437
AREA-13-26,13,26,0,31,32,2.1913,0.0,0.0,0.0,0.7714,0.8344,0.5129,0.7238,0.7238,0.8344,1.0,73.956,0.6521
AREA-13-27,13,27,0,106,99,3.8414,0.0,0.0,0.0,1.0,1.0,0.7317,0.7238,0.7238,1.0,1.0,224.207,0.8762
AREA-13-28,13,28,0,195,238,5.9175,0.0,0.0,0.0,1.0,1.0,0.9285,0.7238,0.7238,1.0,1.0,462.588,0.967
AREA-13-29,13,29,0,315,356,3.751,0.0,0.0,0.0,1.0,1.0,0.7215,0.7238,0.7238,1.0,1.0,689.755,0.8715
AREA-13-30,13,30,0,0,0,6.7965,0.0,0.0,0.0,0.0,0.0,0.9961,0.7238,0.7238,0.0,0.9203,33.982,0.9961
AREA-13-31,13,31,0,0,0,10.7187,0.0,0.0,0.0,0.0,0.0,1.0,0.7238,0.7238,0.0,1.0,53.594,1.0
AREA-13-32,13,32,0,0,0,1.6563,0.0,0.0,0.0,0.0,0.0,0.4214,0.7238,0.7238,0.0,0.5768,8.282,0.4214
AREA-13-33,13,33,0,0,0,3.6792,0.0,0.0,0.0,0.0,0.0,0.7133,0.7238,0.7238,0.0,0.7676,18.396,0.7133
AREA-13-34,13,34,0,0,0,2.0883,0.0,0.0,0.0,0.0,0.0,0.4963,0.7238,0.7238,0.0,0.6309,10.442,0.4963
AREA-13-35,13,35,0,0,0,0.4239,0.0,0.0,0.0,0.0,0.0,0.138,0.7238,0.7238,0.0,0.2945,2.12,0.138
AREA-13-36,13,36,0,0,0,1.9239,0.0,0.0,0.0,0.0,0.0,0.4688,0.7238,0.7238,0.0,0.6116,9.62,0.4688
AREA-13-37,13,37,0,0,0,1.7349,0.0,0.0,0.0,0.0,0.0,0.4357,0.7238,0.7238,0.0,0.5875,8.674,0.4357
AREA-13-38,13,38,0,0,0,1.0828,0.0,0.0,0.0,0.0,0.0,0.3053,0.7238,0.7238,0.0,0.4811,5.414,0.3053
AREA-13-39,13,39,0,0,0,1.1226,0.0,0.0,0.0,0.0,0.0,0.3141,0.7238,0.7238,0.0,0.489,5.613,0.3141
AREA-14-00,14,0,0,0,0,0.0,0.0,0.0,0.0,0.0,0.0,0.0,0.7238,0.7238,0.0,0.0,0.0,0.5
AREA-14-01,14,1,0,0,1,0.0,0.0,0.0,0.0,0.0,0.1294,0.0,0.7238,0.7238,0.1294,0.1794,1.0,0.5
AREA-14-02,14,2,0,0,1,0.0,0.0,0.0,0.0,0.0,0.1294,0.0,0.7238,0.7238,0.1294,0.1794,1.0,0.5
AREA-14-03,14,3,0,0,0,0.0,0.0,0.0,0.0,0.0,0.0,0.0,0.7238,0.7238,0.0,0.0,0.0,0.5
AREA-14-04,14,4,0,0,1,0.0,0.0,0.0,0.0,0.0,0.1294,0.0,0.7238,0.7238,0.1294,0.1794,1.0,0.5
AREA-14-05,14,5,0,0,0,0.0,0.0,0.0,0.0,0.0,0.0,0.0,0.7238,0.7238,0.0,0.0,0.0,0.5
AREA-14-06,14,6,0,0,0,0.0,0.0,0.0,0.0,0.0,0.0,0.0,0.7238,0.7238,0.0,0.0,0.0,0.5
AREA-14-07,14,7,0,0,0,0.0,0.0,0.0,0.0,0.0,0.0,0.0,0.7238,0.7238,0.0,0.0,0.0,0.5
AREA-14-08,14,8,0,0,0,0.0,0.0,0.0,0.0,0.0,0.0,0.0,0.7238,0.7238,0.0,0.0,0.0,0.5
AREA-14-09,14,9,0,0,0,0.0,0.0,0.0,0.0,0.0,0.0,0.0,0.7238,0.7238,0.0,0.0,0.0,0.5
AREA-14-10,14,10,0,0,0,0.0,0.0,0.0,0.0,0.0,0.0,0.0,0.7238,0.7238,0.0,0.0,0.0,0.5
AREA-14-11,14,11,0,0,0,0.0,0.0,0.0,0.0,0.0,0.0,0.0,0.7238,0.7238,0.0,0.0,0.0,0.5
AREA-14-12,14,12,0,0,1,0.0,0.0,0.0,0.0,0.0,0.1294,0.0,0.7238,0.7238,0.1294,0.1794,1.0,0.5
AREA-14-13,14,13,0,0,0,0.0,0.0,0.0,0.0,0.0,0.0,0.0,0.7238,0.7238,0.0,0.0,0.0,0.5
AREA-14-14,14,14,0,0,0,0.0,0.0,0.0,0.0,0.0,0.0,0.0,0.7238,0.7238,0.0,0.0,0.0,0.5
AREA-14-15,14,15,0,0,5,0.0,0.0,0.0,0.0,0.0,0.3834,0.0,0.7238,0.7238,0.3834,0.4638,5.0,0.5
AREA-14-16,14,16,0,0,12,0.0,0.0,0.0,0.0,0.0,0.5831,0.0,0.7238,0.7238,0.5831,0.664,12.0,0.5
AREA-14-17,14,17,0,0,166,0.0,0.0,0.0,0.0,0.0,1.0,0.0,0.7238,0.7238,1.0,1.0,166.0,0.5
AREA-14-18,14,18,0,0,11,0.0,0.0,0.0,0.0,0.0,0.5619,0.0,0.7238,0.7238,0.5619,0.6433,11.0,0.5
AREA-14-19,14,19,0,0,27,1.7281,0.0,0.0,0.0,0.0,0.7895,0.4345,0.7238,0.7238,0.7895,0.9323,35.64,0.4345
AREA-14-20,14,20,0,0,0,3.3115,0.0,0.0,0.0,0.0,0.0,0.6695,0.7238,0.7238,0.0,0.7418,16.558,0.6695
AREA-14-21,14,21,0,3,8,3.3499,0.0,0.0,0.0,0.2655,0.4867,0.6742,0.7238,0.7238,0.4867,0.8695,27.749,0.4542
AREA-14-22,14,22,0,0,4,1.5587,0.0,0.0,0.0,0.0,0.3382,0.4031,0.7238,0.7238,0.3382,0.6599,11.794,0.4031
AREA-14-23,14,23,0,0,10,2.6537,0.0,0.0,0.0,0.0,0.539,0.5824,0.7238,0.7238,0.539,0.8256,23.269,0.5824
AREA-14-24,14,24,0,0,7,0.1677,0.0,0.0,0.0,0.0,0.4563,0.0583,0.7238,0.7238,0.4563,0.5641,7.838,0.0583
AREA-14-25,14,25,0,1,46,6.4737,0.0,0.0,0.0,0.1209,0.9314,0.9721,0.7238,0.7238,0.9314,1.0,79.368,0.5137
AREA-14-26,14,26,0,4,21,4.2501,0.0,0.0,0.0,0.3159,0.7241,0.7757,0.7238,0.7238,0.7241,0.9981,46.25,0.5281
AREA-14-27,14,27,0,56,119,4.2404,0.0,0.0,0.0,0.9194,1.0,0.7747,0.7238,0.7238,1.0,1.0,196.202,0.8526
AREA-14-28,14,28,0,62,12,1.1205,0.0,0.0,0.0,0.9452,0.5831,0.3137,0.7238,0.7238,0.5831,1.0,79.602,0.6537
AREA-14-29,14,29,0,134,57,4.3102,0.0,0.0,0.0,1.0,0.9893,0.7819,0.7238,0.7238,0.9893,1.0,212.551,0.8993
AREA-14-30,14,30,0,0,0,3.7081,0.0,0.0,0.0,0.0,0.0,0.7166,0.7238,0.7238,0.0,0.7695,18.54,0.7166
AREA-14-31,14,31,0,0,0,6.1635,0.0,0.0,0.0,0.0,0.0,0.9482,0.7238,0.7238,0.0,0.8957,30.818,0.9482
AREA-14-32,14,32,0,0,0,2.1977,0.0,0.0,0.0,0.0,0.0,0.5139,0.7238,0.7238,0.0,0.643,10.989,0.5139
AREA-14-33,14,33,0,0,0,3.8471,0.0,0.0,0.0,0.0,0.0,0.7323,0.7238,0.7238,0.0,0.7786,19.236,0.7323
AREA-14-34,14,34,0,0,0,2.1451,0.0,0.0,0.0,0.0,0.0,0.5055,0.7238,0.7238,0.0,0.6373,10.725,0.5055
AREA-14-35,14,35,0,0,0,0.0,0.0,0.0,0.0,0.0,0.0,0.0,0.7238,0.7238,0.0,0.0,0.0,0.5
AREA-14-36,14,36,0,0,0,1.4464,0.0,0.0,0.0,0.0,0.0,0.3814,0.7238,0.7238,0.0,0.5457,7.232,0.3814
AREA-14-37,14,37,0,0,0,0.706,0.0,0.0,0.0,0.0,0.0,0.2152,0.7238,0.7238,0.0,0.3911,3.53,0.2152
AREA-14-38,14,38,0,0,0,0.9575,0.0,0.0,0.0,0.0,0.0,0.2768,0.7238,0.7238,0.0,0.4545,4.788,0.2768
AREA-14-39,14,39,0,0,0,0.0895,0.0,0.0,0.0,0.0,0.0,0.0318,0.7238,0.7238,0.0,0.0957,0.448,0.0318
AREA-15-00,15,0,0,0,0,0.0,0.0,0.0,0.0,0.0,0.0,0.0,0.7238,0.7238,0.0,0.0,0.0,0.5
AREA-15-01,15,1,0,0,0,0.0,0.0,0.0,0.0,0.0,0.0,0.0,0.7238,0.7238,0.0,0.0,0.0,0.5
AREA-15-02,15,2,0,0,0,0.0,0.0,0.0,0.0,0.0,0.0,0.0,0.7238,0.7238,0.0,0.0,0.0,0.5
AREA-15-03,15,3,0,0,0,0.0,0.0,0.0,0.0,0.0,0.0,0.0,0.7238,0.7238,0.0,0.0,0.0,0.5
AREA-15-04,15,4,0,0,3,0.0,0.0,0.0,0.0,0.0,0.2843,0.0,0.7238,0.7238,0.2843,0.3589,3.0,0.5
AREA-15-05,15,5,0,0,0,0.0,0.0,0.0,0.0,0.0,0.0,0.0,0.7238,0.7238,0.0,0.0,0.0,0.5
AREA-15-06,15,6,0,0,0,0.0,0.0,0.0,0.0,0.0,0.0,0.0,0.7238,0.7238,0.0,0.0,0.0,0.5
AREA-15-07,15,7,0,0,0,0.0,0.0,0.0,0.0,0.0,0.0,0.0,0.7238,0.7238,0.0,0.0,0.0,0.5
AREA-15-08,15,8,0,0,0,0.0,0.0,0.0,0.0,0.0,0.0,0.0,0.7238,0.7238,0.0,0.0,0.0,0.5
AREA-15-09,15,9,0,0,2,0.0,0.0,0.0,0.0,0.0,0.2175,0.0,0.7238,0.7238,0.2175,0.2844,2.0,0.5
AREA-15-10,15,10,0,0,4,0.0,0.0,0.0,0.0,0.0,0.3382,0.0,0.7238,0.7238,0.3382,0.4166,4.0,0.5
AREA-15-11,15,11,0,0,5,0.0,0.0,0.0,0.0,0.0,0.3834,0.0,0.7238,0.7238,0.3834,0.4638,5.0,0.5
AREA-15-12,15,12,0,0,4,0.0,0.0,0.0,0.0,0.0,0.3382,0.0,0.7238,0.7238,0.3382,0.4166,4.0,0.5
AREA-15-13,15,13,0,0,14,0.0,0.0,0.0,0.0,0.0,0.6211,0.0,0.7238,0.7238,0.6211,0.7011,14.0,0.5
AREA-15-14,15,14,0,0,21,0.0,0.0,0.0,0.0,0.0,0.7241,0.0,0.7238,0.7238,0.7241,0.8002,21.0,0.5
AREA-15-15,15,15,0,0,211,0.0,0.0,0.0,0.0,0.0,1.0,0.0,0.7238,0.7238,1.0,1.0,211.0,0.5
AREA-15-16,15,16,0,0,17,0.0,0.0,0.0,0.0,0.0,0.67,0.0,0.7238,0.7238,0.67,0.7483,17.0,0.5
AREA-15-17,15,17,0,0,125,0.0,0.0,0.0,0.0,0.0,1.0,0.0,0.7238,0.7238,1.0,1.0,125.0,0.5
AREA-15-18,15,18,0,4,21,0.0,0.0,0.0,0.0,0.3159,0.7241,0.0,0.7238,0.7238,0.7241,0.8434,25.0,0.3159
AREA-15-19,15,19,0,0,3,0.0,0.0,0.0,0.0,0.0,0.2843,0.0,0.7238,0.7238,0.2843,0.3589,3.0,0.5
AREA-15-20,15,20,0,0,0,0.058,0.0,0.0,0.0,0.0,0.0,0.0208,0.7238,0.7238,0.0,0.0659,0.29,0.0208
AREA-15-21,15,21,0,0,275,5.0692,0.0,0.0,0.0,0.0,1.0,0.8555,0.7238,0.7238,1.0,1.0,300.346,0.8555
AREA-15-22,15,22,0,0,89,6.7042,0.0,0.0,0.0,0.0,1.0,0.9893,0.7238,0.7238,1.0,1.0,122.521,0.9893
AREA-15-23,15,23,0,0,4,4.17,0.0,0.0,0.0,0.0,0.3382,0.7673,0.7238,0.7238,0.3382,0.842,24.85,0.7673
AREA-15-24,15,24,0,3,7,2.702,0.0,0.0,0.0,0.2655,0.4563,0.5892,0.7238,0.7238,0.4563,0.8282,23.51,0.4149
AREA-15-25,15,25,0,13,118,6.4343,0.0,0.0,0.0,0.5629,1.0,0.9691,0.7238,0.7238,1.0,1.0,163.172,0.7504
AREA-15-26,15,26,0,9,15,3.0323,0.0,0.0,0.0,0.4801,0.6384,0.634,0.7238,0.7238,0.6384,0.956,39.162,0.5511
AREA-15-27,15,27,0,9,7,6.369,0.0,0.0,0.0,0.4801,0.4563,0.9642,0.7238,0.7238,0.4563,1.0,47.845,0.7035
AREA-15-28,15,28,0,1,5,5.128,0.0,0.0,0.0,0.1209,0.3834,0.8608,0.7238,0.7238,0.3834,0.9023,31.64,0.4624
AREA-15-29,15,29,0,44,14,9.1055,0.0,0.0,0.0,0.8587,0.6211,1.0,0.7238,0.7238,0.6211,1.0,103.528,0.9239
AREA-15-30,15,30,0,0,1,1.821,0.0,0.0,0.0,0.0,0.1294,0.451,0.7238,0.7238,0.1294,0.6232,10.105,0.451
AREA-15-31,15,31,0,0,0,15.1918,0.0,0.0,0.0,0.0,0.0,1.0,0.7238,0.7238,0.0,1.0,75.959,1.0
AREA-15-32,15,32,0,0,0,15.8256,0.0,0.0,0.0,0.0,0.0,1.0,0.7238,0.7238,0.0,1.0,79.128,1.0
AREA-15-33,15,33,0,0,0,0.2818,0.0,0.0,0.0,0.0,0.0,0.0951,0.7238,0.7238,0.0,0.2276,1.409,0.0951
AREA-15-34,15,34,0,0,0,0.0,0.0,0.0,0.0,0.0,0.0,0.0,0.7238,0.7238,0.0,0.0,0.0,0.5
AREA-15-35,15,35,0,0,0,1.8457,0.0,0.0,0.0,0.0,0.0,0.4553,0.7238,0.7238,0.0,0.6019,9.228,0.4553
AREA-15-36,15,36,0,0,0,3.4213,0.0,0.0,0.0,0.0,0.0,0.6829,0.7238,0.7238,0.0,0.7498,17.106,0.6829
AREA-15-37,15,37,0,0,0,1.5343,0.0,0.0,0.0,0.0,0.0,0.3984,0.7238,0.7238,0.0,0.5592,7.672,0.3984
AREA-15-38,15,38,0,0,0,0.8234,0.0,0.0,0.0,0.0,0.0,0.2447,0.7238,0.7238,0.0,0.4226,4.117,0.2447
AREA-15-39,15,39,0,0,0,2.5128,0.0,0.0,0.0,0.0,0.0,0.562,0.7238,0.7238,0.0,0.675,12.564,0.562
AREA-16-00,16,0,0,0,0,0.0,0.0,0.0,0.0,0.0,0.0,0.0,0.7238,0.7238,0.0,0.0,0.0,0.5
AREA-16-01,16,1,0,0,1,5.3801,0.0,0.0,0.0,0.0,0.1294,0.8833,0.7238,0.7238,0.1294,0.8708,27.9,0.8833
AREA-16-02,16,2,0,0,0,0.3136,0.0,0.0,0.0,0.0,0.0,0.1049,0.7238,0.7238,0.0,0.2442,1.568,0.1049
AREA-16-03,16,3,0,0,0,0.0,0.0,0.0,0.0,0.0,0.0,0.0,0.7238,0.7238,0.0,0.0,0.0,0.5
AREA-16-04,16,4,0,0,0,0.0,0.0,0.0,0.0,0.0,0.0,0.0,0.7238,0.7238,0.0,0.0,0.0,0.5
AREA-16-05,16,5,0,0,0,0.0,0.0,0.0,0.0,0.0,0.0,0.0,0.7238,0.7238,0.0,0.0,0.0,0.5
AREA-16-06,16,6,0,0,2,0.0,0.0,0.0,0.0,0.0,0.2175,0.0,0.7238,0.7238,0.2175,0.2844,2.0,0.5
AREA-16-07,16,7,0,0,1,0.0,0.0,0.0,0.0,0.0,0.1294,0.0,0.7238,0.7238,0.1294,0.1794,1.0,0.5
AREA-16-08,16,8,0,0,0,0.0,0.0,0.0,0.0,0.0,0.0,0.0,0.7238,0.7238,0.0,0.0,0.0,0.5
AREA-16-09,16,9,0,0,2,0.5952,0.0,0.0,0.0,0.0,0.2175,0.186,0.7238,0.7238,0.2175,0.4628,4.976,0.186
AREA-16-10,16,10,0,0,36,0.0,0.0,0.0,0.0,0.0,0.8657,0.0,0.7238,0.7238,0.8657,0.9348,36.0,0.5
AREA-16-11,16,11,0,0,16,0.0,0.0,0.0,0.0,0.0,0.6546,0.0,0.7238,0.7238,0.6546,0.7335,16.0,0.5
AREA-16-12,16,12,0,0,1,0.0,0.0,0.0,0.0,0.0,0.1294,0.0,0.7238,0.7238,0.1294,0.1794,1.0,0.5
AREA-16-13,16,13,0,0,4,0.0,0.0,0.0,0.0,0.0,0.3382,0.0,0.7238,0.7238,0.3382,0.4166,4.0,0.5
AREA-16-14,16,14,0,1,26,0.0,0.0,0.0,0.0,0.1209,0.7796,0.0,0.7238,0.7238,0.7796,0.8626,27.0,0.1209
AREA-16-15,16,15,0,0,33,0.0,0.0,0.0,0.0,0.0,0.8425,0.0,0.7238,0.7238,0.8425,0.9129,33.0,0.5
AREA-16-16,16,16,0,0,24,0.0,0.0,0.0,0.0,0.0,0.7587,0.0,0.7238,0.7238,0.7587,0.8333,24.0,0.5
AREA-16-17,16,17,0,0,22,0.0,0.0,0.0,0.0,0.0,0.7361,0.0,0.7238,0.7238,0.7361,0.8117,22.0,0.5
AREA-16-18,16,18,0,0,9,0.0,0.0,0.0,0.0,0.0,0.5141,0.0,0.7238,0.7238,0.5141,0.5961,9.0,0.5
AREA-16-19,16,19,0,0,1,0.0,0.0,0.0,0.0,0.0,0.1294,0.0,0.7238,0.7238,0.1294,0.1794,1.0,0.5
AREA-16-20,16,20,0,0,7,1.0332,0.0,0.0,0.0,0.0,0.4563,0.2942,0.7238,0.7238,0.4563,0.6673,12.166,0.2942
AREA-16-21,16,21,0,0,3,0.6934,0.0,0.0,0.0,0.0,0.2843,0.212,0.7238,0.7238,0.2843,0.5205,6.467,0.212
AREA-16-22,16,22,0,0,7,5.8047,0.0,0.0,0.0,0.0,0.4563,0.9193,0.7238,0.7238,0.4563,0.935,36.024,0.9193
AREA-16-23,16,23,0,13,7,2.0737,0.0,0.0,0.0,0.5629,0.4563,0.4939,0.7238,0.7238,0.4563,0.892,30.368,0.5311
AREA-16-24,16,24,0,4,1,1.0694,0.0,0.0,0.0,0.3159,0.1294,0.3023,0.7238,0.7238,0.1294,0.6288,10.347,0.3096
AREA-16-25,16,25,0,1,1,0.0349,0.0,0.0,0.0,0.1209,0.1294,0.0126,0.7238,0.7238,0.1294,0.299,2.174,0.0709
AREA-16-26,16,26,0,10,46,4.1857,0.0,0.0,0.0,0.5034,0.9314,0.769,0.7238,0.7238,0.9314,1.0,76.928,0.626
AREA-16-27,16,27,0,4,9,1.3696,0.0,0.0,0.0,0.3159,0.5141,0.3661,0.7238,0.7238,0.5141,0.7863,19.848,0.339
AREA-16-28,16,28,0,2,4,2.0525,0.0,0.0,0.0,0.2031,0.3382,0.4904,0.7238,0.7238,0.3382,0.7374,16.263,0.3357
AREA-16-29,16,29,0,33,11,3.2999,0.0,0.0,0.0,0.7869,0.5619,0.668,0.7238,0.7238,0.5619,1.0,60.5,0.732
AREA-16-30,16,30,0,0,0,8.0679,0.0,0.0,0.0,0.0,0.0,1.0,0.7238,0.7238,0.0,0.9635,40.34,1.0
AREA-16-31,16,31,0,0,0,13.3155,0.0,0.0,0.0,0.0,0.0,1.0,0.7238,0.7238,0.0,1.0,66.578,1.0
AREA-16-32,16,32,0,0,0,0.8296,0.0,0.0,0.0,0.0,0.0,0.2463,0.7238,0.7238,0.0,0.4242,4.148,0.2463
AREA-16-33,16,33,0,0,0,3.1665,0.0,0.0,0.0,0.0,0.0,0.6513,0.7238,0.7238,0.0,0.7309,15.832,0.6513
AREA-16-34,16,34,0,0,0,3.77,0.0,0.0,0.0,0.0,0.0,0.7236,0.7238,0.7238,0.0,0.7736,18.85,0.7236
AREA-16-35,16,35,0,0,0,4.9671,0.0,0.0,0.0,0.0,0.0,0.8461,0.7238,0.7238,0.0,0.8418,24.836,0.8461
AREA-16-36,16,36,0,0,0,3.8293,0.0,0.0,0.0,0.0,0.0,0.7303,0.7238,0.7238,0.0,0.7774,19.146,0.7303
AREA-16-37,16,37,0,0,0,1.7206,0.0,0.0,0.0,0.0,0.0,0.4331,0.7238,0.7238,0.0,0.5856,8.603,0.4331
AREA-16-38,16,38,0,0,0,2.049,0.0,0.0,0.0,0.0,0.0,0.4898,0.7238,0.7238,0.0,0.6265,10.245,0.4898
AREA-16-39,16,39,0,0,0,2.6509,0.0,0.0,0.0,0.0,0.0,0.582,0.7238,0.7238,0.0,0.6879,13.254,0.582
AREA-17-00,17,0,0,0,0,0.0,0.0,0.0,0.0,0.0,0.0,0.0,0.7238,0.7238,0.0,0.0,0.0,0.5
AREA-17-01,17,1,0,0,3,4.8606,0.0,0.0,0.0,0.0,0.2843,0.8361,0.7238,0.7238,0.2843,0.8654,27.303,0.8361
AREA-17-02,17,2,0,0,1,5.0128,0.0,0.0,0.0,0.0,0.1294,0.8503,0.7238,0.7238,0.1294,0.8538,26.064,0.8503
AREA-17-03,17,3,0,0,0,0.0,0.0,0.0,0.0,0.0,0.0,0.0,0.7238,0.7238,0.0,0.0,0.0,0.5
AREA-17-04,17,4,0,0,0,0.0,0.0,0.0,0.0,0.0,0.0,0.0,0.7238,0.7238,0.0,0.0,0.0,0.5
AREA-17-05,17,5,0,0,0,0.0409,0.0,0.0,0.0,0.0,0.0,0.0147,0.7238,0.7238,0.0,0.0482,0.204,0.0147
AREA-17-06,17,6,0,0,2,1.5801,0.0,0.0,0.0,0.0,0.2175,0.4071,0.7238,0.7238,0.2175,0.6184,9.901,0.4071
AREA-17-07,17,7,0,0,0,0.0,0.0,0.0,0.0,0.0,0.0,0.0,0.7238,0.7238,0.0,0.0,0.0,0.5
AREA-17-08,17,8,0,0,0,0.0,0.0,0.0,0.0,0.0,0.0,0.0,0.7238,0.7238,0.0,0.0,0.0,0.5
AREA-17-09,17,9,0,0,1,0.6174,0.0,0.0,0.0,0.0,0.1294,0.192,0.7238,0.7238,0.1294,0.4211,4.087,0.192
AREA-17-10,17,10,0,0,65,0.0953,0.0,0.0,0.0,0.0,1.0,0.0338,0.7238,0.7238,1.0,1.0,65.476,0.0338
AREA-17-11,17,11,0,0,24,0.0,0.0,0.0,0.0,0.0,0.7587,0.0,0.7238,0.7238,0.7587,0.8333,24.0,0.5
AREA-17-12,17,12,0,0,5,0.0,0.0,0.0,0.0,0.0,0.3834,0.0,0.7238,0.7238,0.3834,0.4638,5.0,0.5
AREA-17-13,17,13,0,0,9,0.0,0.0,0.0,0.0,0.0,0.5141,0.0,0.7238,0.7238,0.5141,0.5961,9.0,0.5
AREA-17-14,17,14,0,1,134,0.0,0.0,0.0,0.0,0.1209,1.0,0.0,0.7238,0.7238,1.0,1.0,135.0,0.1209
AREA-17-15,17,15,0,0,8,0.0,0.0,0.0,0.0,0.0,0.4867,0.0,0.7238,0.7238,0.4867,0.5688,8.0,0.5
AREA-17-16,17,16,0,0,10,0.0,0.0,0.0,0.0,0.0,0.539,0.0,0.7238,0.7238,0.539,0.6208,10.0,0.5
AREA-17-17,17,17,0,0,3,0.0,0.0,0.0,0.0,0.0,0.2843,0.0,0.7238,0.7238,0.2843,0.3589,3.0,0.5
AREA-17-18,17,18,0,0,3,0.0,0.0,0.0,0.0,0.0,0.2843,0.0,0.7238,0.7238,0.2843,0.3589,3.0,0.5
AREA-17-19,17,19,0,0,17,0.0,0.0,0.0,0.0,0.0,0.67,0.0,0.7238,0.7238,0.67,0.7483,17.0,0.5
AREA-17-20,17,20,0,0,35,1.5187,0.0,0.0,0.0,0.0,0.8582,0.3954,0.7238,0.7238,0.8582,0.9772,42.594,0.3954
AREA-17-21,17,21,0,0,3,0.8627,0.0,0.0,0.0,0.0,0.2843,0.2543,0.7238,0.7238,0.2843,0.5483,7.314,0.2543
AREA-17-22,17,22,0,2,7,0.8428,0.0,0.0,0.0,0.2031,0.4563,0.2495,0.7238,0.7238,0.4563,0.6871,13.214,0.2245
AREA-17-23,17,23,0,0,8,2.2997,0.0,0.0,0.0,0.0,0.4867,0.5299,0.7238,0.7238,0.4867,0.7819,19.498,0.5299
AREA-17-24,17,24,0,0,0,0.1555,0.0,0.0,0.0,0.0,0.0,0.0543,0.7238,0.7238,0.0,0.1489,0.778,0.0543
AREA-17-25,17,25,0,0,0,0.3831,0.0,0.0,0.0,0.0,0.0,0.126,0.7238,0.7238,0.0,0.277,1.916,0.126
AREA-17-26,17,26,0,0,1,6.8556,0.0,0.0,0.0,0.0,0.1294,1.0,0.7238,0.7238,0.1294,0.9297,35.278,1.0
AREA-17-27,17,27,0,0,2,6.4854,0.0,0.0,0.0,0.0,0.2175,0.973,0.7238,0.7238,0.2175,0.9235,34.427,0.973
AREA-17-28,17,28,0,9,18,7.7872,0.0,0.0,0.0,0.4801,0.6845,1.0,0.7238,0.7238,0.6845,1.0,65.936,0.7201
AREA-17-29,17,29,0,4,21,11.5466,0.0,0.0,0.0,0.3159,0.7241,1.0,0.7238,0.7238,0.7241,1.0,82.733,0.6316
AREA-17-30,17,30,0,0,0,14.8869,0.0,0.0,0.0,0.0,0.0,1.0,0.7238,0.7238,0.0,1.0,74.434,1.0
AREA-17-31,17,31,0,0,0,6.81,0.0,0.0,0.0,0.0,0.0,0.9971,0.7238,0.7238,0.0,0.9208,34.05,0.9971
AREA-17-32,17,32,0,0,0,0.0,0.0,0.0,0.0,0.0,0.0,0.0,0.7238,0.7238,0.0,0.0,0.0,0.5
AREA-17-33,17,33,0,0,0,1.3221,0.0,0.0,0.0,0.0,0.0,0.3564,0.7238,0.7238,0.0,0.5254,6.61,0.3564
AREA-17-34,17,34,0,0,0,7.5111,0.0,0.0,0.0,0.0,0.0,1.0,0.7238,0.7238,0.0,0.9454,37.556,1.0
AREA-17-35,17,35,0,0,0,20.6225,0.0,0.0,0.0,0.0,0.0,1.0,0.7238,0.7238,0.0,1.0,103.112,1.0
AREA-17-36,17,36,0,0,0,4.8532,0.0,0.0,0.0,0.0,0.0,0.8354,0.7238,0.7238,0.0,0.836,24.266,0.8354
AREA-17-37,17,37,0,0,0,0.28,0.0,0.0,0.0,0.0,0.0,0.0945,0.7238,0.7238,0.0,0.2266,1.4,0.0945
AREA-17-38,17,38,0,0,0,0.5037,0.0,0.0,0.0,0.0,0.0,0.1608,0.7238,0.7238,0.0,0.3257,2.519,0.1608
AREA-17-39,17,39,0,0,0,1.3529,0.0,0.0,0.0,0.0,0.0,0.3627,0.7238,0.7238,0.0,0.5306,6.764,0.3627
AREA-18-00,18,0,0,0,0,0.0,0.0,0.0,0.0,0.0,0.0,0.0,0.7238,0.7238,0.0,0.0,0.0,0.5
AREA-18-01,18,1,0,0,0,2.6701,0.0,0.0,0.0,0.0,0.0,0.5847,0.7238,0.7238,0.0,0.6896,13.35,0.5847
AREA-18-02,18,2,0,0,0,3.7861,0.0,0.0,0.0,0.0,0.0,0.7255,0.7238,0.7238,0.0,0.7746,18.93,0.7255
AREA-18-03,18,3,0,0,1,0.0,0.0,0.0,0.0,0.0,0.1294,0.0,0.7238,0.7238,0.1294,0.1794,1.0,0.5
AREA-18-04,18,4,0,0,0,0.0,0.0,0.0,0.0,0.0,0.0,0.0,0.7238,0.7238,0.0,0.0,0.0,0.5
AREA-18-05,18,5,0,0,0,0.0,0.0,0.0,0.0,0.0,0.0,0.0,0.7238,0.7238,0.0,0.0,0.0,0.5
AREA-18-06,18,6,0,0,0,0.0,0.0,0.0,0.0,0.0,0.0,0.0,0.7238,0.7238,0.0,0.0,0.0,0.5
AREA-18-07,18,7,0,0,0,0.0,0.0,0.0,0.0,0.0,0.0,0.0,0.7238,0.7238,0.0,0.0,0.0,0.5
AREA-18-08,18,8,0,0,2,0.0,0.0,0.0,0.0,0.0,0.2175,0.0,0.7238,0.7238,0.2175,0.2844,2.0,0.5
AREA-18-09,18,9,0,0,2,0.3982,0.0,0.0,0.0,0.0,0.2175,0.1304,0.7238,0.7238,0.2175,0.4162,3.991,0.1304
AREA-18-10,18,10,0,0,4,0.0,0.0,0.0,0.0,0.0,0.3382,0.0,0.7238,0.7238,0.3382,0.4166,4.0,0.5
AREA-18-11,18,11,0,0,0,0.0,0.0,0.0,0.0,0.0,0.0,0.0,0.7238,0.7238,0.0,0.0,0.0,0.5
AREA-18-12,18,12,0,0,0,0.0,0.0,0.0,0.0,0.0,0.0,0.0,0.7238,0.7238,0.0,0.0,0.0,0.5
AREA-18-13,18,13,0,0,0,0.0,0.0,0.0,0.0,0.0,0.0,0.0,0.7238,0.7238,0.0,0.0,0.0,0.5
AREA-18-14,18,14,0,0,2,0.0,0.0,0.0,0.0,0.0,0.2175,0.0,0.7238,0.7238,0.2175,0.2844,2.0,0.5
AREA-18-15,18,15,0,0,7,0.0,0.0,0.0,0.0,0.0,0.4563,0.0,0.7238,0.7238,0.4563,0.5383,7.0,0.5
AREA-18-16,18,16,0,0,2,0.0,0.0,0.0,0.0,0.0,0.2175,0.0,0.7238,0.7238,0.2175,0.2844,2.0,0.5
AREA-18-17,18,17,0,0,10,0.0,0.0,0.0,0.0,0.0,0.539,0.0,0.7238,0.7238,0.539,0.6208,10.0,0.5
AREA-18-18,18,18,0,0,20,0.0,0.0,0.0,0.0,0.0,0.7115,0.0,0.7238,0.7238,0.7115,0.7882,20.0,0.5
AREA-18-19,18,19,0,0,35,0.4898,0.0,0.0,0.0,0.0,0.8582,0.1569,0.7238,0.7238,0.8582,0.9447,37.449,0.1569
AREA-18-20,18,20,0,0,20,4.3379,0.0,0.0,0.0,0.0,0.7115,0.7848,0.7238,0.7238,0.7115,0.9718,41.69,0.7848
AREA-18-21,18,21,0,0,13,6.1883,0.0,0.0,0.0,0.0,0.6028,0.9501,0.7238,0.7238,0.6028,0.9851,43.942,0.9501
AREA-18-22,18,22,0,3,8,1.2347,0.0,0.0,0.0,0.2655,0.4867,0.3382,0.7238,0.7238,0.4867,0.7507,17.174,0.2991
AREA-18-23,18,23,0,0,2,0.0787,0.0,0.0,0.0,0.0,0.2175,0.0281,0.7238,0.7238,0.2175,0.3163,2.394,0.0281
AREA-18-24,18,24,0,0,0,0.0184,0.0,0.0,0.0,0.0,0.0,0.0067,0.7238,0.7238,0.0,0.0228,0.092,0.0067
AREA-18-25,18,25,0,0,0,0.5911,0.0,0.0,0.0,0.0,0.0,0.1849,0.7238,0.7238,0.0,0.356,2.956,0.1849
AREA-18-26,18,26,0,0,16,2.4564,0.0,0.0,0.0,0.0,0.6546,0.5537,0.7238,0.7238,0.6546,0.8742,28.282,0.5537
AREA-18-27,18,27,0,0,6,0.807,0.0,0.0,0.0,0.0,0.4222,0.2407,0.7238,0.7238,0.4222,0.6216,10.035,0.2407
AREA-18-28,18,28,0,0,135,3.2675,0.0,0.0,0.0,0.0,1.0,0.664,0.7238,0.7238,1.0,1.0,151.338,0.664
AREA-18-29,18,29,0,266,750,16.2519,0.0,0.0,0.0,1.0,1.0,1.0,0.7238,0.7238,1.0,1.0,1097.26,1.0
AREA-18-30,18,30,0,0,0,8.8066,0.0,0.0,0.0,0.0,0.0,1.0,0.7238,0.7238,0.0,0.9857,44.033,1.0
AREA-18-31,18,31,0,0,0,9.5642,0.0,0.0,0.0,0.0,0.0,1.0,0.7238,0.7238,0.0,1.0,47.821,1.0
AREA-18-32,18,32,0,0,0,1.1329,0.0,0.0,0.0,0.0,0.0,0.3164,0.7238,0.7238,0.0,0.491,5.664,0.3164
AREA-18-33,18,33,0,0,0,5.0541,0.0,0.0,0.0,0.0,0.0,0.8541,0.7238,0.7238,0.0,0.8461,25.27,0.8541
AREA-18-34,18,34,0,0,0,7.8043,0.0,0.0,0.0,0.0,0.0,1.0,0.7238,0.7238,0.0,0.9551,39.021,1.0
AREA-18-35,18,35,0,0,0,7.698,0.0,0.0,0.0,0.0,0.0,1.0,0.7238,0.7238,0.0,0.9516,38.49,1.0
AREA-18-36,18,36,0,0,0,7.1571,0.0,0.0,0.0,0.0,0.0,1.0,0.7238,0.7238,0.0,0.9333,35.786,1.0
AREA-18-37,18,37,0,0,0,0.2676,0.0,0.0,0.0,0.0,0.0,0.0906,0.7238,0.7238,0.0,0.2199,1.338,0.0906
AREA-18-38,18,38,0,0,0,0.4535,0.0,0.0,0.0,0.0,0.0,0.1465,0.7238,0.7238,0.0,0.3065,2.268,0.1465
AREA-18-39,18,39,0,0,0,1.0006,0.0,0.0,0.0,0.0,0.0,0.2868,0.7238,0.7238,0.0,0.464,5.003,0.2868
AREA-19-00,19,0,0,0,0,0.0,0.0,0.0,0.0,0.0,0.0,0.0,0.7238,0.7238,0.0,0.0,0.0,0.5
AREA-19-01,19,1,0,0,0,0.0,0.0,0.0,0.0,0.0,0.0,0.0,0.7238,0.7238,0.0,0.0,0.0,0.5
AREA-19-02,19,2,0,0,0,0.0,0.0,0.0,0.0,0.0,0.0,0.0,0.7238,0.7238,0.0,0.0,0.0,0.5
AREA-19-03,19,3,0,0,0,0.0,0.0,0.0,0.0,0.0,0.0,0.0,0.7238,0.7238,0.0,0.0,0.0,0.5
AREA-19-04,19,4,0,0,0,0.0,0.0,0.0,0.0,0.0,0.0,0.0,0.7238,0.7238,0.0,0.0,0.0,0.5
AREA-19-05,19,5,0,0,0,0.0,0.0,0.0,0.0,0.0,0.0,0.0,0.7238,0.7238,0.0,0.0,0.0,0.5
AREA-19-06,19,6,0,0,0,0.0,0.0,0.0,0.0,0.0,0.0,0.0,0.7238,0.7238,0.0,0.0,0.0,0.5
AREA-19-07,19,7,0,0,0,0.0,0.0,0.0,0.0,0.0,0.0,0.0,0.7238,0.7238,0.0,0.0,0.0,0.5
AREA-19-08,19,8,0,0,0,0.166,0.0,0.0,0.0,0.0,0.0,0.0577,0.7238,0.7238,0.0,0.1564,0.83,0.0577
AREA-19-09,19,9,0,0,0,0.0,0.0,0.0,0.0,0.0,0.0,0.0,0.7238,0.7238,0.0,0.0,0.0,0.5
AREA-19-10,19,10,0,0,0,0.0,0.0,0.0,0.0,0.0,0.0,0.0,0.7238,0.7238,0.0,0.0,0.0,0.5
AREA-19-11,19,11,0,0,0,0.0,0.0,0.0,0.0,0.0,0.0,0.0,0.7238,0.7238,0.0,0.0,0.0,0.5
AREA-19-12,19,12,0,0,1,0.0,0.0,0.0,0.0,0.0,0.1294,0.0,0.7238,0.7238,0.1294,0.1794,1.0,0.5
AREA-19-13,19,13,0,0,0,0.0,0.0,0.0,0.0,0.0,0.0,0.0,0.7238,0.7238,0.0,0.0,0.0,0.5
AREA-19-14,19,14,0,0,5,0.0,0.0,0.0,0.0,0.0,0.3834,0.0,0.7238,0.7238,0.3834,0.4638,5.0,0.5
AREA-19-15,19,15,0,0,8,0.0,0.0,0.0,0.0,0.0,0.4867,0.0,0.7238,0.7238,0.4867,0.5688,8.0,0.5
AREA-19-16,19,16,0,0,4,0.0,0.0,0.0,0.0,0.0,0.3382,0.0,0.7238,0.7238,0.3382,0.4166,4.0,0.5
AREA-19-17,19,17,0,0,8,0.0,0.0,0.0,0.0,0.0,0.4867,0.0,0.7238,0.7238,0.4867,0.5688,8.0,0.5
AREA-19-18,19,18,0,0,5,0.0,0.0,0.0,0.0,0.0,0.3834,0.0,0.7238,0.7238,0.3834,0.4638,5.0,0.5
AREA-19-19,19,19,0,0,8,0.0,0.0,0.0,0.0,0.0,0.4867,0.0,0.7238,0.7238,0.4867,0.5688,8.0,0.5
AREA-19-20,19,20,0,0,15,6.6451,0.0,0.0,0.0,0.0,0.6384,0.985,0.7238,0.7238,0.6384,1.0,48.226,0.985
AREA-19-21,19,21,0,0,28,1.1014,0.0,0.0,0.0,0.0,0.7991,0.3095,0.7238,0.7238,0.7991,0.9167,33.507,0.3095
AREA-19-22,19,22,0,3,8,1.0772,0.0,0.0,0.0,0.2655,0.4867,0.3041,0.7238,0.7238,0.4867,0.7393,16.386,0.2833
AREA-19-23,19,23,0,0,14,0.1873,0.0,0.0,0.0,0.0,0.6211,0.0648,0.7238,0.7238,0.6211,0.7167,14.936,0.0648
AREA-19-24,19,24,0,0,11,0.6511,0.0,0.0,0.0,0.0,0.5619,0.2009,0.7238,0.7238,0.5619,0.7054,14.256,0.2009
AREA-19-25,19,25,0,0,22,1.4672,0.0,0.0,0.0,0.0,0.7361,0.3855,0.7238,0.7238,0.7361,0.8834,29.336,0.3855
AREA-19-26,19,26,0,0,41,3.8888,0.0,0.0,0.0,0.0,0.9004,0.7369,0.7238,0.7238,0.9004,1.0,60.444,0.7369
AREA-19-27,19,27,0,6,215,2.3145,0.0,0.0,0.0,0.3943,1.0,0.5322,0.7238,0.7238,1.0,1.0,232.572,0.458
AREA-19-28,19,28,0,0,111,4.8926,0.0,0.0,0.0,0.0,1.0,0.8391,0.7238,0.7238,1.0,1.0,135.463,0.8391
AREA-19-29,19,29,0,9,119,12.1999,0.0,0.0,0.0,0.4801,1.0,1.0,0.7238,0.7238,1.0,1.0,189.0,0.7201
AREA-19-30,19,30,0,0,0,2.0385,0.0,0.0,0.0,0.0,0.0,0.4881,0.7238,0.7238,0.0,0.6253,10.192,0.4881
AREA-19-31,19,31,0,0,1,6.8252,1.0023,1.0023,0.0,0.0,0.1294,0.9982,0.8621,0.8621,0.1294,0.9622,40.137,0.9982
AREA-19-32,19,32,0,0,0,2.9001,0.0,0.0,0.0,0.0,0.0,0.6165,0.7238,0.7238,0.0,0.7096,14.5,0.6165
AREA-19-33,19,33,0,0,0,1.4987,0.0,0.0,0.0,0.0,0.0,0.3916,0.7238,0.7238,0.0,0.5538,7.493,0.3916
AREA-19-34,19,34,0,0,0,1.0563,0.0,0.0,0.0,0.0,0.0,0.2994,0.7238,0.7238,0.0,0.4757,5.282,0.2994
AREA-19-35,19,35,0,0,0,2.9201,0.0,0.0,0.0,0.0,0.0,0.6192,0.7238,0.7238,0.0,0.7112,14.6,0.6192
AREA-19-36,19,36,0,0,1,1.0965,0.0,0.0,0.0,0.0,0.1294,0.3084,0.7238,0.7238,0.1294,0.521,6.482,0.3084
AREA-19-37,19,37,0,0,0,2.6855,0.0,0.0,0.0,0.0,0.0,0.5869,0.7238,0.7238,0.0,0.691,13.428,0.5869
AREA-19-38,19,38,0,0,0,0.5395,0.0,0.0,0.0,0.0,0.0,0.1708,0.7238,0.7238,0.0,0.3385,2.698,0.1708
AREA-19-39,19,39,0,0,0,1.9048,0.0,0.0,0.0,0.0,0.0,0.4656,0.7238,0.7238,0.0,0.6093,9.524,0.4656
AREA-20-00,20,0,0,0,0,0.0,0.0,0.0,0.0,0.0,0.0,0.0,0.7238,0.7238,0.0,0.0,0.0,0.5
AREA-20-01,20,1,0,0,0,0.0,0.0,0.0,0.0,0.0,0.0,0.0,0.7238,0.7238,0.0,0.0,0.0,0.5
AREA-20-02,20,2,0,0,0,0.0,0.0,0.0,0.0,0.0,0.0,0.0,0.7238,0.7238,0.0,0.0,0.0,0.5
AREA-20-03,20,3,0,0,0,0.0,0.0,0.0,0.0,0.0,0.0,0.0,0.7238,0.7238,0.0,0.0,0.0,0.5
AREA-20-04,20,4,0,0,0,0.0,0.0,0.0,0.0,0.0,0.0,0.0,0.7238,0.7238,0.0,0.0,0.0,0.5
AREA-20-05,20,5,0,0,0,0.0,0.0,0.0,0.0,0.0,0.0,0.0,0.7238,0.7238,0.0,0.0,0.0,0.5
AREA-20-06,20,6,0,0,0,0.0,0.0,0.0,0.0,0.0,0.0,0.0,0.7238,0.7238,0.0,0.0,0.0,0.5
AREA-20-07,20,7,0,0,0,0.0,0.0,0.0,0.0,0.0,0.0,0.0,0.7238,0.7238,0.0,0.0,0.0,0.5
AREA-20-08,20,8,0,0,0,0.1205,0.0,0.0,0.0,0.0,0.0,0.0424,0.7238,0.7238,0.0,0.1221,0.602,0.0424
AREA-20-09,20,9,0,0,0,0.0,0.0,0.0,0.0,0.0,0.0,0.0,0.7238,0.7238,0.0,0.0,0.0,0.5
AREA-20-10,20,10,0,0,0,0.0,0.0,0.0,0.0,0.0,0.0,0.0,0.7238,0.7238,0.0,0.0,0.0,0.5
AREA-20-11,20,11,0,0,0,0.0,0.0,0.0,0.0,0.0,0.0,0.0,0.7238,0.7238,0.0,0.0,0.0,0.5
AREA-20-12,20,12,0,0,0,0.0,0.0,0.0,0.0,0.0,0.0,0.0,0.7238,0.7238,0.0,0.0,0.0,0.5
AREA-20-13,20,13,0,0,0,0.0,0.0,0.0,0.0,0.0,0.0,0.0,0.7238,0.7238,0.0,0.0,0.0,0.5
AREA-20-14,20,14,0,0,0,0.0,0.0,0.0,0.0,0.0,0.0,0.0,0.7238,0.7238,0.0,0.0,0.0,0.5
AREA-20-15,20,15,0,0,0,0.0,0.0,0.0,0.0,0.0,0.0,0.0,0.7238,0.7238,0.0,0.0,0.0,0.5
AREA-20-16,20,16,0,0,0,0.0,0.0,0.0,0.0,0.0,0.0,0.0,0.7238,0.7238,0.0,0.0,0.0,0.5
AREA-20-17,20,17,0,0,0,0.0,0.0,0.0,0.0,0.0,0.0,0.0,0.7238,0.7238,0.0,0.0,0.0,0.5
AREA-20-18,20,18,0,0,0,0.0,0.0,0.0,0.0,0.0,0.0,0.0,0.7238,0.7238,0.0,0.0,0.0,0.5
AREA-20-19,20,19,0,0,1,0.0,1.0182,1.0182,0.0,0.0,0.1294,0.0,0.8632,0.8632,0.1294,0.5071,6.091,0.5
AREA-20-20,20,20,0,0,3,0.0,0.0,0.0,0.0,0.0,0.2843,0.0,0.7238,0.7238,0.2843,0.3589,3.0,0.5
AREA-20-21,20,21,0,0,16,0.0,0.0,0.0,0.0,0.0,0.6546,0.0,0.7238,0.7238,0.6546,0.7335,16.0,0.5
AREA-20-22,20,22,0,0,10,0.0,0.0,0.0,0.0,0.0,0.539,0.0,0.7238,0.7238,0.539,0.6208,10.0,0.5
AREA-20-23,20,23,0,0,26,0.0,0.0,0.0,0.0,0.0,0.7796,0.0,0.7238,0.7238,0.7796,0.8532,26.0,0.5
AREA-20-24,20,24,0,0,13,0.0339,0.0,0.0,0.0,0.0,0.6028,0.0122,0.7238,0.7238,0.6028,0.6863,13.17,0.0122
AREA-20-25,20,25,0,0,6,0.1341,0.0,0.0,0.0,0.0,0.4222,0.0471,0.7238,0.7238,0.4222,0.5274,6.67,0.0471
AREA-20-26,20,26,0,0,3,0.0,0.0,0.0,0.0,0.0,0.2843,0.0,0.7238,0.7238,0.2843,0.3589,3.0,0.5
AREA-20-27,20,27,0,0,22,0.0,0.0,0.0,0.0,0.0,0.7361,0.0,0.7238,0.7238,0.7361,0.8117,22.0,0.5
AREA-20-28,20,28,0,0,31,0.0,0.0,0.0,0.0,0.0,0.826,0.0,0.7238,0.7238,0.826,0.8972,31.0,0.5
AREA-20-29,20,29,2,0,68,0.2963,0.3218,0.3218,0.2419,0.0,1.0,0.0996,0.7911,0.7142,1.0,1.0,73.09,0.1762
AREA-20-30,20,30,0,18,194,12.3029,2.6918,2.6918,0.0,0.6393,1.0,1.0,0.9252,0.9252,1.0,1.0,286.974,0.8058
AREA-20-31,20,31,0,0,9,10.1929,0.3036,0.3036,0.0,0.0,0.5141,1.0,0.7882,0.7882,0.5141,1.0,61.482,1.0
AREA-20-32,20,32,0,0,0,0.3571,0.0,0.0,0.0,0.0,0.0,0.1182,0.7238,0.7238,0.0,0.2652,1.785,0.1182
AREA-20-33,20,33,0,0,6,7.8122,0.0,0.0,0.0,0.0,0.4222,1.0,0.7238,0.7238,0.4222,0.9915,45.061,1.0
AREA-20-34,20,34,0,0,46,0.3265,0.0,0.0,0.0,0.0,0.9314,0.1089,0.7238,0.7238,0.9314,1.0,47.632,0.1089
AREA-20-35,20,35,0,0,19,0.2096,0.0,0.0,0.0,0.0,0.6983,0.0721,0.7238,0.7238,0.6983,0.7888,20.048,0.0721
AREA-20-36,20,36,0,0,15,2.793,0.0,0.0,0.0,0.0,0.6384,0.6019,0.7238,0.7238,0.6384,0.8802,28.965,0.6019
AREA-20-37,20,37,0,2,19,1.7028,0.0,0.0,0.0,0.2031,0.6983,0.4299,0.7238,0.7238,0.6983,0.8849,29.514,0.3078
AREA-20-38,20,38,0,0,2,0.0,0.0,0.0,0.0,0.0,0.2175,0.0,0.7238,0.7238,0.2175,0.2844,2.0,0.5
AREA-20-39,20,39,0,0,11,0.1959,0.0,0.0,0.0,0.0,0.5619,0.0676,0.7238,0.7238,0.5619,0.6636,11.98,0.0676
AREA-21-00,21,0,0,0,0,0.0,0.0,0.0,0.0,0.0,0.0,0.0,0.7238,0.7238,0.0,0.0,0.0,0.5
AREA-21-01,21,1,0,0,0,0.0,0.0,0.0,0.0,0.0,0.0,0.0,0.7238,0.7238,0.0,0.0,0.0,0.5
AREA-21-02,21,2,0,0,0,0.0,0.0,0.0,0.0,0.0,0.0,0.0,0.7238,0.7238,0.0,0.0,0.0,0.5
AREA-21-03,21,3,0,0,0,0.0,0.0,0.0,0.0,0.0,0.0,0.0,0.7238,0.7238,0.0,0.0,0.0,0.5
AREA-21-04,21,4,0,0,0,0.0,0.0,0.0,0.0,0.0,0.0,0.0,0.7238,0.7238,0.0,0.0,0.0,0.5
AREA-21-05,21,5,0,0,0,0.0,0.0,0.0,0.0,0.0,0.0,0.0,0.7238,0.7238,0.0,0.0,0.0,0.5
AREA-21-06,21,6,0,0,0,0.0,0.0,0.0,0.0,0.0,0.0,0.0,0.7238,0.7238,0.0,0.0,0.0,0.5
AREA-21-07,21,7,0,0,0,0.0,0.0,0.0,0.0,0.0,0.0,0.0,0.7238,0.7238,0.0,0.0,0.0,0.5
AREA-21-08,21,8,0,0,0,0.0,0.0,0.0,0.0,0.0,0.0,0.0,0.7238,0.7238,0.0,0.0,0.0,0.5
AREA-21-09,21,9,0,0,0,0.0,0.0,0.0,0.0,0.0,0.0,0.0,0.7238,0.7238,0.0,0.0,0.0,0.5
AREA-21-10,21,10,0,0,0,0.0,0.0,0.0,0.0,0.0,0.0,0.0,0.7238,0.7238,0.0,0.0,0.0,0.5
AREA-21-11,21,11,0,0,0,0.0,0.0,0.0,0.0,0.0,0.0,0.0,0.7238,0.7238,0.0,0.0,0.0,0.5
AREA-21-12,21,12,0,0,0,0.0,0.0,0.0,0.0,0.0,0.0,0.0,0.7238,0.7238,0.0,0.0,0.0,0.5
AREA-21-13,21,13,0,0,0,0.0,0.0,0.0,0.0,0.0,0.0,0.0,0.7238,0.7238,0.0,0.0,0.0,0.5
AREA-21-14,21,14,0,0,0,0.0,0.0,0.0,0.0,0.0,0.0,0.0,0.7238,0.7238,0.0,0.0,0.0,0.5
AREA-21-15,21,15,0,0,0,0.0,0.0,0.0,0.0,0.0,0.0,0.0,0.7238,0.7238,0.0,0.0,0.0,0.5
AREA-21-16,21,16,0,0,0,0.0,0.0,0.0,0.0,0.0,0.0,0.0,0.7238,0.7238,0.0,0.0,0.0,0.5
AREA-21-17,21,17,0,0,0,0.0,0.0,0.0,0.0,0.0,0.0,0.0,0.7238,0.7238,0.0,0.0,0.0,0.5
AREA-21-18,21,18,0,0,0,0.0,0.0,0.0,0.0,0.0,0.0,0.0,0.7238,0.7238,0.0,0.0,0.0,0.5
AREA-21-19,21,19,0,0,0,0.0,0.0,0.0547,0.0,0.0,0.0,0.0,0.6863,0.6863,0.0,0.0626,0.273,0.5
AREA-21-20,21,20,0,0,12,0.0,0.0,0.0,0.0,0.0,0.5831,0.0,0.7238,0.7238,0.5831,0.664,12.0,0.5
AREA-21-21,21,21,0,0,4,0.0,0.0,0.0,0.0,0.0,0.3382,0.0,0.7238,0.7238,0.3382,0.4166,4.0,0.5
AREA-21-22,21,22,0,0,27,0.0,0.9869,0.9869,0.0,0.0,0.7895,0.0,0.861,0.861,0.7895,0.9047,31.934,0.5
AREA-21-23,21,23,0,0,13,0.0,0.0,0.0,0.0,0.0,0.6028,0.0,0.7238,0.7238,0.6028,0.6832,13.0,0.5
AREA-21-24,21,24,0,0,7,0.0,0.0,0.0,0.0,0.0,0.4563,0.0,0.7238,0.7238,0.4563,0.5383,7.0,0.5
AREA-21-25,21,25,0,0,9,0.0,0.0,0.0,0.0,0.0,0.5141,0.0,0.7238,0.7238,0.5141,0.5961,9.0,0.5
AREA-21-26,21,26,0,0,4,0.0,0.0,0.0,0.0,0.0,0.3382,0.0,0.7238,0.7238,0.3382,0.4166,4.0,0.5
AREA-21-27,21,27,0,0,0,0.0,0.0,0.0,0.0,0.0,0.0,0.0,0.7238,0.7238,0.0,0.0,0.0,0.5
AREA-21-28,21,28,0,0,22,0.0,0.0,0.0,0.0,0.0,0.7361,0.0,0.7238,0.7238,0.7361,0.8117,22.0,0.5
AREA-21-29,21,29,0,0,12,0.1336,0.0,0.0,0.0,0.0,0.5831,0.0469,0.7238,0.7238,0.5831,0.677,12.668,0.0469
AREA-21-30,21,30,0,5,48,8.5152,0.0904,0.0904,0.0,0.358,0.9428,1.0,0.7467,0.7467,0.9428,1.0,96.028,0.6543
AREA-21-31,21,31,0,0,2,0.7638,0.0,0.0,0.0,0.0,0.2175,0.2299,0.7238,0.7238,0.2175,0.497,5.819,0.2299
AREA-21-32,21,32,0,0,2,1.7285,0.0,0.0,0.0,0.0,0.2175,0.4345,0.7238,0.7238,0.2175,0.6355,10.642,0.4345
AREA-21-33,21,33,0,0,4,3.359,0.0,0.0,0.0,0.0,0.3382,0.6753,0.7238,0.7238,0.3382,0.7978,20.795,0.6753
AREA-21-34,21,34,0,0,33,3.7527,0.0,0.0,0.0,0.0,0.8425,0.7217,0.7238,0.7238,0.8425,1.0,51.764,0.7217
AREA-21-35,21,35,0,0,19,3.9503,0.0,0.0,0.0,0.0,0.6983,0.7437,0.7238,0.7238,0.6983,0.9534,38.752,0.7437
AREA-21-36,21,36,0,1,47,4.8689,0.0,0.0,0.0,0.1209,0.9371,0.8369,0.7238,0.7238,0.9371,1.0,72.344,0.4513
AREA-21-37,21,37,0,0,14,6.2876,0.0,0.0,0.0,0.0,0.6211,0.9579,0.7238,0.7238,0.6211,0.9936,45.438,0.9579
AREA-21-38,21,38,0,0,56,0.5795,0.0,0.0,0.0,0.0,0.9845,0.1818,0.7238,0.7238,0.9845,1.0,58.898,0.1818
AREA-21-39,21,39,0,0,1,0.235,0.0,0.0,0.0,0.0,0.1294,0.0803,0.7238,0.7238,0.1294,0.2991,2.175,0.0803
AREA-22-00,22,0,0,0,0,0.0,0.0,0.0,0.0,0.0,0.0,0.0,0.7238,0.7238,0.0,0.0,0.0,0.5
AREA-22-01,22,1,0,0,0,0.0,0.0,0.0,0.0,0.0,0.0,0.0,0.7238,0.7238,0.0,0.0,0.0,0.5
AREA-22-02,22,2,0,0,0,0.0,0.0,0.0,0.0,0.0,0.0,0.0,0.7238,0.7238,0.0,0.0,0.0,0.5
AREA-22-03,22,3,0,0,0,0.1842,0.0,0.0,0.0,0.0,0.0,0.0638,0.7238,0.7238,0.0,0.169,0.921,0.0638
AREA-22-04,22,4,0,0,0,0.0,0.0,0.0,0.0,0.0,0.0,0.0,0.7238,0.7238,0.0,0.0,0.0,0.5
AREA-22-05,22,5,0,0,0,0.057,0.0,0.0,0.0,0.0,0.0,0.0204,0.7238,0.7238,0.0,0.0649,0.285,0.0204
AREA-22-06,22,6,0,0,0,0.0,0.0,0.0,0.0,0.0,0.0,0.0,0.7238,0.7238,0.0,0.0,0.0,0.5
AREA-22-07,22,7,0,0,0,0.1218,0.0,0.0,0.0,0.0,0.0,0.0429,0.7238,0.7238,0.0,0.1231,0.609,0.0429
AREA-22-08,22,8,0,0,0,0.0,0.0,0.0,0.0,0.0,0.0,0.0,0.7238,0.7238,0.0,0.0,0.0,0.5
AREA-22-09,22,9,0,0,0,0.0,0.0,0.0,0.0,0.0,0.0,0.0,0.7238,0.7238,0.0,0.0,0.0,0.5
AREA-22-10,22,10,0,0,0,0.0,0.0,0.0,0.0,0.0,0.0,0.0,0.7238,0.7238,0.0,0.0,0.0,0.5
AREA-22-11,22,11,0,0,0,0.0,0.0,0.0,0.0,0.0,0.0,0.0,0.7238,0.7238,0.0,0.0,0.0,0.5
AREA-22-12,22,12,0,0,0,0.0,0.0,0.0,0.0,0.0,0.0,0.0,0.7238,0.7238,0.0,0.0,0.0,0.5
AREA-22-13,22,13,0,0,0,0.0,0.0,0.0,0.0,0.0,0.0,0.0,0.7238,0.7238,0.0,0.0,0.0,0.5
AREA-22-14,22,14,0,0,0,0.0,0.0,0.0,0.0,0.0,0.0,0.0,0.7238,0.7238,0.0,0.0,0.0,0.5
AREA-22-15,22,15,0,0,0,0.0,0.0,0.0,0.0,0.0,0.0,0.0,0.7238,0.7238,0.0,0.0,0.0,0.5
AREA-22-16,22,16,0,0,0,0.0,0.0,0.0,0.0,0.0,0.0,0.0,0.7238,0.7238,0.0,0.0,0.0,0.5
AREA-22-17,22,17,0,0,0,0.0,0.0,0.0,0.0,0.0,0.0,0.0,0.7238,0.7238,0.0,0.0,0.0,0.5
AREA-22-18,22,18,0,0,0,0.0,0.0,0.0,0.0,0.0,0.0,0.0,0.7238,0.7238,0.0,0.0,0.0,0.5
AREA-22-19,22,19,0,0,0,0.0,0.0,0.0,0.0,0.0,0.0,0.0,0.7238,0.7238,0.0,0.0,0.0,0.5
AREA-22-20,22,20,0,0,11,0.0,0.0,0.0,0.0,0.0,0.5619,0.0,0.7238,0.7238,0.5619,0.6433,11.0,0.5
AREA-22-21,22,21,0,0,2,0.0,0.0,0.0,0.0,0.0,0.2175,0.0,0.7238,0.7238,0.2175,0.2844,2.0,0.5
AREA-22-22,22,22,0,0,32,0.0,0.0,0.0,0.0,0.0,0.8344,0.0,0.7238,0.7238,0.8344,0.9052,32.0,0.5
AREA-22-23,22,23,0,0,6,0.0,0.0,0.0,0.0,0.0,0.4222,0.0,0.7238,0.7238,0.4222,0.5038,6.0,0.5
AREA-22-24,22,24,0,0,11,0.0,0.0,0.0,0.0,0.0,0.5619,0.0,0.7238,0.7238,0.5619,0.6433,11.0,0.5
AREA-22-25,22,25,7,0,14,0.0,0.0,0.0,0.5076,0.0,0.6211,0.0,0.7238,0.6481,0.6211,0.8002,21.0,0.5076
AREA-22-26,22,26,0,0,27,0.0,0.0,0.0,0.0,0.0,0.7895,0.0,0.7238,0.7238,0.7895,0.8626,27.0,0.5
AREA-22-27,22,27,0,0,67,0.0,0.0,0.0,0.0,0.0,1.0,0.0,0.7238,0.7238,1.0,1.0,67.0,0.5
AREA-22-28,22,28,39,0,706,0.0,4.5181,4.5181,0.9867,0.0,1.0,0.0,0.95,0.9629,1.0,1.0,767.59,0.9867
AREA-22-29,22,29,11,0,11,0.0,0.2642,0.2642,0.6251,0.0,0.5619,0.0,0.7816,0.7268,0.5619,0.8262,23.321,0.6251
AREA-22-30,22,30,0,0,2,0.1923,0.0,0.0,0.0,0.0,0.2175,0.0664,0.7238,0.7238,0.2175,0.3564,2.962,0.0664
AREA-22-31,22,31,0,0,0,0.0,0.0,0.0,0.0,0.0,0.0,0.0,0.7238,0.7238,0.0,0.0,0.0,0.5
AREA-22-32,22,32,0,0,6,6.8384,0.0,0.0,0.0,0.0,0.4222,0.9991,0.7238,0.7238,0.4222,0.9626,40.192,0.9991
AREA-22-33,22,33,0,0,2,3.572,0.0,0.0,0.0,0.0,0.2175,0.7008,0.7238,0.7238,0.2175,0.7864,19.86,0.7008
AREA-22-34,22,34,0,0,7,2.4214,0.0,0.0,0.0,0.0,0.4563,0.5485,0.7238,0.7238,0.4563,0.7769,19.107,0.5485
AREA-22-35,22,35,0,0,20,7.8573,0.0544,0.0544,0.0,0.0,0.7115,1.0,0.7381,0.7381,0.7115,1.0,59.558,1.0
AREA-22-36,22,36,0,0,33,2.8778,0.4553,0.4553,0.0,0.0,0.8425,0.6135,0.8102,0.8102,0.8425,1.0,49.666,0.6135
AREA-22-37,22,37,0,0,33,1.0552,0.0,0.0,0.0,0.0,0.8425,0.2992,0.7238,0.7238,0.8425,0.9502,38.276,0.2992
AREA-22-38,22,38,0,0,11,0.8044,0.0,0.0,0.0,0.0,0.5619,0.2401,0.7238,0.7238,0.5619,0.7181,15.022,0.2401
AREA-22-39,22,39,0,0,23,5.4253,0.0,0.0,0.0,0.0,0.7476,0.8872,0.7238,0.7238,0.7476,1.0,50.126,0.8872
AREA-23-00,23,0,0,0,0,0.0,0.0,0.0,0.0,0.0,0.0,0.0,0.7238,0.7238,0.0,0.0,0.0,0.5
AREA-23-01,23,1,0,0,0,0.0,0.0,0.0,0.0,0.0,0.0,0.0,0.7238,0.7238,0.0,0.0,0.0,0.5
AREA-23-02,23,2,0,0,0,0.0,0.0,0.0,0.0,0.0,0.0,0.0,0.7238,0.7238,0.0,0.0,0.0,0.5
AREA-23-03,23,3,0,0,0,0.0,0.0,0.0,0.0,0.0,0.0,0.0,0.7238,0.7238,0.0,0.0,0.0,0.5
AREA-23-04,23,4,0,0,0,1.1048,0.0,0.0,0.0,0.0,0.0,0.3102,0.7238,0.7238,0.0,0.4855,5.524,0.3102
AREA-23-05,23,5,0,0,0,3.2741,0.0,0.0,0.0,0.0,0.0,0.6648,0.7238,0.7238,0.0,0.739,16.37,0.6648
AREA-23-06,23,6,0,0,0,0.5689,0.0,0.0,0.0,0.0,0.0,0.1789,0.7238,0.7238,0.0,0.3486,2.844,0.1789
AREA-23-07,23,7,0,0,0,0.0,0.0,0.0,0.0,0.0,0.0,0.0,0.7238,0.7238,0.0,0.0,0.0,0.5
AREA-23-08,23,8,0,0,0,0.0,0.0,0.0,0.0,0.0,0.0,0.0,0.7238,0.7238,0.0,0.0,0.0,0.5
AREA-23-09,23,9,0,0,0,0.0,0.0,0.0,0.0,0.0,0.0,0.0,0.7238,0.7238,0.0,0.0,0.0,0.5
AREA-23-10,23,10,0,0,0,0.0,0.0,0.0,0.0,0.0,0.0,0.0,0.7238,0.7238,0.0,0.0,0.0,0.5
AREA-23-11,23,11,0,0,0,0.0,0.0,0.0,0.0,0.0,0.0,0.0,0.7238,0.7238,0.0,0.0,0.0,0.5
AREA-23-12,23,12,0,0,0,0.0,0.0,0.0,0.0,0.0,0.0,0.0,0.7238,0.7238,0.0,0.0,0.0,0.5
AREA-23-13,23,13,0,0,0,0.0,0.0,0.0,0.0,0.0,0.0,0.0,0.7238,0.7238,0.0,0.0,0.0,0.5
AREA-23-14,23,14,0,0,0,0.0,0.0,0.0,0.0,0.0,0.0,0.0,0.7238,0.7238,0.0,0.0,0.0,0.5
AREA-23-15,23,15,0,0,0,0.0,0.0,0.0,0.0,0.0,0.0,0.0,0.7238,0.7238,0.0,0.0,0.0,0.5
AREA-23-16,23,16,0,0,0,0.0,0.0,0.0,0.0,0.0,0.0,0.0,0.7238,0.7238,0.0,0.0,0.0,0.5
AREA-23-17,23,17,0,0,0,0.0,0.0,0.0,0.0,0.0,0.0,0.0,0.7238,0.7238,0.0,0.0,0.0,0.5
AREA-23-18,23,18,0,0,0,0.0,0.0,0.0,0.0,0.0,0.0,0.0,0.7238,0.7238,0.0,0.0,0.0,0.5
AREA-23-19,23,19,0,0,0,0.0,0.0,0.0,0.0,0.0,0.0,0.0,0.7238,0.7238,0.0,0.0,0.0,0.5
AREA-23-20,23,20,0,0,13,0.0,0.2018,0.2018,0.0,0.0,0.6028,0.0,0.7702,0.7702,0.6028,0.7012,14.009,0.5
AREA-23-21,23,21,0,0,19,0.0,0.0,0.0,0.0,0.0,0.6983,0.0,0.7238,0.7238,0.6983,0.7755,19.0,0.5
AREA-23-22,23,22,0,0,19,0.0,0.0,0.0,0.0,0.0,0.6983,0.0,0.7238,0.7238,0.6983,0.7755,19.0,0.5
AREA-23-23,23,23,0,0,21,0.0,0.0,0.144,0.0,0.0,0.7241,0.0,0.6327,0.6327,0.7241,0.8085,21.72,0.5
AREA-23-24,23,24,1,0,46,0.0,0.3819,0.3819,0.1439,0.0,0.9314,0.0,0.8002,0.7543,0.9314,1.0,48.91,0.1439
AREA-23-25,23,25,0,0,17,0.0,0.0,0.0,0.0,0.0,0.67,0.0,0.7238,0.7238,0.67,0.7483,17.0,0.5
AREA-23-26,23,26,0,0,31,0.0,0.0,0.0,0.0,0.0,0.826,0.0,0.7238,0.7238,0.826,0.8972,31.0,0.5
AREA-23-27,23,27,1,0,6,0.0,0.0,0.0,0.1439,0.0,0.4222,0.0,0.7238,0.6832,0.4222,0.5383,7.0,0.1439
AREA-23-28,23,28,194,0,328,0.0,1.2404,1.2404,1.0,0.0,1.0,0.0,0.8767,0.9199,1.0,1.0,528.202,1.0
AREA-23-29,23,29,87,0,64,0.0,0.561,0.561,1.0,0.0,1.0,0.0,0.8231,0.885,1.0,1.0,153.805,1.0
AREA-23-30,23,30,0,0,12,0.6546,0.0,0.0,0.0,0.0,0.5831,0.2018,0.7238,0.7238,0.5831,0.7221,15.273,0.2018
AREA-23-31,23,31,0,0,0,0.0,0.0,0.0,0.0,0.0,0.0,0.0,0.7238,0.7238,0.0,0.0,0.0,0.5
AREA-23-32,23,32,0,0,1,1.64,0.0,0.0,0.0,0.0,0.1294,0.4183,0.7238,0.7238,0.1294,0.6012,9.2,0.4183
AREA-23-33,23,33,0,0,12,2.8384,0.0,0.0,0.0,0.0,0.5831,0.6081,0.7238,0.7238,0.5831,0.8551,26.192,0.6081
AREA-23-34,23,34,0,0,8,3.3892,0.0,0.0,0.0,0.0,0.4867,0.679,0.7238,0.7238,0.4867,0.8429,24.946,0.679
AREA-23-35,23,35,0,0,48,3.9042,0.0,0.0,0.0,0.0,0.9428,0.7386,0.7238,0.7238,0.9428,1.0,67.521,0.7386
AREA-23-36,23,36,0,0,16,7.8713,0.0,0.0,0.0,0.0,0.6546,1.0,0.7238,0.7238,0.6546,1.0,55.356,1.0
AREA-23-37,23,37,0,0,6,2.3165,0.0,0.0,0.0,0.0,0.4222,0.5325,0.7238,0.7238,0.4222,0.7565,17.582,0.5325
AREA-23-38,23,38,0,0,14,1.2756,0.0,0.0,0.0,0.0,0.6211,0.3468,0.7238,0.7238,0.6211,0.7928,20.378,0.3468
AREA-23-39,23,39,0,0,24,1.6555,0.0,0.0,0.0,0.0,0.7587,0.4212,0.7238,0.7238,0.7587,0.9073,32.278,0.4212
AREA-24-00,24,0,0,0,0,0.0,0.0,0.0,0.0,0.0,0.0,0.0,0.7238,0.7238,0.0,0.0,0.0,0.5
AREA-24-01,24,1,0,0,0,0.0,0.0,0.0,0.0,0.0,0.0,0.0,0.7238,0.7238,0.0,0.0,0.0,0.5
AREA-24-02,24,2,0,0,0,0.0,0.0,0.0,0.0,0.0,0.0,0.0,0.7238,0.7238,0.0,0.0,0.0,0.5
AREA-24-03,24,3,0,0,0,0.0,0.0,0.0,0.0,0.0,0.0,0.0,0.7238,0.7238,0.0,0.0,0.0,0.5
AREA-24-04,24,4,0,0,0,0.273,0.0,0.0,0.0,0.0,0.0,0.0923,0.7238,0.7238,0.0,0.2228,1.365,0.0923
AREA-24-05,24,5,0,0,0,0.0977,0.0,0.0,0.0,0.0,0.0,0.0346,0.7238,0.7238,0.0,0.103,0.488,0.0346
AREA-24-06,24,6,0,0,0,0.1779,0.0,0.0,0.0,0.0,0.0,0.0617,0.7238,0.7238,0.0,0.1647,0.89,0.0617
AREA-24-07,24,7,0,0,0,0.0,0.0,0.0,0.0,0.0,0.0,0.0,0.7238,0.7238,0.0,0.0,0.0,0.5
AREA-24-08,24,8,0,0,0,0.0,0.0,0.0,0.0,0.0,0.0,0.0,0.7238,0.7238,0.0,0.0,0.0,0.5
AREA-24-09,24,9,0,0,0,0.0,0.0,0.0,0.0,0.0,0.0,0.0,0.7238,0.7238,0.0,0.0,0.0,0.5
AREA-24-10,24,10,0,0,0,0.0,0.0,0.0,0.0,0.0,0.0,0.0,0.7238,0.7238,0.0,0.0,0.0,0.5
AREA-24-11,24,11,0,0,0,0.0,0.0,0.0,0.0,0.0,0.0,0.0,0.7238,0.7238,0.0,0.0,0.0,0.5
AREA-24-12,24,12,0,0,0,0.0,0.0,0.0,0.0,0.0,0.0,0.0,0.7238,0.7238,0.0,0.0,0.0,0.5
AREA-24-13,24,13,0,0,0,0.0,0.0,0.0,0.0,0.0,0.0,0.0,0.7238,0.7238,0.0,0.0,0.0,0.5
AREA-24-14,24,14,0,0,0,0.0,0.0,0.0,0.0,0.0,0.0,0.0,0.7238,0.7238,0.0,0.0,0.0,0.5
AREA-24-15,24,15,0,0,0,0.0,0.0,0.0,0.0,0.0,0.0,0.0,0.7238,0.7238,0.0,0.0,0.0,0.5
AREA-24-16,24,16,0,0,0,0.0,0.0,0.0,0.0,0.0,0.0,0.0,0.7238,0.7238,0.0,0.0,0.0,0.5
AREA-24-17,24,17,0,0,0,0.0,0.0,0.0,0.0,0.0,0.0,0.0,0.7238,0.7238,0.0,0.0,0.0,0.5
AREA-24-18,24,18,0,0,0,0.0,0.0,0.0,0.0,0.0,0.0,0.0,0.7238,0.7238,0.0,0.0,0.0,0.5
AREA-24-19,24,19,0,0,0,0.0,0.0,0.0,0.0,0.0,0.0,0.0,0.7238,0.7238,0.0,0.0,0.0,0.5
AREA-24-20,24,20,0,0,13,0.0,0.0,0.0,0.0,0.0,0.6028,0.0,0.7238,0.7238,0.6028,0.6832,13.0,0.5
AREA-24-21,24,21,0,0,151,0.0,0.0,0.0,0.0,0.0,1.0,0.0,0.7238,0.7238,1.0,1.0,151.0,0.5
AREA-24-22,24,22,2,0,56,0.0,0.0,0.0,0.2419,0.0,0.9845,0.0,0.7238,0.6563,0.9845,1.0,58.0,0.2419
AREA-24-23,24,23,1,0,17,0.0,0.0,0.0,0.1439,0.0,0.67,0.0,0.7238,0.6832,0.67,0.7623,18.0,0.1439
AREA-24-24,24,24,0,0,18,0.0,0.4455,0.4455,0.0,0.0,0.6845,0.0,0.809,0.809,0.6845,0.7909,20.228,0.5
AREA-24-25,24,25,0,0,14,0.0,3.3445,3.4207,0.0,0.0,0.6211,0.0,0.9203,0.9203,0.6211,0.898,31.104,0.5
AREA-24-26,24,26,0,0,68,0.0,0.0,0.0,0.0,0.0,1.0,0.0,0.7238,0.7238,1.0,1.0,68.0,0.5
AREA-24-27,24,27,3,0,155,0.0,0.0,0.0,0.3163,0.0,1.0,0.0,0.7238,0.6382,1.0,1.0,158.0,0.3163
AREA-24-28,24,28,0,0,26,0.0,0.0,0.0,0.0,0.0,0.7796,0.0,0.7238,0.7238,0.7796,0.8532,26.0,0.5
AREA-24-29,24,29,0,0,18,1.141,0.2679,0.5128,0.0,0.0,0.6845,0.3182,0.6556,0.6556,0.6845,0.8558,26.269,0.3182
AREA-24-30,24,30,0,0,25,1.8736,0.3079,0.3079,0.0,0.0,0.7694,0.4602,0.7889,0.7889,0.7694,0.9341,35.908,0.4602
AREA-24-31,24,31,0,0,1,0.0884,0.0,0.0,0.0,0.0,0.1294,0.0314,0.7238,0.7238,0.1294,0.2311,1.442,0.0314
AREA-24-32,24,32,0,0,3,0.548,0.0,0.0,0.0,0.0,0.2843,0.1731,0.7238,0.7238,0.2843,0.494,5.74,0.1731
AREA-24-33,24,33,0,0,8,0.9777,0.0,0.0,0.0,0.0,0.4867,0.2815,0.7238,0.7238,0.4867,0.6811,12.888,0.2815
AREA-24-34,24,34,0,0,2,1.0737,0.0,0.0,0.0,0.0,0.2175,0.3033,0.7238,0.7238,0.2175,0.55,7.369,0.3033
AREA-24-35,24,35,0,0,6,1.2161,0.0,0.0,0.0,0.0,0.4222,0.3343,0.7238,0.7238,0.4222,0.6656,12.08,0.3343
AREA-24-36,24,36,0,0,0,4.6599,0.0,0.0,0.0,0.0,0.0,0.8169,0.7238,0.7238,0.0,0.8259,23.3,0.8169
AREA-24-37,24,37,0,0,1,0.1652,0.0,0.0,0.0,0.0,0.1294,0.0575,0.7238,0.7238,0.1294,0.2689,1.826,0.0575
AREA-24-38,24,38,0,0,0,0.0,0.0,0.0,0.0,0.0,0.0,0.0,0.7238,0.7238,0.0,0.0,0.0,0.5
AREA-24-39,24,39,0,0,0,0.0,0.0,0.0,0.0,0.0,0.0,0.0,0.7238,0.7238,0.0,0.0,0.0,0.5
AREA-25-00,25,0,0,0,0,0.0,0.0,0.0,0.0,0.0,0.0,0.0,0.7238,0.7238,0.0,0.0,0.0,0.5
AREA-25-01,25,1,0,0,0,0.13,0.0,0.0,0.0,0.0,0.0,0.0457,0.7238,0.7238,0.0,0.1296,0.65,0.0457
AREA-25-02,25,2,0,0,0,0.0,0.0,0.0,0.0,0.0,0.0,0.0,0.7238,0.7238,0.0,0.0,0.0,0.5
AREA-25-03,25,3,0,0,0,0.0,0.0,0.0,0.0,0.0,0.0,0.0,0.7238,0.7238,0.0,0.0,0.0,0.5
AREA-25-04,25,4,0,0,0,0.0,0.0,0.0,0.0,0.0,0.0,0.0,0.7238,0.7238,0.0,0.0,0.0,0.5
AREA-25-05,25,5,0,0,0,0.0,0.0,0.0,0.0,0.0,0.0,0.0,0.7238,0.7238,0.0,0.0,0.0,0.5
AREA-25-06,25,6,0,0,0,0.0,0.0,0.0,0.0,0.0,0.0,0.0,0.7238,0.7238,0.0,0.0,0.0,0.5
AREA-25-07,25,7,0,0,0,0.0,0.0,0.0,0.0,0.0,0.0,0.0,0.7238,0.7238,0.0,0.0,0.0,0.5
AREA-25-08,25,8,0,0,0,0.0,0.0,0.0,0.0,0.0,0.0,0.0,0.7238,0.7238,0.0,0.0,0.0,0.5
AREA-25-09,25,9,0,0,0,0.0,0.0,0.0,0.0,0.0,0.0,0.0,0.7238,0.7238,0.0,0.0,0.0,0.5
AREA-25-10,25,10,0,0,0,0.0,0.0,0.0,0.0,0.0,0.0,0.0,0.7238,0.7238,0.0,0.0,0.0,0.5
AREA-25-11,25,11,0,0,0,0.0,0.0,0.0,0.0,0.0,0.0,0.0,0.7238,0.7238,0.0,0.0,0.0,0.5
AREA-25-12,25,12,0,0,0,0.0,0.0,0.0,0.0,0.0,0.0,0.0,0.7238,0.7238,0.0,0.0,0.0,0.5
AREA-25-13,25,13,0,0,0,0.0,0.0,0.0,0.0,0.0,0.0,0.0,0.7238,0.7238,0.0,0.0,0.0,0.5
AREA-25-14,25,14,0,0,0,0.0,0.0,0.0,0.0,0.0,0.0,0.0,0.7238,0.7238,0.0,0.0,0.0,0.5
AREA-25-15,25,15,0,0,0,0.0,0.0,0.0,0.0,0.0,0.0,0.0,0.7238,0.7238,0.0,0.0,0.0,0.5
AREA-25-16,25,16,0,0,0,0.0,0.0,0.0,0.0,0.0,0.0,0.0,0.7238,0.7238,0.0,0.0,0.0,0.5
AREA-25-17,25,17,0,0,0,0.0,0.0,0.0,0.0,0.0,0.0,0.0,0.7238,0.7238,0.0,0.0,0.0,0.5
AREA-25-18,25,18,0,0,0,0.0,0.0,0.0,0.0,0.0,0.0,0.0,0.7238,0.7238,0.0,0.0,0.0,0.5
AREA-25-19,25,19,0,0,0,0.0,0.0,0.0,0.0,0.0,0.0,0.0,0.7238,0.7238,0.0,0.0,0.0,0.5
AREA-25-20,25,20,0,0,20,0.0,0.0,0.0,0.0,0.0,0.7115,0.0,0.7238,0.7238,0.7115,0.7882,20.0,0.5
AREA-25-21,25,21,0,0,59,0.0,0.0,0.0,0.0,0.0,0.9986,0.0,0.7238,0.7238,0.9986,1.0,59.0,0.5
AREA-25-22,25,22,8,0,125,0.0,2.1802,2.1802,0.5414,0.0,1.0,0.0,0.9132,0.7831,1.0,1.0,143.901,0.5414
AREA-25-23,25,23,0,0,36,0.0,0.4643,0.4643,0.0,0.0,0.8657,0.0,0.8114,0.8114,0.8657,0.9505,38.322,0.5
AREA-25-24,25,24,0,0,14,0.0,0.0,0.0,0.0,0.0,0.6211,0.0,0.7238,0.7238,0.6211,0.7011,14.0,0.5
AREA-25-25,25,25,9,0,181,0.0,4.2278,4.4866,0.5719,0.0,1.0,0.0,0.9025,0.7868,1.0,1.0,212.433,0.5719
AREA-25-26,25,26,25,0,45,0.0,0.8531,0.9099,0.8558,0.0,0.9254,0.0,0.8257,0.8363,0.9254,1.0,74.55,0.8558
AREA-25-27,25,27,0,0,1,0.0,0.0,0.0,0.0,0.0,0.1294,0.0,0.7238,0.7238,0.1294,0.1794,1.0,0.5
AREA-25-28,25,28,0,0,13,0.0,0.0,2.2332,0.0,0.0,0.6028,0.0,0.2239,0.2239,0.6028,0.835,24.166,0.5
AREA-25-29,25,29,0,0,29,0.1025,0.1025,0.9284,0.0,0.0,0.8083,0.0363,0.4285,0.4285,0.8083,0.9215,34.154,0.0363
AREA-25-30,25,30,0,0,1,0.271,0.1509,0.1509,0.0,0.0,0.1294,0.0917,0.76,0.76,0.1294,0.3659,3.11,0.0917
AREA-25-31,25,31,0,0,0,0.2696,0.0,0.0,0.0,0.0,0.0,0.0912,0.7238,0.7238,0.0,0.221,1.348,0.0912
AREA-25-32,25,32,0,0,0,0.8304,0.0,0.0,0.0,0.0,0.0,0.2465,0.7238,0.7238,0.0,0.4244,4.152,0.2465
AREA-25-33,25,33,0,0,0,0.4255,0.0,0.0,0.0,0.0,0.0,0.1384,0.7238,0.7238,0.0,0.2952,2.128,0.1384
AREA-25-34,25,34,0,0,2,1.9313,0.0,0.0,0.0,0.0,0.2175,0.4701,0.7238,0.7238,0.2175,0.6571,11.656,0.4701
AREA-25-35,25,35,0,0,0,1.2076,0.0,0.0,0.0,0.0,0.0,0.3325,0.7238,0.7238,0.0,0.5052,6.038,0.3325
AREA-25-36,25,36,0,0,0,0.2305,0.0,0.0,0.0,0.0,0.0,0.0788,0.7238,0.7238,0.0,0.1985,1.152,0.0788
AREA-25-37,25,37,0,0,0,0.0367,0.0,0.0,0.0,0.0,0.0,0.0132,0.7238,0.7238,0.0,0.0436,0.184,0.0132
AREA-25-38,25,38,0,0,1,0.0,0.0,0.0,0.0,0.0,0.1294,0.0,0.7238,0.7238,0.1294,0.1794,1.0,0.5
AREA-25-39,25,39,0,0,2,0.0,0.0,0.0,0.0,0.0,0.2175,0.0,0.7238,0.7238,0.2175,0.2844,2.0,0.5
AREA-26-00,26,0,0,0,0,0.0,0.0,0.0,0.0,0.0,0.0,0.0,0.7238,0.7238,0.0,0.0,0.0,0.5
AREA-26-01,26,1,0,0,0,0.0,0.0,0.0,0.0,0.0,0.0,0.0,0.7238,0.7238,0.0,0.0,0.0,0.5
AREA-26-02,26,2,0,0,0,0.0,0.0,0.0,0.0,0.0,0.0,0.0,0.7238,0.7238,0.0,0.0,0.0,0.5
AREA-26-03,26,3,2,0,0,0.0,0.0,0.0,0.2419,0.0,0.0,0.0,0.7238,0.6563,0.0,0.2844,2.0,0.2419
AREA-26-04,26,4,0,0,0,0.0,0.0,0.0,0.0,0.0,0.0,0.0,0.7238,0.7238,0.0,0.0,0.0,0.5
AREA-26-05,26,5,0,0,0,0.0,0.0,0.0,0.0,0.0,0.0,0.0,0.7238,0.7238,0.0,0.0,0.0,0.5
AREA-26-06,26,6,0,0,0,0.0,0.0,0.0,0.0,0.0,0.0,0.0,0.7238,0.7238,0.0,0.0,0.0,0.5
AREA-26-07,26,7,0,0,0,0.0,0.0,0.0,0.0,0.0,0.0,0.0,0.7238,0.7238,0.0,0.0,0.0,0.5
AREA-26-08,26,8,0,0,0,0.0,0.0,0.0,0.0,0.0,0.0,0.0,0.7238,0.7238,0.0,0.0,0.0,0.5
AREA-26-09,26,9,0,0,0,0.0,0.0,0.0,0.0,0.0,0.0,0.0,0.7238,0.7238,0.0,0.0,0.0,0.5
AREA-26-10,26,10,0,0,0,0.0,0.0,0.0,0.0,0.0,0.0,0.0,0.7238,0.7238,0.0,0.0,0.0,0.5
AREA-26-11,26,11,0,0,0,0.0,0.0,0.0,0.0,0.0,0.0,0.0,0.7238,0.7238,0.0,0.0,0.0,0.5
AREA-26-12,26,12,0,0,0,0.0,0.0,0.0,0.0,0.0,0.0,0.0,0.7238,0.7238,0.0,0.0,0.0,0.5
AREA-26-13,26,13,0,0,0,0.0,0.0,0.0,0.0,0.0,0.0,0.0,0.7238,0.7238,0.0,0.0,0.0,0.5
AREA-26-14,26,14,0,0,0,0.0,0.0,0.0,0.0,0.0,0.0,0.0,0.7238,0.7238,0.0,0.0,0.0,0.5
AREA-26-15,26,15,0,0,0,0.0,0.0,0.0,0.0,0.0,0.0,0.0,0.7238,0.7238,0.0,0.0,0.0,0.5
AREA-26-16,26,16,0,0,0,0.0,0.0,0.0,0.0,0.0,0.0,0.0,0.7238,0.7238,0.0,0.0,0.0,0.5
AREA-26-17,26,17,0,0,0,0.0,0.0,0.0,0.0,0.0,0.0,0.0,0.7238,0.7238,0.0,0.0,0.0,0.5
AREA-26-18,26,18,0,0,0,0.0,0.0,0.0,0.0,0.0,0.0,0.0,0.7238,0.7238,0.0,0.0,0.0,0.5
AREA-26-19,26,19,0,0,0,0.0,0.0,0.0,0.0,0.0,0.0,0.0,0.7238,0.7238,0.0,0.0,0.0,0.5
AREA-26-20,26,20,0,0,42,0.0,0.214,0.214,0.0,0.0,0.9069,0.0,0.7725,0.7725,0.9069,0.9801,43.07,0.5
AREA-26-21,26,21,0,0,45,0.0,0.4509,0.4509,0.0,0.0,0.9254,0.0,0.8097,0.8097,0.9254,1.0,47.254,0.5
AREA-26-22,26,22,0,0,23,0.0,0.5695,0.5695,0.0,0.0,0.7476,0.0,0.824,0.824,0.7476,0.8518,25.848,0.5
AREA-26-23,26,23,0,0,7,0.0,0.0,0.0,0.0,0.0,0.4563,0.0,0.7238,0.7238,0.4563,0.5383,7.0,0.5
AREA-26-24,26,24,0,0,56,0.0,0.0,0.0,0.0,0.0,0.9845,0.0,0.7238,0.7238,0.9845,1.0,56.0,0.5
AREA-26-25,26,25,0,0,248,0.0,0.0,0.0,0.0,0.0,1.0,0.0,0.7238,0.7238,1.0,1.0,248.0,0.5
AREA-26-26,26,26,0,0,44,0.0,0.0,0.0,0.0,0.0,0.9194,0.0,0.7238,0.7238,0.9194,0.9855,44.0,0.5
AREA-26-27,26,27,0,0,0,0.0,0.0,0.0,0.0,0.0,0.0,0.0,0.7238,0.7238,0.0,0.0,0.0,0.5
AREA-26-28,26,28,0,0,1,0.0,0.0,0.0,0.0,0.0,0.1294,0.0,0.7238,0.7238,0.1294,0.1794,1.0,0.5
AREA-26-29,26,29,0,0,0,0.0,0.0,0.0,0.0,0.0,0.0,0.0,0.7238,0.7238,0.0,0.0,0.0,0.5
AREA-26-30,26,30,0,0,0,0.0,0.0,0.0,0.0,0.0,0.0,0.0,0.7238,0.7238,0.0,0.0,0.0,0.5
AREA-26-31,26,31,0,0,0,0.0,0.0,0.0,0.0,0.0,0.0,0.0,0.7238,0.7238,0.0,0.0,0.0,0.5
AREA-26-32,26,32,0,0,0,0.3818,0.0,0.0,0.0,0.0,0.0,0.1256,0.7238,0.7238,0.0,0.2764,1.909,0.1256
AREA-26-33,26,33,0,0,3,0.0,0.0,0.0,0.0,0.0,0.2843,0.0,0.7238,0.7238,0.2843,0.3589,3.0,0.5
AREA-26-34,26,34,0,0,0,0.1109,0.0,0.0,0.0,0.0,0.0,0.0392,0.7238,0.7238,0.0,0.1142,0.554,0.0392
AREA-26-35,26,35,0,0,60,0.7624,0.0,0.0,0.0,0.0,1.0,0.2296,0.7238,0.7238,1.0,1.0,63.812,0.2296
AREA-26-36,26,36,0,0,0,0.0661,0.0,0.0,0.0,0.0,0.0,0.0236,0.7238,0.7238,0.0,0.0739,0.33,0.0236
AREA-26-37,26,37,0,0,4,0.0,0.0,0.0,0.0,0.0,0.3382,0.0,0.7238,0.7238,0.3382,0.4166,4.0,0.5
AREA-26-38,26,38,0,0,5,0.0543,0.0,0.0,0.0,0.0,0.3834,0.0195,0.7238,0.7238,0.3834,0.4753,5.272,0.0195
AREA-26-39,26,39,0,0,1,0.0,0.0,0.0,0.0,0.0,0.1294,0.0,0.7238,0.7238,0.1294,0.1794,1.0,0.5
AREA-27-00,27,0,0,0,0,0.0,0.0,0.0,0.0,0.0,0.0,0.0,0.7238,0.7238,0.0,0.0,0.0,0.5
AREA-27-01,27,1,0,0,0,0.0,0.0,0.0,0.0,0.0,0.0,0.0,0.7238,0.7238,0.0,0.0,0.0,0.5
AREA-27-02,27,2,0,0,0,0.0,0.0,0.0,0.0,0.0,0.0,0.0,0.7238,0.7238,0.0,0.0,0.0,0.5
AREA-27-03,27,3,0,0,0,0.0,0.0,0.0,0.0,0.0,0.0,0.0,0.7238,0.7238,0.0,0.0,0.0,0.5
AREA-27-04,27,4,0,0,0,0.0,0.0,0.0,0.0,0.0,0.0,0.0,0.7238,0.7238,0.0,0.0,0.0,0.5
AREA-27-05,27,5,0,0,0,0.0,0.0,0.0,0.0,0.0,0.0,0.0,0.7238,0.7238,0.0,0.0,0.0,0.5
AREA-27-06,27,6,0,0,0,0.0,0.0,0.0,0.0,0.0,0.0,0.0,0.7238,0.7238,0.0,0.0,0.0,0.5
AREA-27-07,27,7,0,0,0,0.0,0.0,0.0,0.0,0.0,0.0,0.0,0.7238,0.7238,0.0,0.0,0.0,0.5
AREA-27-08,27,8,0,0,0,0.0,0.0,0.0,0.0,0.0,0.0,0.0,0.7238,0.7238,0.0,0.0,0.0,0.5
AREA-27-09,27,9,0,0,0,0.0,0.0,0.0,0.0,0.0,0.0,0.0,0.7238,0.7238,0.0,0.0,0.0,0.5
AREA-27-10,27,10,0,0,0,0.0,0.0,0.0,0.0,0.0,0.0,0.0,0.7238,0.7238,0.0,0.0,0.0,0.5
AREA-27-11,27,11,0,0,0,0.0,0.0,0.0,0.0,0.0,0.0,0.0,0.7238,0.7238,0.0,0.0,0.0,0.5
AREA-27-12,27,12,0,0,0,0.0,0.0,0.0,0.0,0.0,0.0,0.0,0.7238,0.7238,0.0,0.0,0.0,0.5
AREA-27-13,27,13,0,0,0,0.0,0.0,0.0,0.0,0.0,0.0,0.0,0.7238,0.7238,0.0,0.0,0.0,0.5
AREA-27-14,27,14,0,0,0,0.0,0.0,0.0,0.0,0.0,0.0,0.0,0.7238,0.7238,0.0,0.0,0.0,0.5
AREA-27-15,27,15,0,0,0,0.0,0.0,0.0,0.0,0.0,0.0,0.0,0.7238,0.7238,0.0,0.0,0.0,0.5
AREA-27-16,27,16,0,0,0,0.0,0.0,0.0,0.0,0.0,0.0,0.0,0.7238,0.7238,0.0,0.0,0.0,0.5
AREA-27-17,27,17,0,0,0,0.0,0.0,0.0,0.0,0.0,0.0,0.0,0.7238,0.7238,0.0,0.0,0.0,0.5
AREA-27-18,27,18,0,0,0,0.0,0.0,0.0,0.0,0.0,0.0,0.0,0.7238,0.7238,0.0,0.0,0.0,0.5
AREA-27-19,27,19,0,0,0,0.0,0.0,0.0,0.0,0.0,0.0,0.0,0.7238,0.7238,0.0,0.0,0.0,0.5
AREA-27-20,27,20,0,0,3,0.0,0.0,0.0,0.0,0.0,0.2843,0.0,0.7238,0.7238,0.2843,0.3589,3.0,0.5
AREA-27-21,27,21,0,0,49,0.0,0.0,0.0,0.0,0.0,0.9484,0.0,0.7238,0.7238,0.9484,1.0,49.0,0.5
AREA-27-22,27,22,0,0,21,0.0,0.0,0.465,0.0,0.0,0.7241,0.0,0.4941,0.4941,0.7241,0.8262,23.325,0.5
AREA-27-23,27,23,0,0,8,0.0,0.0,0.0,0.0,0.0,0.4867,0.0,0.7238,0.7238,0.4867,0.5688,8.0,0.5
AREA-27-24,27,24,0,0,167,0.0,0.0,0.0,0.0,0.0,1.0,0.0,0.7238,0.7238,1.0,1.0,167.0,0.5
AREA-27-25,27,25,0,0,83,0.0,0.0,0.0,0.0,0.0,1.0,0.0,0.7238,0.7238,1.0,1.0,83.0,0.5
AREA-27-26,27,26,0,0,1,0.0,0.0,0.0,0.0,0.0,0.1294,0.0,0.7238,0.7238,0.1294,0.1794,1.0,0.5
AREA-27-27,27,27,0,0,0,0.0,0.0,0.0,0.0,0.0,0.0,0.0,0.7238,0.7238,0.0,0.0,0.0,0.5
AREA-27-28,27,28,0,0,0,0.0,0.0,0.0,0.0,0.0,0.0,0.0,0.7238,0.7238,0.0,0.0,0.0,0.5
AREA-27-29,27,29,0,0,1,0.0,0.0,0.0,0.0,0.0,0.1294,0.0,0.7238,0.7238,0.1294,0.1794,1.0,0.5
AREA-27-30,27,30,0,0,0,0.0,0.0,0.0,0.0,0.0,0.0,0.0,0.7238,0.7238,0.0,0.0,0.0,0.5
AREA-27-31,27,31,0,0,1,0.0,0.0,0.0,0.0,0.0,0.1294,0.0,0.7238,0.7238,0.1294,0.1794,1.0,0.5
AREA-27-32,27,32,0,0,0,0.0,0.0,0.0,0.0,0.0,0.0,0.0,0.7238,0.7238,0.0,0.0,0.0,0.5
AREA-27-33,27,33,0,0,1,0.0,0.0,0.0,0.0,0.0,0.1294,0.0,0.7238,0.7238,0.1294,0.1794,1.0,0.5
AREA-27-34,27,34,0,0,0,0.0635,0.0,0.0,0.0,0.0,0.0,0.0227,0.7238,0.7238,0.0,0.0714,0.318,0.0227
AREA-27-35,27,35,0,0,0,0.0,0.0,0.0,0.0,0.0,0.0,0.0,0.7238,0.7238,0.0,0.0,0.0,0.5
AREA-27-36,27,36,0,0,0,0.0894,0.0,0.0,0.0,0.0,0.0,0.0318,0.7238,0.7238,0.0,0.0957,0.447,0.0318
AREA-27-37,27,37,0,0,0,0.0508,0.0,0.0,0.0,0.0,0.0,0.0183,0.7238,0.7238,0.0,0.0586,0.254,0.0183
AREA-27-38,27,38,0,0,0,0.0,0.0,0.0,0.0,0.0,0.0,0.0,0.7238,0.7238,0.0,0.0,0.0,0.5
AREA-27-39,27,39,0,0,0,0.1169,0.0,0.0,0.0,0.0,0.0,0.0412,0.7238,0.7238,0.0,0.1192,0.584,0.0412
AREA-28-00,28,0,0,0,0,0.0,0.0,0.0,0.0,0.0,0.0,0.0,0.7238,0.7238,0.0,0.0,0.0,0.5
AREA-28-01,28,1,0,0,0,0.0,0.0,0.0,0.0,0.0,0.0,0.0,0.7238,0.7238,0.0,0.0,0.0,0.5
AREA-28-02,28,2,0,0,0,0.0,0.0,0.0,0.0,0.0,0.0,0.0,0.7238,0.7238,0.0,0.0,0.0,0.5
AREA-28-03,28,3,0,0,0,0.0,0.0,0.0,0.0,0.0,0.0,0.0,0.7238,0.7238,0.0,0.0,0.0,0.5
AREA-28-04,28,4,0,0,0,0.0,0.0,0.0,0.0,0.0,0.0,0.0,0.7238,0.7238,0.0,0.0,0.0,0.5
AREA-28-05,28,5,0,0,0,0.0,0.0,0.0,0.0,0.0,0.0,0.0,0.7238,0.7238,0.0,0.0,0.0,0.5
AREA-28-06,28,6,0,0,0,0.021,0.0,0.0,0.0,0.0,0.0,0.0076,0.7238,0.7238,0.0,0.0258,0.105,0.0076
AREA-28-07,28,7,0,0,0,0.0,0.0,0.0,0.0,0.0,0.0,0.0,0.7238,0.7238,0.0,0.0,0.0,0.5
AREA-28-08,28,8,0,0,0,0.0,0.0,0.0,0.0,0.0,0.0,0.0,0.7238,0.7238,0.0,0.0,0.0,0.5
AREA-28-09,28,9,0,0,0,0.0,0.0,0.0,0.0,0.0,0.0,0.0,0.7238,0.7238,0.0,0.0,0.0,0.5
AREA-28-10,28,10,0,0,0,0.0,0.0,0.0,0.0,0.0,0.0,0.0,0.7238,0.7238,0.0,0.0,0.0,0.5
AREA-28-11,28,11,0,0,0,0.0,0.0,0.0,0.0,0.0,0.0,0.0,0.7238,0.7238,0.0,0.0,0.0,0.5
AREA-28-12,28,12,0,0,0,0.0,0.0,0.0,0.0,0.0,0.0,0.0,0.7238,0.7238,0.0,0.0,0.0,0.5
AREA-28-13,28,13,0,0,0,0.0,0.0,0.0,0.0,0.0,0.0,0.0,0.7238,0.7238,0.0,0.0,0.0,0.5
AREA-28-14,28,14,0,0,0,0.0,0.0,0.0,0.0,0.0,0.0,0.0,0.7238,0.7238,0.0,0.0,0.0,0.5
AREA-28-15,28,15,0,0,0,0.0,0.0,0.0,0.0,0.0,0.0,0.0,0.7238,0.7238,0.0,0.0,0.0,0.5
AREA-28-16,28,16,0,0,0,0.0,0.0,0.0,0.0,0.0,0.0,0.0,0.7238,0.7238,0.0,0.0,0.0,0.5
AREA-28-17,28,17,0,0,0,0.0,0.0,0.0,0.0,0.0,0.0,0.0,0.7238,0.7238,0.0,0.0,0.0,0.5
AREA-28-18,28,18,0,0,0,0.0,0.0,0.0,0.0,0.0,0.0,0.0,0.7238,0.7238,0.0,0.0,0.0,0.5
AREA-28-19,28,19,0,0,0,0.0,0.0,0.0,0.0,0.0,0.0,0.0,0.7238,0.7238,0.0,0.0,0.0,0.5
AREA-28-20,28,20,0,0,0,0.0,0.0,0.0,0.0,0.0,0.0,0.0,0.7238,0.7238,0.0,0.0,0.0,0.5
AREA-28-21,28,21,0,0,7,0.0,0.0,0.0,0.0,0.0,0.4563,0.0,0.7238,0.7238,0.4563,0.5383,7.0,0.5
AREA-28-22,28,22,0,0,4,0.0,0.0,0.1742,0.0,0.0,0.3382,0.0,0.6165,0.6165,0.3382,0.4582,4.871,0.5
AREA-28-23,28,23,0,0,4,0.0,0.0,0.0,0.0,0.0,0.3382,0.0,0.7238,0.7238,0.3382,0.4166,4.0,0.5
AREA-28-24,28,24,0,0,49,0.0,0.0,0.0,0.0,0.0,0.9484,0.0,0.7238,0.7238,0.9484,1.0,49.0,0.5
AREA-28-25,28,25,0,0,49,0.0,0.0,0.0,0.0,0.0,0.9484,0.0,0.7238,0.7238,0.9484,1.0,49.0,0.5
AREA-28-26,28,26,0,0,37,0.0,0.0,0.0,0.0,0.0,0.873,0.0,0.7238,0.7238,0.873,0.9417,37.0,0.5
AREA-28-27,28,27,0,0,0,0.0,0.0,0.0,0.0,0.0,0.0,0.0,0.7238,0.7238,0.0,0.0,0.0,0.5
AREA-28-28,28,28,0,0,0,0.0,0.0,0.0,0.0,0.0,0.0,0.0,0.7238,0.7238,0.0,0.0,0.0,0.5
AREA-28-29,28,29,0,0,0,0.0,0.0,0.0,0.0,0.0,0.0,0.0,0.7238,0.7238,0.0,0.0,0.0,0.5
AREA-28-30,28,30,0,0,0,0.0,0.0,0.0,0.0,0.0,0.0,0.0,0.7238,0.7238,0.0,0.0,0.0,0.5
AREA-28-31,28,31,0,0,0,0.0,0.0,0.0,0.0,0.0,0.0,0.0,0.7238,0.7238,0.0,0.0,0.0,0.5
AREA-28-32,28,32,0,0,0,0.0,0.0,0.0,0.0,0.0,0.0,0.0,0.7238,0.7238,0.0,0.0,0.0,0.5
AREA-28-33,28,33,0,0,0,0.0,0.0,0.0,0.0,0.0,0.0,0.0,0.7238,0.7238,0.0,0.0,0.0,0.5
AREA-28-34,28,34,0,0,0,0.1736,0.0,0.0,0.0,0.0,0.0,0.0603,0.7238,0.7238,0.0,0.1618,0.868,0.0603
AREA-28-35,28,35,0,0,0,0.0,0.0,0.0,0.0,0.0,0.0,0.0,0.7238,0.7238,0.0,0.0,0.0,0.5
AREA-28-36,28,36,0,0,0,0.0,0.0,0.0,0.0,0.0,0.0,0.0,0.7238,0.7238,0.0,0.0,0.0,0.5
AREA-28-37,28,37,0,0,0,0.0,0.0,0.0,0.0,0.0,0.0,0.0,0.7238,0.7238,0.0,0.0,0.0,0.5
AREA-28-38,28,38,0,0,0,0.0,0.0,0.0,0.0,0.0,0.0,0.0,0.7238,0.7238,0.0,0.0,0.0,0.5
AREA-28-39,28,39,0,0,0,0.0,0.0,0.0,0.0,0.0,0.0,0.0,0.7238,0.7238,0.0,0.0,0.0,0.5
AREA-29-00,29,0,0,0,0,0.0,0.0,0.0,0.0,0.0,0.0,0.0,0.7238,0.7238,0.0,0.0,0.0,0.5
AREA-29-01,29,1,0,0,0,0.0,0.0,0.0,0.0,0.0,0.0,0.0,0.7238,0.7238,0.0,0.0,0.0,0.5
AREA-29-02,29,2,0,0,0,0.0,0.0,0.0,0.0,0.0,0.0,0.0,0.7238,0.7238,0.0,0.0,0.0,0.5
AREA-29-03,29,3,0,0,0,0.0,0.0,0.0,0.0,0.0,0.0,0.0,0.7238,0.7238,0.0,0.0,0.0,0.5
AREA-29-04,29,4,0,0,0,0.0,0.0,0.0,0.0,0.0,0.0,0.0,0.7238,0.7238,0.0,0.0,0.0,0.5
AREA-29-05,29,5,0,0,0,0.0,0.0,0.0,0.0,0.0,0.0,0.0,0.7238,0.7238,0.0,0.0,0.0,0.5
AREA-29-06,29,6,0,0,0,0.0,0.0,0.0,0.0,0.0,0.0,0.0,0.7238,0.7238,0.0,0.0,0.0,0.5
AREA-29-07,29,7,0,0,0,0.0,0.0,0.0,0.0,0.0,0.0,0.0,0.7238,0.7238,0.0,0.0,0.0,0.5
AREA-29-08,29,8,0,0,0,0.0,0.0,0.0,0.0,0.0,0.0,0.0,0.7238,0.7238,0.0,0.0,0.0,0.5
AREA-29-09,29,9,0,0,0,0.0,0.0,0.0,0.0,0.0,0.0,0.0,0.7238,0.7238,0.0,0.0,0.0,0.5
AREA-29-10,29,10,0,0,0,0.0,0.0,0.0,0.0,0.0,0.0,0.0,0.7238,0.7238,0.0,0.0,0.0,0.5
AREA-29-11,29,11,0,0,0,0.0,0.0,0.0,0.0,0.0,0.0,0.0,0.7238,0.7238,0.0,0.0,0.0,0.5
AREA-29-12,29,12,0,0,0,0.0,0.0,0.0,0.0,0.0,0.0,0.0,0.7238,0.7238,0.0,0.0,0.0,0.5
AREA-29-13,29,13,0,0,0,0.0,0.0,0.0,0.0,0.0,0.0,0.0,0.7238,0.7238,0.0,0.0,0.0,0.5
AREA-29-14,29,14,0,0,0,0.0,0.0,0.0,0.0,0.0,0.0,0.0,0.7238,0.7238,0.0,0.0,0.0,0.5
AREA-29-15,29,15,0,0,0,0.0,0.0,0.0,0.0,0.0,0.0,0.0,0.7238,0.7238,0.0,0.0,0.0,0.5
AREA-29-16,29,16,0,0,0,0.0,0.0,0.0,0.0,0.0,0.0,0.0,0.7238,0.7238,0.0,0.0,0.0,0.5
AREA-29-17,29,17,0,0,0,0.0,0.0,0.0,0.0,0.0,0.0,0.0,0.7238,0.7238,0.0,0.0,0.0,0.5
AREA-29-18,29,18,0,0,0,0.0,0.0,0.0,0.0,0.0,0.0,0.0,0.7238,0.7238,0.0,0.0,0.0,0.5
AREA-29-19,29,19,0,0,0,0.0,0.0,0.0,0.0,0.0,0.0,0.0,0.7238,0.7238,0.0,0.0,0.0,0.5
AREA-29-20,29,20,0,0,0,0.0,0.0,0.0,0.0,0.0,0.0,0.0,0.7238,0.7238,0.0,0.0,0.0,0.5
AREA-29-21,29,21,0,0,1,0.0,0.0,0.0,0.0,0.0,0.1294,0.0,0.7238,0.7238,0.1294,0.1794,1.0,0.5
AREA-29-22,29,22,0,0,0,0.0,0.0,0.0,0.0,0.0,0.0,0.0,0.7238,0.7238,0.0,0.0,0.0,0.5
AREA-29-23,29,23,0,0,4,0.0,0.0,0.0,0.0,0.0,0.3382,0.0,0.7238,0.7238,0.3382,0.4166,4.0,0.5
AREA-29-24,29,24,0,0,0,0.0,0.0,0.0,0.0,0.0,0.0,0.0,0.7238,0.7238,0.0,0.0,0.0,0.5
AREA-29-25,29,25,0,0,1,0.0,0.0,0.0,0.0,0.0,0.1294,0.0,0.7238,0.7238,0.1294,0.1794,1.0,0.5
AREA-29-26,29,26,0,0,1,0.0,0.0,0.0,0.0,0.0,0.1294,0.0,0.7238,0.7238,0.1294,0.1794,1.0,0.5
AREA-29-27,29,27,0,0,0,0.0,0.0,0.0,0.0,0.0,0.0,0.0,0.7238,0.7238,0.0,0.0,0.0,0.5
AREA-29-28,29,28,0,0,0,0.0,0.0,0.0,0.0,0.0,0.0,0.0,0.7238,0.7238,0.0,0.0,0.0,0.5
AREA-29-29,29,29,0,0,0,0.0,0.0,0.0,0.0,0.0,0.0,0.0,0.7238,0.7238,0.0,0.0,0.0,0.5
AREA-29-30,29,30,0,0,0,0.0,0.0,0.0,0.0,0.0,0.0,0.0,0.7238,0.7238,0.0,0.0,0.0,0.5
AREA-29-31,29,31,0,0,0,0.0,0.0,0.0,0.0,0.0,0.0,0.0,0.7238,0.7238,0.0,0.0,0.0,0.5
AREA-29-32,29,32,0,0,0,0.0,0.0,0.0,0.0,0.0,0.0,0.0,0.7238,0.7238,0.0,0.0,0.0,0.5
AREA-29-33,29,33,0,0,0,0.0,0.0,0.0,0.0,0.0,0.0,0.0,0.7238,0.7238,0.0,0.0,0.0,0.5
AREA-29-34,29,34,0,0,0,0.0,0.0,0.0,0.0,0.0,0.0,0.0,0.7238,0.7238,0.0,0.0,0.0,0.5
AREA-29-35,29,35,0,0,0,0.0,0.0,0.0,0.0,0.0,0.0,0.0,0.7238,0.7238,0.0,0.0,0.0,0.5
AREA-29-36,29,36,0,0,0,0.1009,0.0,0.0,0.0,0.0,0.0,0.0357,0.7238,0.7238,0.0,0.1057,0.505,0.0357
AREA-29-37,29,37,0,0,0,0.0,0.0,0.0,0.0,0.0,0.0,0.0,0.7238,0.7238,0.0,0.0,0.0,0.5
AREA-29-38,29,38,0,0,0,0.0,0.0,0.0,0.0,0.0,0.0,0.0,0.7238,0.7238,0.0,0.0,0.0,0.5
AREA-29-39,29,39,0,0,0,0.0,0.0,0.0,0.0,0.0,0.0,0.0,0.7238,0.7238,0.0,0.0,0.0,0.5
AREA-30-00,30,0,0,0,0,0.0,0.0,0.0,0.0,0.0,0.0,0.0,0.7238,0.7238,0.0,0.0,0.0,0.5
AREA-30-01,30,1,0,0,0,0.0,0.0,0.0,0.0,0.0,0.0,0.0,0.7238,0.7238,0.0,0.0,0.0,0.5
AREA-30-02,30,2,0,0,0,0.0,0.0,0.0,0.0,0.0,0.0,0.0,0.7238,0.7238,0.0,0.0,0.0,0.5
AREA-30-03,30,3,0,0,0,0.0,0.0,0.0,0.0,0.0,0.0,0.0,0.7238,0.7238,0.0,0.0,0.0,0.5
AREA-30-04,30,4,0,0,0,0.0,0.0,0.0,0.0,0.0,0.0,0.0,0.7238,0.7238,0.0,0.0,0.0,0.5
AREA-30-05,30,5,0,0,0,0.0,0.0,0.0,0.0,0.0,0.0,0.0,0.7238,0.7238,0.0,0.0,0.0,0.5
AREA-30-06,30,6,0,0,0,0.0,0.0,0.0,0.0,0.0,0.0,0.0,0.7238,0.7238,0.0,0.0,0.0,0.5
AREA-30-07,30,7,0,0,0,0.0,0.0,0.0,0.0,0.0,0.0,0.0,0.7238,0.7238,0.0,0.0,0.0,0.5
AREA-30-08,30,8,0,0,0,0.0,0.0,0.0,0.0,0.0,0.0,0.0,0.7238,0.7238,0.0,0.0,0.0,0.5
AREA-30-09,30,9,0,0,0,0.0,0.0,0.0,0.0,0.0,0.0,0.0,0.7238,0.7238,0.0,0.0,0.0,0.5
AREA-30-10,30,10,0,0,0,0.0,0.0,0.0,0.0,0.0,0.0,0.0,0.7238,0.7238,0.0,0.0,0.0,0.5
AREA-30-11,30,11,0,0,0,0.0,0.0,0.0,0.0,0.0,0.0,0.0,0.7238,0.7238,0.0,0.0,0.0,0.5
AREA-30-12,30,12,0,0,0,0.0,0.0,0.0,0.0,0.0,0.0,0.0,0.7238,0.7238,0.0,0.0,0.0,0.5
AREA-30-13,30,13,0,0,0,0.0,0.0,0.0,0.0,0.0,0.0,0.0,0.7238,0.7238,0.0,0.0,0.0,0.5
AREA-30-14,30,14,0,0,0,0.0,0.0,0.0,0.0,0.0,0.0,0.0,0.7238,0.7238,0.0,0.0,0.0,0.5
AREA-30-15,30,15,0,0,1,0.0057,0.0,0.0,0.0,0.0,0.1294,0.0021,0.7238,0.7238,0.1294,0.1831,1.028,0.0021
AREA-30-16,30,16,0,0,0,0.0,0.0,0.0,0.0,0.0,0.0,0.0,0.7238,0.7238,0.0,0.0,0.0,0.5
AREA-30-17,30,17,0,0,0,0.0,0.0,0.0,0.0,0.0,0.0,0.0,0.7238,0.7238,0.0,0.0,0.0,0.5
AREA-30-18,30,18,0,0,0,0.0,0.0,0.0,0.0,0.0,0.0,0.0,0.7238,0.7238,0.0,0.0,0.0,0.5
AREA-30-19,30,19,0,0,0,0.0,0.0,0.0,0.0,0.0,0.0,0.0,0.7238,0.7238,0.0,0.0,0.0,0.5
AREA-30-20,30,20,0,0,0,0.0,0.0,0.0,0.0,0.0,0.0,0.0,0.7238,0.7238,0.0,0.0,0.0,0.5
AREA-30-21,30,21,0,0,0,0.0,0.0,0.0,0.0,0.0,0.0,0.0,0.7238,0.7238,0.0,0.0,0.0,0.5
AREA-30-22,30,22,0,0,0,0.0,0.0,0.0,0.0,0.0,0.0,0.0,0.7238,0.7238,0.0,0.0,0.0,0.5
AREA-30-23,30,23,0,0,1,0.0,0.0,0.0,0.0,0.0,0.1294,0.0,0.7238,0.7238,0.1294,0.1794,1.0,0.5
AREA-30-24,30,24,0,0,0,0.0,0.0,0.0,0.0,0.0,0.0,0.0,0.7238,0.7238,0.0,0.0,0.0,0.5
AREA-30-25,30,25,0,0,0,0.0,0.0,0.0,0.0,0.0,0.0,0.0,0.7238,0.7238,0.0,0.0,0.0,0.5
AREA-30-26,30,26,0,0,0,0.0,0.0,0.0,0.0,0.0,0.0,0.0,0.7238,0.7238,0.0,0.0,0.0,0.5
AREA-30-27,30,27,0,0,0,0.0,0.0,0.0,0.0,0.0,0.0,0.0,0.7238,0.7238,0.0,0.0,0.0,0.5
AREA-30-28,30,28,0,0,0,0.0,0.0,0.0,0.0,0.0,0.0,0.0,0.7238,0.7238,0.0,0.0,0.0,0.5
AREA-30-29,30,29,0,0,0,0.0,0.0,0.0,0.0,0.0,0.0,0.0,0.7238,0.7238,0.0,0.0,0.0,0.5
AREA-30-30,30,30,0,0,0,0.0,0.0,0.0,0.0,0.0,0.0,0.0,0.7238,0.7238,0.0,0.0,0.0,0.5
AREA-30-31,30,31,0,0,0,0.0,0.0,0.0,0.0,0.0,0.0,0.0,0.7238,0.7238,0.0,0.0,0.0,0.5
AREA-30-32,30,32,0,0,0,0.0,0.0,0.0,0.0,0.0,0.0,0.0,0.7238,0.7238,0.0,0.0,0.0,0.5
AREA-30-33,30,33,0,0,0,0.0,0.0,0.0,0.0,0.0,0.0,0.0,0.7238,0.7238,0.0,0.0,0.0,0.5
AREA-30-34,30,34,0,0,0,0.0,0.0,0.0,0.0,0.0,0.0,0.0,0.7238,0.7238,0.0,0.0,0.0,0.5
AREA-30-35,30,35,0,0,0,0.0,0.0,0.0,0.0,0.0,0.0,0.0,0.7238,0.7238,0.0,0.0,0.0,0.5
AREA-30-36,30,36,0,0,0,0.0,0.0,0.0,0.0,0.0,0.0,0.0,0.7238,0.7238,0.0,0.0,0.0,0.5
AREA-30-37,30,37,0,0,0,0.0,0.0,0.0,0.0,0.0,0.0,0.0,0.7238,0.7238,0.0,0.0,0.0,0.5
AREA-30-38,30,38,0,0,0,0.0,0.0,0.0,0.0,0.0,0.0,0.0,0.7238,0.7238,0.0,0.0,0.0,0.5
AREA-30-39,30,39,0,0,0,0.0,0.0,0.0,0.0,0.0,0.0,0.0,0.7238,0.7238,0.0,0.0,0.0,0.5
AREA-31-00,31,0,0,0,0,0.0,0.0,0.0,0.0,0.0,0.0,0.0,0.7238,0.7238,0.0,0.0,0.0,0.5
AREA-31-01,31,1,0,0,0,0.0,0.0,0.0,0.0,0.0,0.0,0.0,0.7238,0.7238,0.0,0.0,0.0,0.5
AREA-31-02,31,2,0,0,0,0.0,0.0,0.0,0.0,0.0,0.0,0.0,0.7238,0.7238,0.0,0.0,0.0,0.5
AREA-31-03,31,3,0,0,0,0.0,0.0,0.0,0.0,0.0,0.0,0.0,0.7238,0.7238,0.0,0.0,0.0,0.5
AREA-31-04,31,4,0,0,0,0.0,0.0,0.0,0.0,0.0,0.0,0.0,0.7238,0.7238,0.0,0.0,0.0,0.5
AREA-31-05,31,5,0,0,0,0.0,0.0,0.0,0.0,0.0,0.0,0.0,0.7238,0.7238,0.0,0.0,0.0,0.5
AREA-31-06,31,6,0,0,0,0.0,0.0,0.0,0.0,0.0,0.0,0.0,0.7238,0.7238,0.0,0.0,0.0,0.5
AREA-31-07,31,7,0,0,0,0.0,0.0,0.0,0.0,0.0,0.0,0.0,0.7238,0.7238,0.0,0.0,0.0,0.5
AREA-31-08,31,8,0,0,0,0.0,0.0,0.0,0.0,0.0,0.0,0.0,0.7238,0.7238,0.0,0.0,0.0,0.5
AREA-31-09,31,9,0,0,0,0.0,0.0,0.0,0.0,0.0,0.0,0.0,0.7238,0.7238,0.0,0.0,0.0,0.5
AREA-31-10,31,10,0,0,0,0.0,0.0,0.0,0.0,0.0,0.0,0.0,0.7238,0.7238,0.0,0.0,0.0,0.5
AREA-31-11,31,11,0,0,0,0.0,0.0,0.0,0.0,0.0,0.0,0.0,0.7238,0.7238,0.0,0.0,0.0,0.5
AREA-31-12,31,12,0,0,0,0.0,0.0,0.0,0.0,0.0,0.0,0.0,0.7238,0.7238,0.0,0.0,0.0,0.5
AREA-31-13,31,13,0,0,0,0.0,0.0,0.0,0.0,0.0,0.0,0.0,0.7238,0.7238,0.0,0.0,0.0,0.5
AREA-31-14,31,14,0,0,6,0.4256,0.0,0.0,0.0,0.0,0.4222,0.1385,0.7238,0.7238,0.4222,0.5725,8.128,0.1385
AREA-31-15,31,15,0,0,1,0.0112,0.0,0.0,0.0,0.0,0.1294,0.0041,0.7238,0.7238,0.1294,0.1866,1.056,0.0041
AREA-31-16,31,16,0,0,1,0.0,0.0,0.0,0.0,0.0,0.1294,0.0,0.7238,0.7238,0.1294,0.1794,1.0,0.5
AREA-31-17,31,17,0,0,0,0.0,0.0,0.0,0.0,0.0,0.0,0.0,0.7238,0.7238,0.0,0.0,0.0,0.5
AREA-31-18,31,18,0,0,0,0.0,0.0,0.0,0.0,0.0,0.0,0.0,0.7238,0.7238,0.0,0.0,0.0,0.5
AREA-31-19,31,19,0,0,0,0.0,0.0,0.0,0.0,0.0,0.0,0.0,0.7238,0.7238,0.0,0.0,0.0,0.5
AREA-31-20,31,20,0,0,0,0.0,0.0,0.0,0.0,0.0,0.0,0.0,0.7238,0.7238,0.0,0.0,0.0,0.5
AREA-31-21,31,21,0,0,0,0.0,0.0,0.0,0.0,0.0,0.0,0.0,0.7238,0.7238,0.0,0.0,0.0,0.5
AREA-31-22,31,22,0,0,0,0.0,0.0,0.0,0.0,0.0,0.0,0.0,0.7238,0.7238,0.0,0.0,0.0,0.5
AREA-31-23,31,23,0,0,0,0.0,0.0,0.0,0.0,0.0,0.0,0.0,0.7238,0.7238,0.0,0.0,0.0,0.5
AREA-31-24,31,24,0,0,0,0.0,0.0,0.0,0.0,0.0,0.0,0.0,0.7238,0.7238,0.0,0.0,0.0,0.5
AREA-31-25,31,25,0,0,0,0.0,0.0,0.0,0.0,0.0,0.0,0.0,0.7238,0.7238,0.0,0.0,0.0,0.5
AREA-31-26,31,26,0,0,0,0.0,0.0,0.0,0.0,0.0,0.0,0.0,0.7238,0.7238,0.0,0.0,0.0,0.5
AREA-31-27,31,27,0,0,0,0.0,0.0,0.0,0.0,0.0,0.0,0.0,0.7238,0.7238,0.0,0.0,0.0,0.5
AREA-31-28,31,28,0,0,0,0.0,0.0,0.0,0.0,0.0,0.0,0.0,0.7238,0.7238,0.0,0.0,0.0,0.5
AREA-31-29,31,29,0,0,0,0.0,0.0,0.0,0.0,0.0,0.0,0.0,0.7238,0.7238,0.0,0.0,0.0,0.5
AREA-31-30,31,30,0,0,0,0.0,0.0,0.0,0.0,0.0,0.0,0.0,0.7238,0.7238,0.0,0.0,0.0,0.5
AREA-31-31,31,31,0,0,0,0.0,0.0,0.0,0.0,0.0,0.0,0.0,0.7238,0.7238,0.0,0.0,0.0,0.5
AREA-31-32,31,32,0,0,0,0.0,0.0,0.0,0.0,0.0,0.0,0.0,0.7238,0.7238,0.0,0.0,0.0,0.5
AREA-31-33,31,33,0,0,0,0.0,0.0,0.0,0.0,0.0,0.0,0.0,0.7238,0.7238,0.0,0.0,0.0,0.5
AREA-31-34,31,34,0,0,0,0.0,0.0,0.0,0.0,0.0,0.0,0.0,0.7238,0.7238,0.0,0.0,0.0,0.5
AREA-31-35,31,35,0,0,0,0.0,0.0,0.0,0.0,0.0,0.0,0.0,0.7238,0.7238,0.0,0.0,0.0,0.5
AREA-31-36,31,36,0,0,0,0.0,0.0,0.0,0.0,0.0,0.0,0.0,0.7238,0.7238,0.0,0.0,0.0,0.5
AREA-31-37,31,37,0,0,0,0.0,0.0,0.0,0.0,0.0,0.0,0.0,0.7238,0.7238,0.0,0.0,0.0,0.5
AREA-31-38,31,38,0,0,0,0.0,0.0,0.0,0.0,0.0,0.0,0.0,0.7238,0.7238,0.0,0.0,0.0,0.5
AREA-31-39,31,39,0,0,0,0.0,0.0,0.0,0.0,0.0,0.0,0.0,0.7238,0.7238,0.0,0.0,0.0,0.5
AREA-32-00,32,0,0,0,0,0.0,0.0,0.0,0.0,0.0,0.0,0.0,0.7238,0.7238,0.0,0.0,0.0,0.5
AREA-32-01,32,1,0,0,0,0.0,0.0,0.0,0.0,0.0,0.0,0.0,0.7238,0.7238,0.0,0.0,0.0,0.5
AREA-32-02,32,2,0,0,0,0.0,0.0,0.0,0.0,0.0,0.0,0.0,0.7238,0.7238,0.0,0.0,0.0,0.5
AREA-32-03,32,3,0,0,0,0.0,0.0,0.0,0.0,0.0,0.0,0.0,0.7238,0.7238,0.0,0.0,0.0,0.5
AREA-32-04,32,4,0,0,0,0.0,0.0,0.0,0.0,0.0,0.0,0.0,0.7238,0.7238,0.0,0.0,0.0,0.5
AREA-32-05,32,5,0,0,0,0.0,0.0,0.0,0.0,0.0,0.0,0.0,0.7238,0.7238,0.0,0.0,0.0,0.5
AREA-32-06,32,6,0,0,0,0.0,0.0,0.0,0.0,0.0,0.0,0.0,0.7238,0.7238,0.0,0.0,0.0,0.5
AREA-32-07,32,7,0,0,0,0.0,0.0,0.0,0.0,0.0,0.0,0.0,0.7238,0.7238,0.0,0.0,0.0,0.5
AREA-32-08,32,8,0,0,0,0.0,0.0,0.0,0.0,0.0,0.0,0.0,0.7238,0.7238,0.0,0.0,0.0,0.5
AREA-32-09,32,9,0,0,0,0.0,0.0,0.0,0.0,0.0,0.0,0.0,0.7238,0.7238,0.0,0.0,0.0,0.5
AREA-32-10,32,10,0,0,0,0.0,0.0,0.0,0.0,0.0,0.0,0.0,0.7238,0.7238,0.0,0.0,0.0,0.5
AREA-32-11,32,11,0,0,0,0.0,0.0,0.0,0.0,0.0,0.0,0.0,0.7238,0.7238,0.0,0.0,0.0,0.5
AREA-32-12,32,12,0,0,1,0.0,0.0,0.0,0.0,0.0,0.1294,0.0,0.7238,0.7238,0.1294,0.1794,1.0,0.5
AREA-32-13,32,13,0,0,1,0.0,0.0,0.0,0.0,0.0,0.1294,0.0,0.7238,0.7238,0.1294,0.1794,1.0,0.5
AREA-32-14,32,14,0,0,6,0.0,0.0,0.0,0.0,0.0,0.4222,0.0,0.7238,0.7238,0.4222,0.5038,6.0,0.5
AREA-32-15,32,15,0,0,2,0.0,0.0,0.0,0.0,0.0,0.2175,0.0,0.7238,0.7238,0.2175,0.2844,2.0,0.5
AREA-32-16,32,16,0,0,3,0.0,0.0,0.0,0.0,0.0,0.2843,0.0,0.7238,0.7238,0.2843,0.3589,3.0,0.5
AREA-32-17,32,17,0,0,0,0.0,0.0,0.0,0.0,0.0,0.0,0.0,0.7238,0.7238,0.0,0.0,0.0,0.5
AREA-32-18,32,18,0,0,0,0.0,0.0,0.0,0.0,0.0,0.0,0.0,0.7238,0.7238,0.0,0.0,0.0,0.5
AREA-32-19,32,19,0,0,0,0.0,0.0,0.0,0.0,0.0,0.0,0.0,0.7238,0.7238,0.0,0.0,0.0,0.5
AREA-32-20,32,20,0,0,0,0.0,0.0,0.0,0.0,0.0,0.0,0.0,0.7238,0.7238,0.0,0.0,0.0,0.5
AREA-32-21,32,21,0,0,0,0.0,0.0,0.0,0.0,0.0,0.0,0.0,0.7238,0.7238,0.0,0.0,0.0,0.5
AREA-32-22,32,22,0,0,0,0.0,0.0,0.0,0.0,0.0,0.0,0.0,0.7238,0.7238,0.0,0.0,0.0,0.5
AREA-32-23,32,23,0,0,0,0.0,0.0,0.0,0.0,0.0,0.0,0.0,0.7238,0.7238,0.0,0.0,0.0,0.5
AREA-32-24,32,24,0,0,0,0.0,0.0,0.0,0.0,0.0,0.0,0.0,0.7238,0.7238,0.0,0.0,0.0,0.5
AREA-32-25,32,25,0,0,0,0.0,0.0,0.0,0.0,0.0,0.0,0.0,0.7238,0.7238,0.0,0.0,0.0,0.5
AREA-32-26,32,26,0,0,0,0.0,0.0,0.0,0.0,0.0,0.0,0.0,0.7238,0.7238,0.0,0.0,0.0,0.5
AREA-32-27,32,27,0,0,0,0.0,0.0,0.0,0.0,0.0,0.0,0.0,0.7238,0.7238,0.0,0.0,0.0,0.5
AREA-32-28,32,28,0,0,0,0.0,0.0,0.0,0.0,0.0,0.0,0.0,0.7238,0.7238,0.0,0.0,0.0,0.5
AREA-32-29,32,29,0,0,0,0.0,0.0,0.0,0.0,0.0,0.0,0.0,0.7238,0.7238,0.0,0.0,0.0,0.5
AREA-32-30,32,30,0,0,0,0.0,0.0,0.0,0.0,0.0,0.0,0.0,0.7238,0.7238,0.0,0.0,0.0,0.5
AREA-32-31,32,31,0,0,0,0.0,0.0,0.0,0.0,0.0,0.0,0.0,0.7238,0.7238,0.0,0.0,0.0,0.5
AREA-32-32,32,32,0,0,0,0.0,0.0,0.0,0.0,0.0,0.0,0.0,0.7238,0.7238,0.0,0.0,0.0,0.5
AREA-32-33,32,33,0,0,0,0.0,0.0,0.0,0.0,0.0,0.0,0.0,0.7238,0.7238,0.0,0.0,0.0,0.5
AREA-32-34,32,34,0,0,0,0.0,0.0,0.0,0.0,0.0,0.0,0.0,0.7238,0.7238,0.0,0.0,0.0,0.5
AREA-32-35,32,35,0,0,0,0.0,0.0,0.0,0.0,0.0,0.0,0.0,0.7238,0.7238,0.0,0.0,0.0,0.5
AREA-32-36,32,36,0,0,0,0.0,0.0,0.0,0.0,0.0,0.0,0.0,0.7238,0.7238,0.0,0.0,0.0,0.5
AREA-32-37,32,37,0,0,0,0.0,0.0,0.0,0.0,0.0,0.0,0.0,0.7238,0.7238,0.0,0.0,0.0,0.5
AREA-32-38,32,38,0,0,0,0.0,0.0,0.0,0.0,0.0,0.0,0.0,0.7238,0.7238,0.0,0.0,0.0,0.5
AREA-32-39,32,39,0,0,0,0.0,0.0,0.0,0.0,0.0,0.0,0.0,0.7238,0.7238,0.0,0.0,0.0,0.5
AREA-33-00,33,0,0,0,0,0.0,0.0,0.0,0.0,0.0,0.0,0.0,0.7238,0.7238,0.0,0.0,0.0,0.5
AREA-33-01,33,1,0,0,0,0.0,0.0,0.0,0.0,0.0,0.0,0.0,0.7238,0.7238,0.0,0.0,0.0,0.5
AREA-33-02,33,2,0,0,0,0.0,0.0,0.0,0.0,0.0,0.0,0.0,0.7238,0.7238,0.0,0.0,0.0,0.5
AREA-33-03,33,3,0,0,0,0.0,0.0,0.0,0.0,0.0,0.0,0.0,0.7238,0.7238,0.0,0.0,0.0,0.5
AREA-33-04,33,4,0,0,0,0.0,0.0,0.0,0.0,0.0,0.0,0.0,0.7238,0.7238,0.0,0.0,0.0,0.5
AREA-33-05,33,5,0,0,0,0.0,0.0,0.0,0.0,0.0,0.0,0.0,0.7238,0.7238,0.0,0.0,0.0,0.5
AREA-33-06,33,6,0,0,0,0.0,0.0,0.0,0.0,0.0,0.0,0.0,0.7238,0.7238,0.0,0.0,0.0,0.5
AREA-33-07,33,7,0,0,0,0.0,0.0,0.0,0.0,0.0,0.0,0.0,0.7238,0.7238,0.0,0.0,0.0,0.5
AREA-33-08,33,8,0,0,0,0.0,0.0,0.0,0.0,0.0,0.0,0.0,0.7238,0.7238,0.0,0.0,0.0,0.5
AREA-33-09,33,9,0,0,0,0.0,0.0,0.0,0.0,0.0,0.0,0.0,0.7238,0.7238,0.0,0.0,0.0,0.5
AREA-33-10,33,10,0,0,0,0.0,0.0,0.0,0.0,0.0,0.0,0.0,0.7238,0.7238,0.0,0.0,0.0,0.5
AREA-33-11,33,11,0,0,0,0.0,0.0,0.0,0.0,0.0,0.0,0.0,0.7238,0.7238,0.0,0.0,0.0,0.5
AREA-33-12,33,12,0,0,0,0.0,0.0,0.0,0.0,0.0,0.0,0.0,0.7238,0.7238,0.0,0.0,0.0,0.5
AREA-33-13,33,13,0,0,0,0.0,0.0,0.0,0.0,0.0,0.0,0.0,0.7238,0.7238,0.0,0.0,0.0,0.5
AREA-33-14,33,14,0,0,0,0.0,0.0,0.0,0.0,0.0,0.0,0.0,0.7238,0.7238,0.0,0.0,0.0,0.5
AREA-33-15,33,15,0,0,0,0.0,0.0,0.0,0.0,0.0,0.0,0.0,0.7238,0.7238,0.0,0.0,0.0,0.5
AREA-33-16,33,16,0,0,0,0.0,0.0,0.0,0.0,0.0,0.0,0.0,0.7238,0.7238,0.0,0.0,0.0,0.5
AREA-33-17,33,17,0,0,0,0.0,0.0,0.0,0.0,0.0,0.0,0.0,0.7238,0.7238,0.0,0.0,0.0,0.5
AREA-33-18,33,18,0,0,0,0.0,0.0,0.0,0.0,0.0,0.0,0.0,0.7238,0.7238,0.0,0.0,0.0,0.5
AREA-33-19,33,19,0,0,0,0.0,0.0,0.0,0.0,0.0,0.0,0.0,0.7238,0.7238,0.0,0.0,0.0,0.5
AREA-33-20,33,20,0,0,0,0.0,0.0,0.0,0.0,0.0,0.0,0.0,0.7238,0.7238,0.0,0.0,0.0,0.5
AREA-33-21,33,21,0,0,0,0.0,0.0,0.0,0.0,0.0,0.0,0.0,0.7238,0.7238,0.0,0.0,0.0,0.5
AREA-33-22,33,22,0,0,0,0.0,0.0,0.0,0.0,0.0,0.0,0.0,0.7238,0.7238,0.0,0.0,0.0,0.5
AREA-33-23,33,23,0,0,0,0.0,0.0,0.0,0.0,0.0,0.0,0.0,0.7238,0.7238,0.0,0.0,0.0,0.5
AREA-33-24,33,24,0,0,0,0.0,0.0,0.0,0.0,0.0,0.0,0.0,0.7238,0.7238,0.0,0.0,0.0,0.5
AREA-33-25,33,25,0,0,0,0.0,0.0,0.0,0.0,0.0,0.0,0.0,0.7238,0.7238,0.0,0.0,0.0,0.5
AREA-33-26,33,26,0,0,0,0.0,0.0,0.0,0.0,0.0,0.0,0.0,0.7238,0.7238,0.0,0.0,0.0,0.5
AREA-33-27,33,27,0,0,0,0.0,0.0,0.0,0.0,0.0,0.0,0.0,0.7238,0.7238,0.0,0.0,0.0,0.5
AREA-33-28,33,28,0,0,0,0.0,0.0,0.0,0.0,0.0,0.0,0.0,0.7238,0.7238,0.0,0.0,0.0,0.5
AREA-33-29,33,29,0,0,0,0.0,0.0,0.0,0.0,0.0,0.0,0.0,0.7238,0.7238,0.0,0.0,0.0,0.5
AREA-33-30,33,30,0,0,0,0.0,0.0,0.0,0.0,0.0,0.0,0.0,0.7238,0.7238,0.0,0.0,0.0,0.5
AREA-33-31,33,31,0,0,0,0.0,0.0,0.0,0.0,0.0,0.0,0.0,0.7238,0.7238,0.0,0.0,0.0,0.5
AREA-33-32,33,32,0,0,0,0.0,0.0,0.0,0.0,0.0,0.0,0.0,0.7238,0.7238,0.0,0.0,0.0,0.5
AREA-33-33,33,33,0,0,0,0.0,0.0,0.0,0.0,0.0,0.0,0.0,0.7238,0.7238,0.0,0.0,0.0,0.5
AREA-33-34,33,34,0,0,0,0.0,0.0,0.0,0.0,0.0,0.0,0.0,0.7238,0.7238,0.0,0.0,0.0,0.5
AREA-33-35,33,35,0,0,0,0.0,0.0,0.0,0.0,0.0,0.0,0.0,0.7238,0.7238,0.0,0.0,0.0,0.5
AREA-33-36,33,36,0,0,0,0.0,0.0,0.0,0.0,0.0,0.0,0.0,0.7238,0.7238,0.0,0.0,0.0,0.5
AREA-33-37,33,37,0,0,0,0.0,0.0,0.0,0.0,0.0,0.0,0.0,0.7238,0.7238,0.0,0.0,0.0,0.5
AREA-33-38,33,38,0,0,0,0.0,0.0,0.0,0.0,0.0,0.0,0.0,0.7238,0.7238,0.0,0.0,0.0,0.5
AREA-33-39,33,39,0,0,0,0.0,0.0,0.0,0.0,0.0,0.0,0.0,0.7238,0.7238,0.0,0.0,0.0,0.5
AREA-34-00,34,0,0,0,0,0.0,0.0,0.0,0.0,0.0,0.0,0.0,0.7238,0.7238,0.0,0.0,0.0,0.5
AREA-34-01,34,1,0,0,0,0.0,0.0,0.0,0.0,0.0,0.0,0.0,0.7238,0.7238,0.0,0.0,0.0,0.5
AREA-34-02,34,2,0,0,0,0.0,0.0,0.0,0.0,0.0,0.0,0.0,0.7238,0.7238,0.0,0.0,0.0,0.5
AREA-34-03,34,3,0,0,0,0.0,0.0,0.0,0.0,0.0,0.0,0.0,0.7238,0.7238,0.0,0.0,0.0,0.5
AREA-34-04,34,4,0,0,0,0.0,0.0,0.0,0.0,0.0,0.0,0.0,0.7238,0.7238,0.0,0.0,0.0,0.5
AREA-34-05,34,5,0,0,0,0.0,0.0,0.0,0.0,0.0,0.0,0.0,0.7238,0.7238,0.0,0.0,0.0,0.5
AREA-34-06,34,6,0,0,0,0.0,0.0,0.0,0.0,0.0,0.0,0.0,0.7238,0.7238,0.0,0.0,0.0,0.5
AREA-34-07,34,7,0,0,0,0.0,0.0,0.0,0.0,0.0,0.0,0.0,0.7238,0.7238,0.0,0.0,0.0,0.5
AREA-34-08,34,8,0,0,0,0.0,0.0,0.0,0.0,0.0,0.0,0.0,0.7238,0.7238,0.0,0.0,0.0,0.5
AREA-34-09,34,9,0,0,0,0.0,0.0,0.0,0.0,0.0,0.0,0.0,0.7238,0.7238,0.0,0.0,0.0,0.5
AREA-34-10,34,10,0,0,0,0.0,0.0,0.0,0.0,0.0,0.0,0.0,0.7238,0.7238,0.0,0.0,0.0,0.5
AREA-34-11,34,11,0,0,0,0.0,0.0,0.0,0.0,0.0,0.0,0.0,0.7238,0.7238,0.0,0.0,0.0,0.5
AREA-34-12,34,12,0,0,7,0.1264,0.0,0.0,0.0,0.0,0.4563,0.0445,0.7238,0.7238,0.4563,0.558,7.632,0.0445
AREA-34-13,34,13,0,0,2,0.0,0.0,0.0,0.0,0.0,0.2175,0.0,0.7238,0.7238,0.2175,0.2844,2.0,0.5
AREA-34-14,34,14,0,0,0,0.0,0.0,0.0,0.0,0.0,0.0,0.0,0.7238,0.7238,0.0,0.0,0.0,0.5
AREA-34-15,34,15,0,0,0,0.0,0.0,0.0,0.0,0.0,0.0,0.0,0.7238,0.7238,0.0,0.0,0.0,0.5
AREA-34-16,34,16,0,0,0,0.0,0.0,0.0,0.0,0.0,0.0,0.0,0.7238,0.7238,0.0,0.0,0.0,0.5
AREA-34-17,34,17,0,0,0,0.0,0.0,0.0,0.0,0.0,0.0,0.0,0.7238,0.7238,0.0,0.0,0.0,0.5
AREA-34-18,34,18,0,0,0,0.0,0.0,0.0,0.0,0.0,0.0,0.0,0.7238,0.7238,0.0,0.0,0.0,0.5
AREA-34-19,34,19,0,0,4,0.0,0.0,0.0,0.0,0.0,0.3382,0.0,0.7238,0.7238,0.3382,0.4166,4.0,0.5
AREA-34-20,34,20,0,0,0,0.0,0.0,0.0,0.0,0.0,0.0,0.0,0.7238,0.7238,0.0,0.0,0.0,0.5
AREA-34-21,34,21,0,0,0,0.0,0.0,0.0,0.0,0.0,0.0,0.0,0.7238,0.7238,0.0,0.0,0.0,0.5
AREA-34-22,34,22,0,0,0,0.0,0.0,0.0,0.0,0.0,0.0,0.0,0.7238,0.7238,0.0,0.0,0.0,0.5
AREA-34-23,34,23,0,0,0,0.0,0.0,0.0,0.0,0.0,0.0,0.0,0.7238,0.7238,0.0,0.0,0.0,0.5
AREA-34-24,34,24,0,0,0,0.0,0.0,0.0,0.0,0.0,0.0,0.0,0.7238,0.7238,0.0,0.0,0.0,0.5
AREA-34-25,34,25,0,0,0,0.0,0.0,0.0,0.0,0.0,0.0,0.0,0.7238,0.7238,0.0,0.0,0.0,0.5
AREA-34-26,34,26,0,0,0,0.0,0.0,0.0,0.0,0.0,0.0,0.0,0.7238,0.7238,0.0,0.0,0.0,0.5
AREA-34-27,34,27,0,0,0,0.0,0.0,0.0,0.0,0.0,0.0,0.0,0.7238,0.7238,0.0,0.0,0.0,0.5
AREA-34-28,34,28,0,0,0,0.0,0.0,0.0,0.0,0.0,0.0,0.0,0.7238,0.7238,0.0,0.0,0.0,0.5
AREA-34-29,34,29,0,0,0,0.0,0.0,0.0,0.0,0.0,0.0,0.0,0.7238,0.7238,0.0,0.0,0.0,0.5
AREA-34-30,34,30,0,0,0,0.0,0.0,0.0,0.0,0.0,0.0,0.0,0.7238,0.7238,0.0,0.0,0.0,0.5
AREA-34-31,34,31,0,0,0,0.0,0.0,0.0,0.0,0.0,0.0,0.0,0.7238,0.7238,0.0,0.0,0.0,0.5
AREA-34-32,34,32,0,0,0,0.0,0.0,0.0,0.0,0.0,0.0,0.0,0.7238,0.7238,0.0,0.0,0.0,0.5
AREA-34-33,34,33,0,0,0,0.0,0.0,0.0,0.0,0.0,0.0,0.0,0.7238,0.7238,0.0,0.0,0.0,0.5
AREA-34-34,34,34,0,0,0,0.0,0.0,0.0,0.0,0.0,0.0,0.0,0.7238,0.7238,0.0,0.0,0.0,0.5
AREA-34-35,34,35,0,0,0,0.0,0.0,0.0,0.0,0.0,0.0,0.0,0.7238,0.7238,0.0,0.0,0.0,0.5
AREA-34-36,34,36,0,0,0,0.0,0.0,0.0,0.0,0.0,0.0,0.0,0.7238,0.7238,0.0,0.0,0.0,0.5
AREA-34-37,34,37,0,0,0,0.0,0.0,0.0,0.0,0.0,0.0,0.0,0.7238,0.7238,0.0,0.0,0.0,0.5
AREA-34-38,34,38,0,0,0,0.0,0.0,0.0,0.0,0.0,0.0,0.0,0.7238,0.7238,0.0,0.0,0.0,0.5
AREA-34-39,34,39,0,0,0,0.0,0.0,0.0,0.0,0.0,0.0,0.0,0.7238,0.7238,0.0,0.0,0.0,0.5
AREA-35-00,35,0,0,0,0,0.0,0.0,0.0,0.0,0.0,0.0,0.0,0.7238,0.7238,0.0,0.0,0.0,0.5
AREA-35-01,35,1,0,0,0,0.0,0.0,0.0,0.0,0.0,0.0,0.0,0.7238,0.7238,0.0,0.0,0.0,0.5
AREA-35-02,35,2,0,0,0,0.0,0.0,0.0,0.0,0.0,0.0,0.0,0.7238,0.7238,0.0,0.0,0.0,0.5
AREA-35-03,35,3,0,0,0,0.0,0.0,0.0,0.0,0.0,0.0,0.0,0.7238,0.7238,0.0,0.0,0.0,0.5
AREA-35-04,35,4,0,0,0,0.0,0.0,0.0,0.0,0.0,0.0,0.0,0.7238,0.7238,0.0,0.0,0.0,0.5
AREA-35-05,35,5,0,0,0,0.0,0.0,0.0,0.0,0.0,0.0,0.0,0.7238,0.7238,0.0,0.0,0.0,0.5
AREA-35-06,35,6,0,0,0,0.0,0.0,0.0,0.0,0.0,0.0,0.0,0.7238,0.7238,0.0,0.0,0.0,0.5
AREA-35-07,35,7,0,0,0,0.0,0.0,0.0,0.0,0.0,0.0,0.0,0.7238,0.7238,0.0,0.0,0.0,0.5
AREA-35-08,35,8,0,0,0,0.0,0.0,0.0,0.0,0.0,0.0,0.0,0.7238,0.7238,0.0,0.0,0.0,0.5
AREA-35-09,35,9,0,0,0,0.0,0.0,0.0,0.0,0.0,0.0,0.0,0.7238,0.7238,0.0,0.0,0.0,0.5
AREA-35-10,35,10,0,0,0,0.0,0.0,0.0,0.0,0.0,0.0,0.0,0.7238,0.7238,0.0,0.0,0.0,0.5
AREA-35-11,35,11,0,0,0,0.0,0.0,0.0,0.0,0.0,0.0,0.0,0.7238,0.7238,0.0,0.0,0.0,0.5
AREA-35-12,35,12,0,0,0,0.0,0.0,0.0,0.0,0.0,0.0,0.0,0.7238,0.7238,0.0,0.0,0.0,0.5
AREA-35-13,35,13,0,0,0,0.0,0.0,0.0,0.0,0.0,0.0,0.0,0.7238,0.7238,0.0,0.0,0.0,0.5
AREA-35-14,35,14,0,0,0,0.0,0.0,0.0,0.0,0.0,0.0,0.0,0.7238,0.7238,0.0,0.0,0.0,0.5
AREA-35-15,35,15,0,0,0,0.0,0.0,0.0,0.0,0.0,0.0,0.0,0.7238,0.7238,0.0,0.0,0.0,0.5
AREA-35-16,35,16,0,0,0,0.0,0.0,0.0,0.0,0.0,0.0,0.0,0.7238,0.7238,0.0,0.0,0.0,0.5
AREA-35-17,35,17,0,0,0,0.0,0.0,0.0,0.0,0.0,0.0,0.0,0.7238,0.7238,0.0,0.0,0.0,0.5
AREA-35-18,35,18,0,0,0,0.3314,0.0,0.0,0.0,0.0,0.0,0.1104,0.7238,0.7238,0.0,0.253,1.657,0.1104
AREA-35-19,35,19,0,0,2,0.0,0.0,0.0,0.0,0.0,0.2175,0.0,0.7238,0.7238,0.2175,0.2844,2.0,0.5
AREA-35-20,35,20,0,0,0,0.0,0.0,0.0,0.0,0.0,0.0,0.0,0.7238,0.7238,0.0,0.0,0.0,0.5
AREA-35-21,35,21,0,0,0,0.0,0.0,0.0,0.0,0.0,0.0,0.0,0.7238,0.7238,0.0,0.0,0.0,0.5
AREA-35-22,35,22,0,0,0,0.0,0.0,0.0,0.0,0.0,0.0,0.0,0.7238,0.7238,0.0,0.0,0.0,0.5
AREA-35-23,35,23,0,0,0,0.0,0.0,0.0,0.0,0.0,0.0,0.0,0.7238,0.7238,0.0,0.0,0.0,0.5
AREA-35-24,35,24,0,0,0,0.0,0.0,0.0,0.0,0.0,0.0,0.0,0.7238,0.7238,0.0,0.0,0.0,0.5
AREA-35-25,35,25,0,0,0,0.0,0.0,0.0,0.0,0.0,0.0,0.0,0.7238,0.7238,0.0,0.0,0.0,0.5
AREA-35-26,35,26,0,0,0,0.0,0.0,0.0,0.0,0.0,0.0,0.0,0.7238,0.7238,0.0,0.0,0.0,0.5
AREA-35-27,35,27,0,0,0,0.0,0.0,0.0,0.0,0.0,0.0,0.0,0.7238,0.7238,0.0,0.0,0.0,0.5
AREA-35-28,35,28,0,0,0,0.0,0.0,0.0,0.0,0.0,0.0,0.0,0.7238,0.7238,0.0,0.0,0.0,0.5
AREA-35-29,35,29,0,0,0,0.0,0.0,0.0,0.0,0.0,0.0,0.0,0.7238,0.7238,0.0,0.0,0.0,0.5
AREA-35-30,35,30,0,0,0,0.0,0.0,0.0,0.0,0.0,0.0,0.0,0.7238,0.7238,0.0,0.0,0.0,0.5
AREA-35-31,35,31,0,0,0,0.0,0.0,0.0,0.0,0.0,0.0,0.0,0.7238,0.7238,0.0,0.0,0.0,0.5
AREA-35-32,35,32,0,0,0,0.0,0.0,0.0,0.0,0.0,0.0,0.0,0.7238,0.7238,0.0,0.0,0.0,0.5
AREA-35-33,35,33,0,0,0,0.0,0.0,0.0,0.0,0.0,0.0,0.0,0.7238,0.7238,0.0,0.0,0.0,0.5
AREA-35-34,35,34,0,0,0,0.0,0.0,0.0,0.0,0.0,0.0,0.0,0.7238,0.7238,0.0,0.0,0.0,0.5
AREA-35-35,35,35,0,0,0,0.0,0.0,0.0,0.0,0.0,0.0,0.0,0.7238,0.7238,0.0,0.0,0.0,0.5
AREA-35-36,35,36,0,0,0,0.0,0.0,0.0,0.0,0.0,0.0,0.0,0.7238,0.7238,0.0,0.0,0.0,0.5
AREA-35-37,35,37,0,0,0,0.0,0.0,0.0,0.0,0.0,0.0,0.0,0.7238,0.7238,0.0,0.0,0.0,0.5
AREA-35-38,35,38,0,0,0,0.0,0.0,0.0,0.0,0.0,0.0,0.0,0.7238,0.7238,0.0,0.0,0.0,0.5
AREA-35-39,35,39,0,0,0,0.0,0.0,0.0,0.0,0.0,0.0,0.0,0.7238,0.7238,0.0,0.0,0.0,0.5
AREA-36-00,36,0,0,0,0,0.0,0.0,0.0,0.0,0.0,0.0,0.0,0.7238,0.7238,0.0,0.0,0.0,0.5
AREA-36-01,36,1,0,0,0,0.0,0.0,0.0,0.0,0.0,0.0,0.0,0.7238,0.7238,0.0,0.0,0.0,0.5
AREA-36-02,36,2,0,0,0,0.0,0.0,0.0,0.0,0.0,0.0,0.0,0.7238,0.7238,0.0,0.0,0.0,0.5
AREA-36-03,36,3,0,0,0,0.0,0.0,0.0,0.0,0.0,0.0,0.0,0.7238,0.7238,0.0,0.0,0.0,0.5
AREA-36-04,36,4,0,0,0,0.0,0.0,0.0,0.0,0.0,0.0,0.0,0.7238,0.7238,0.0,0.0,0.0,0.5
AREA-36-05,36,5,0,0,0,0.0,0.0,0.0,0.0,0.0,0.0,0.0,0.7238,0.7238,0.0,0.0,0.0,0.5
AREA-36-06,36,6,0,0,0,0.0,0.0,0.0,0.0,0.0,0.0,0.0,0.7238,0.7238,0.0,0.0,0.0,0.5
AREA-36-07,36,7,0,0,0,0.0,0.0,0.0,0.0,0.0,0.0,0.0,0.7238,0.7238,0.0,0.0,0.0,0.5
AREA-36-08,36,8,0,0,0,0.0,0.0,0.0,0.0,0.0,0.0,0.0,0.7238,0.7238,0.0,0.0,0.0,0.5
AREA-36-09,36,9,0,0,0,0.0,0.0,0.0,0.0,0.0,0.0,0.0,0.7238,0.7238,0.0,0.0,0.0,0.5
AREA-36-10,36,10,0,0,0,0.0,0.0,0.0,0.0,0.0,0.0,0.0,0.7238,0.7238,0.0,0.0,0.0,0.5
AREA-36-11,36,11,0,0,0,0.0,0.0,0.0,0.0,0.0,0.0,0.0,0.7238,0.7238,0.0,0.0,0.0,0.5
AREA-36-12,36,12,0,0,0,0.0,0.0,0.0,0.0,0.0,0.0,0.0,0.7238,0.7238,0.0,0.0,0.0,0.5
AREA-36-13,36,13,0,0,0,0.0,0.0,0.0,0.0,0.0,0.0,0.0,0.7238,0.7238,0.0,0.0,0.0,0.5
AREA-36-14,36,14,0,0,0,0.0,0.0,0.0,0.0,0.0,0.0,0.0,0.7238,0.7238,0.0,0.0,0.0,0.5
AREA-36-15,36,15,0,0,0,0.0,0.0,0.0,0.0,0.0,0.0,0.0,0.7238,0.7238,0.0,0.0,0.0,0.5
AREA-36-16,36,16,0,0,0,0.0,0.0,0.0,0.0,0.0,0.0,0.0,0.7238,0.7238,0.0,0.0,0.0,0.5
AREA-36-17,36,17,0,0,0,0.0,0.0,0.0,0.0,0.0,0.0,0.0,0.7238,0.7238,0.0,0.0,0.0,0.5
AREA-36-18,36,18,0,0,0,0.9409,0.0,0.0,0.0,0.0,0.0,0.2729,0.7238,0.7238,0.0,0.4508,4.704,0.2729
AREA-36-19,36,19,0,0,1,0.0,0.0,0.0,0.0,0.0,0.1294,0.0,0.7238,0.7238,0.1294,0.1794,1.0,0.5
AREA-36-20,36,20,0,0,0,0.0,0.0,0.0,0.0,0.0,0.0,0.0,0.7238,0.7238,0.0,0.0,0.0,0.5
AREA-36-21,36,21,0,0,0,0.0,0.0,0.0,0.0,0.0,0.0,0.0,0.7238,0.7238,0.0,0.0,0.0,0.5
AREA-36-22,36,22,0,0,0,0.0,0.0,0.0,0.0,0.0,0.0,0.0,0.7238,0.7238,0.0,0.0,0.0,0.5
AREA-36-23,36,23,0,0,0,0.0,0.0,0.0,0.0,0.0,0.0,0.0,0.7238,0.7238,0.0,0.0,0.0,0.5
AREA-36-24,36,24,0,0,0,0.0,0.0,0.0,0.0,0.0,0.0,0.0,0.7238,0.7238,0.0,0.0,0.0,0.5
AREA-36-25,36,25,0,0,0,0.0,0.0,0.0,0.0,0.0,0.0,0.0,0.7238,0.7238,0.0,0.0,0.0,0.5
AREA-36-26,36,26,0,0,0,0.0,0.0,0.0,0.0,0.0,0.0,0.0,0.7238,0.7238,0.0,0.0,0.0,0.5
AREA-36-27,36,27,0,0,0,0.0,0.0,0.0,0.0,0.0,0.0,0.0,0.7238,0.7238,0.0,0.0,0.0,0.5
AREA-36-28,36,28,0,0,0,0.0,0.0,0.0,0.0,0.0,0.0,0.0,0.7238,0.7238,0.0,0.0,0.0,0.5
AREA-36-29,36,29,0,0,0,0.0,0.0,0.0,0.0,0.0,0.0,0.0,0.7238,0.7238,0.0,0.0,0.0,0.5
AREA-36-30,36,30,0,0,0,0.0,0.0,0.0,0.0,0.0,0.0,0.0,0.7238,0.7238,0.0,0.0,0.0,0.5
AREA-36-31,36,31,0,0,0,0.0,0.0,0.0,0.0,0.0,0.0,0.0,0.7238,0.7238,0.0,0.0,0.0,0.5
AREA-36-32,36,32,0,0,0,0.0,0.0,0.0,0.0,0.0,0.0,0.0,0.7238,0.7238,0.0,0.0,0.0,0.5
AREA-36-33,36,33,0,0,0,0.0,0.0,0.0,0.0,0.0,0.0,0.0,0.7238,0.7238,0.0,0.0,0.0,0.5
AREA-36-34,36,34,0,0,0,0.0,0.0,0.0,0.0,0.0,0.0,0.0,0.7238,0.7238,0.0,0.0,0.0,0.5
AREA-36-35,36,35,0,0,0,0.0,0.0,0.0,0.0,0.0,0.0,0.0,0.7238,0.7238,0.0,0.0,0.0,0.5
AREA-36-36,36,36,0,0,0,0.0,0.0,0.0,0.0,0.0,0.0,0.0,0.7238,0.7238,0.0,0.0,0.0,0.5
AREA-36-37,36,37,0,0,0,0.0,0.0,0.0,0.0,0.0,0.0,0.0,0.7238,0.7238,0.0,0.0,0.0,0.5
AREA-36-38,36,38,0,0,0,0.0,0.0,0.0,0.0,0.0,0.0,0.0,0.7238,0.7238,0.0,0.0,0.0,0.5
AREA-36-39,36,39,0,0,0,0.0,0.0,0.0,0.0,0.0,0.0,0.0,0.7238,0.7238,0.0,0.0,0.0,0.5
AREA-37-00,37,0,0,0,0,0.0,0.0,0.0,0.0,0.0,0.0,0.0,0.7238,0.7238,0.0,0.0,0.0,0.5
AREA-37-01,37,1,0,0,0,0.0,0.0,0.0,0.0,0.0,0.0,0.0,0.7238,0.7238,0.0,0.0,0.0,0.5
AREA-37-02,37,2,0,0,0,0.0,0.0,0.0,0.0,0.0,0.0,0.0,0.7238,0.7238,0.0,0.0,0.0,0.5
AREA-37-03,37,3,0,0,0,0.0,0.0,0.0,0.0,0.0,0.0,0.0,0.7238,0.7238,0.0,0.0,0.0,0.5
AREA-37-04,37,4,0,0,0,0.0,0.0,0.0,0.0,0.0,0.0,0.0,0.7238,0.7238,0.0,0.0,0.0,0.5
AREA-37-05,37,5,0,0,0,0.0,0.0,0.0,0.0,0.0,0.0,0.0,0.7238,0.7238,0.0,0.0,0.0,0.5
AREA-37-06,37,6,0,0,0,0.0,0.0,0.0,0.0,0.0,0.0,0.0,0.7238,0.7238,0.0,0.0,0.0,0.5
AREA-37-07,37,7,0,0,0,0.0,0.0,0.0,0.0,0.0,0.0,0.0,0.7238,0.7238,0.0,0.0,0.0,0.5
AREA-37-08,37,8,0,0,0,0.0,0.0,0.0,0.0,0.0,0.0,0.0,0.7238,0.7238,0.0,0.0,0.0,0.5
AREA-37-09,37,9,0,0,0,0.0,0.0,0.0,0.0,0.0,0.0,0.0,0.7238,0.7238,0.0,0.0,0.0,0.5
AREA-37-10,37,10,0,0,0,0.0,0.0,0.0,0.0,0.0,0.0,0.0,0.7238,0.7238,0.0,0.0,0.0,0.5
AREA-37-11,37,11,0,0,0,0.0,0.0,0.0,0.0,0.0,0.0,0.0,0.7238,0.7238,0.0,0.0,0.0,0.5
AREA-37-12,37,12,0,0,0,0.0,0.0,0.0,0.0,0.0,0.0,0.0,0.7238,0.7238,0.0,0.0,0.0,0.5
AREA-37-13,37,13,0,0,0,0.0,0.0,0.0,0.0,0.0,0.0,0.0,0.7238,0.7238,0.0,0.0,0.0,0.5
AREA-37-14,37,14,0,0,0,0.0,0.0,0.0,0.0,0.0,0.0,0.0,0.7238,0.7238,0.0,0.0,0.0,0.5
AREA-37-15,37,15,0,0,0,0.0,0.0,0.0,0.0,0.0,0.0,0.0,0.7238,0.7238,0.0,0.0,0.0,0.5
AREA-37-16,37,16,0,0,0,0.0,0.0,0.0,0.0,0.0,0.0,0.0,0.7238,0.7238,0.0,0.0,0.0,0.5
AREA-37-17,37,17,0,0,0,0.0,0.0,0.0,0.0,0.0,0.0,0.0,0.7238,0.7238,0.0,0.0,0.0,0.5
AREA-37-18,37,18,0,0,0,0.0,0.0,0.0,0.0,0.0,0.0,0.0,0.7238,0.7238,0.0,0.0,0.0,0.5
AREA-37-19,37,19,0,0,0,0.0,0.0,0.0,0.0,0.0,0.0,0.0,0.7238,0.7238,0.0,0.0,0.0,0.5
AREA-37-20,37,20,0,0,0,0.0,0.0,0.0,0.0,0.0,0.0,0.0,0.7238,0.7238,0.0,0.0,0.0,0.5
AREA-37-21,37,21,0,0,0,0.0,0.0,0.0,0.0,0.0,0.0,0.0,0.7238,0.7238,0.0,0.0,0.0,0.5
AREA-37-22,37,22,0,0,0,0.0,0.0,0.0,0.0,0.0,0.0,0.0,0.7238,0.7238,0.0,0.0,0.0,0.5
AREA-37-23,37,23,0,0,0,0.0,0.0,0.0,0.0,0.0,0.0,0.0,0.7238,0.7238,0.0,0.0,0.0,0.5
AREA-37-24,37,24,0,0,0,0.0,0.0,0.0,0.0,0.0,0.0,0.0,0.7238,0.7238,0.0,0.0,0.0,0.5
AREA-37-25,37,25,0,0,0,0.0,0.0,0.0,0.0,0.0,0.0,0.0,0.7238,0.7238,0.0,0.0,0.0,0.5
AREA-37-26,37,26,0,0,0,0.0,0.0,0.0,0.0,0.0,0.0,0.0,0.7238,0.7238,0.0,0.0,0.0,0.5
AREA-37-27,37,27,0,0,0,0.0,0.0,0.0,0.0,0.0,0.0,0.0,0.7238,0.7238,0.0,0.0,0.0,0.5
AREA-37-28,37,28,0,0,0,0.0,0.0,0.0,0.0,0.0,0.0,0.0,0.7238,0.7238,0.0,0.0,0.0,0.5
AREA-37-29,37,29,0,0,0,0.0,0.0,0.0,0.0,0.0,0.0,0.0,0.7238,0.7238,0.0,0.0,0.0,0.5
AREA-37-30,37,30,0,0,0,0.0,0.0,0.0,0.0,0.0,0.0,0.0,0.7238,0.7238,0.0,0.0,0.0,0.5
AREA-37-31,37,31,0,0,0,0.0,0.0,0.0,0.0,0.0,0.0,0.0,0.7238,0.7238,0.0,0.0,0.0,0.5
AREA-37-32,37,32,0,0,0,0.0,0.0,0.0,0.0,0.0,0.0,0.0,0.7238,0.7238,0.0,0.0,0.0,0.5
AREA-37-33,37,33,0,0,0,0.0,0.0,0.0,0.0,0.0,0.0,0.0,0.7238,0.7238,0.0,0.0,0.0,0.5
AREA-37-34,37,34,0,0,0,0.0,0.0,0.0,0.0,0.0,0.0,0.0,0.7238,0.7238,0.0,0.0,0.0,0.5
AREA-37-35,37,35,0,0,0,0.0,0.0,0.0,0.0,0.0,0.0,0.0,0.7238,0.7238,0.0,0.0,0.0,0.5
AREA-37-36,37,36,0,0,0,0.0,0.0,0.0,0.0,0.0,0.0,0.0,0.7238,0.7238,0.0,0.0,0.0,0.5
AREA-37-37,37,37,0,0,0,0.0,0.0,0.0,0.0,0.0,0.0,0.0,0.7238,0.7238,0.0,0.0,0.0,0.5
AREA-37-38,37,38,0,0,0,0.0,0.0,0.0,0.0,0.0,0.0,0.0,0.7238,0.7238,0.0,0.0,0.0,0.5
AREA-37-39,37,39,0,0,0,0.0,0.0,0.0,0.0,0.0,0.0,0.0,0.7238,0.7238,0.0,0.0,0.0,0.5
AREA-38-00,38,0,0,0,0,0.0,0.0,0.0,0.0,0.0,0.0,0.0,0.7238,0.7238,0.0,0.0,0.0,0.5
AREA-38-01,38,1,0,0,0,0.0,0.0,0.0,0.0,0.0,0.0,0.0,0.7238,0.7238,0.0,0.0,0.0,0.5
AREA-38-02,38,2,0,0,0,0.0,0.0,0.0,0.0,0.0,0.0,0.0,0.7238,0.7238,0.0,0.0,0.0,0.5
AREA-38-03,38,3,0,0,0,0.0,0.0,0.0,0.0,0.0,0.0,0.0,0.7238,0.7238,0.0,0.0,0.0,0.5
AREA-38-04,38,4,0,0,0,0.0,0.0,0.0,0.0,0.0,0.0,0.0,0.7238,0.7238,0.0,0.0,0.0,0.5
AREA-38-05,38,5,0,0,0,0.0,0.0,0.0,0.0,0.0,0.0,0.0,0.7238,0.7238,0.0,0.0,0.0,0.5
AREA-38-06,38,6,0,0,0,0.0,0.0,0.0,0.0,0.0,0.0,0.0,0.7238,0.7238,0.0,0.0,0.0,0.5
AREA-38-07,38,7,0,0,0,0.0,0.0,0.0,0.0,0.0,0.0,0.0,0.7238,0.7238,0.0,0.0,0.0,0.5
AREA-38-08,38,8,0,0,0,0.0,0.0,0.0,0.0,0.0,0.0,0.0,0.7238,0.7238,0.0,0.0,0.0,0.5
AREA-38-09,38,9,0,0,0,0.0,0.0,0.0,0.0,0.0,0.0,0.0,0.7238,0.7238,0.0,0.0,0.0,0.5
AREA-38-10,38,10,0,0,0,0.0,0.0,0.0,0.0,0.0,0.0,0.0,0.7238,0.7238,0.0,0.0,0.0,0.5
AREA-38-11,38,11,0,0,0,0.0,0.0,0.0,0.0,0.0,0.0,0.0,0.7238,0.7238,0.0,0.0,0.0,0.5
AREA-38-12,38,12,0,0,0,0.0,0.0,0.0,0.0,0.0,0.0,0.0,0.7238,0.7238,0.0,0.0,0.0,0.5
AREA-38-13,38,13,0,0,0,0.0,0.0,0.0,0.0,0.0,0.0,0.0,0.7238,0.7238,0.0,0.0,0.0,0.5
AREA-38-14,38,14,0,0,0,0.0,0.0,0.0,0.0,0.0,0.0,0.0,0.7238,0.7238,0.0,0.0,0.0,0.5
AREA-38-15,38,15,0,0,0,0.0,0.0,0.0,0.0,0.0,0.0,0.0,0.7238,0.7238,0.0,0.0,0.0,0.5
AREA-38-16,38,16,0,0,0,0.0,0.0,0.0,0.0,0.0,0.0,0.0,0.7238,0.7238,0.0,0.0,0.0,0.5
AREA-38-17,38,17,0,0,0,0.0,0.0,0.0,0.0,0.0,0.0,0.0,0.7238,0.7238,0.0,0.0,0.0,0.5
AREA-38-18,38,18,0,0,0,0.0,0.0,0.0,0.0,0.0,0.0,0.0,0.7238,0.7238,0.0,0.0,0.0,0.5
AREA-38-19,38,19,0,0,0,0.0,0.0,0.0,0.0,0.0,0.0,0.0,0.7238,0.7238,0.0,0.0,0.0,0.5
AREA-38-20,38,20,0,0,0,0.0,0.0,0.0,0.0,0.0,0.0,0.0,0.7238,0.7238,0.0,0.0,0.0,0.5
AREA-38-21,38,21,0,0,0,0.0,0.0,0.0,0.0,0.0,0.0,0.0,0.7238,0.7238,0.0,0.0,0.0,0.5
AREA-38-22,38,22,0,0,0,0.0,0.0,0.0,0.0,0.0,0.0,0.0,0.7238,0.7238,0.0,0.0,0.0,0.5
AREA-38-23,38,23,0,0,0,0.0,0.0,0.0,0.0,0.0,0.0,0.0,0.7238,0.7238,0.0,0.0,0.0,0.5
AREA-38-24,38,24,0,0,0,0.0,0.0,0.0,0.0,0.0,0.0,0.0,0.7238,0.7238,0.0,0.0,0.0,0.5
AREA-38-25,38,25,0,0,0,0.0,0.0,0.0,0.0,0.0,0.0,0.0,0.7238,0.7238,0.0,0.0,0.0,0.5
AREA-38-26,38,26,0,0,0,0.0,0.0,0.0,0.0,0.0,0.0,0.0,0.7238,0.7238,0.0,0.0,0.0,0.5
AREA-38-27,38,27,0,0,0,0.0,0.0,0.0,0.0,0.0,0.0,0.0,0.7238,0.7238,0.0,0.0,0.0,0.5
AREA-38-28,38,28,0,0,0,0.0,0.0,0.0,0.0,0.0,0.0,0.0,0.7238,0.7238,0.0,0.0,0.0,0.5
AREA-38-29,38,29,0,0,0,0.0,0.0,0.0,0.0,0.0,0.0,0.0,0.7238,0.7238,0.0,0.0,0.0,0.5
AREA-38-30,38,30,0,0,0,0.0,0.0,0.0,0.0,0.0,0.0,0.0,0.7238,0.7238,0.0,0.0,0.0,0.5
AREA-38-31,38,31,0,0,0,0.0,0.0,0.0,0.0,0.0,0.0,0.0,0.7238,0.7238,0.0,0.0,0.0,0.5
AREA-38-32,38,32,0,0,0,0.0,0.0,0.0,0.0,0.0,0.0,0.0,0.7238,0.7238,0.0,0.0,0.0,0.5
AREA-38-33,38,33,0,0,0,0.0,0.0,0.0,0.0,0.0,0.0,0.0,0.7238,0.7238,0.0,0.0,0.0,0.5
AREA-38-34,38,34,0,0,0,0.0,0.0,0.0,0.0,0.0,0.0,0.0,0.7238,0.7238,0.0,0.0,0.0,0.5
AREA-38-35,38,35,0,0,0,0.0,0.0,0.0,0.0,0.0,0.0,0.0,0.7238,0.7238,0.0,0.0,0.0,0.5
AREA-38-36,38,36,0,0,0,0.0,0.0,0.0,0.0,0.0,0.0,0.0,0.7238,0.7238,0.0,0.0,0.0,0.5
AREA-38-37,38,37,0,0,0,0.0,0.0,0.0,0.0,0.0,0.0,0.0,0.7238,0.7238,0.0,0.0,0.0,0.5
AREA-38-38,38,38,0,0,0,0.0,0.0,0.0,0.0,0.0,0.0,0.0,0.7238,0.7238,0.0,0.0,0.0,0.5
AREA-38-39,38,39,0,0,0,0.0,0.0,0.0,0.0,0.0,0.0,0.0,0.7238,0.7238,0.0,0.0,0.0,0.5
AREA-39-00,39,0,0,0,0,0.0,0.0,0.0,0.0,0.0,0.0,0.0,0.7238,0.7238,0.0,0.0,0.0,0.5
AREA-39-01,39,1,0,0,0,0.0,0.0,0.0,0.0,0.0,0.0,0.0,0.7238,0.7238,0.0,0.0,0.0,0.5
AREA-39-02,39,2,0,0,0,0.0,0.0,0.0,0.0,0.0,0.0,0.0,0.7238,0.7238,0.0,0.0,0.0,0.5
AREA-39-03,39,3,0,0,0,0.0,0.0,0.0,0.0,0.0,0.0,0.0,0.7238,0.7238,0.0,0.0,0.0,0.5
AREA-39-04,39,4,0,0,0,0.0,0.0,0.0,0.0,0.0,0.0,0.0,0.7238,0.7238,0.0,0.0,0.0,0.5
AREA-39-05,39,5,0,0,0,0.0,0.0,0.0,0.0,0.0,0.0,0.0,0.7238,0.7238,0.0,0.0,0.0,0.5
AREA-39-06,39,6,0,0,0,0.0,0.0,0.0,0.0,0.0,0.0,0.0,0.7238,0.7238,0.0,0.0,0.0,0.5
AREA-39-07,39,7,0,0,0,0.0,0.0,0.0,0.0,0.0,0.0,0.0,0.7238,0.7238,0.0,0.0,0.0,0.5
AREA-39-08,39,8,0,0,0,0.0,0.0,0.0,0.0,0.0,0.0,0.0,0.7238,0.7238,0.0,0.0,0.0,0.5
AREA-39-09,39,9,0,0,0,0.0,0.0,0.0,0.0,0.0,0.0,0.0,0.7238,0.7238,0.0,0.0,0.0,0.5
AREA-39-10,39,10,0,0,0,0.0,0.0,0.0,0.0,0.0,0.0,0.0,0.7238,0.7238,0.0,0.0,0.0,0.5
AREA-39-11,39,11,0,0,0,0.0,0.0,0.0,0.0,0.0,0.0,0.0,0.7238,0.7238,0.0,0.0,0.0,0.5
AREA-39-12,39,12,0,0,0,0.0,0.0,0.0,0.0,0.0,0.0,0.0,0.7238,0.7238,0.0,0.0,0.0,0.5
AREA-39-13,39,13,0,0,0,0.0,0.0,0.0,0.0,0.0,0.0,0.0,0.7238,0.7238,0.0,0.0,0.0,0.5
AREA-39-14,39,14,0,0,0,0.0,0.0,0.0,0.0,0.0,0.0,0.0,0.7238,0.7238,0.0,0.0,0.0,0.5
AREA-39-15,39,15,0,0,0,0.0,0.0,0.0,0.0,0.0,0.0,0.0,0.7238,0.7238,0.0,0.0,0.0,0.5
AREA-39-16,39,16,0,0,0,0.0,0.0,0.0,0.0,0.0,0.0,0.0,0.7238,0.7238,0.0,0.0,0.0,0.5
AREA-39-17,39,17,0,0,0,0.0,0.0,0.0,0.0,0.0,0.0,0.0,0.7238,0.7238,0.0,0.0,0.0,0.5
AREA-39-18,39,18,0,0,0,0.0,0.0,0.0,0.0,0.0,0.0,0.0,0.7238,0.7238,0.0,0.0,0.0,0.5
AREA-39-19,39,19,0,0,0,0.0,0.0,0.0,0.0,0.0,0.0,0.0,0.7238,0.7238,0.0,0.0,0.0,0.5
AREA-39-20,39,20,0,0,0,0.0,0.0,0.0,0.0,0.0,0.0,0.0,0.7238,0.7238,0.0,0.0,0.0,0.5
AREA-39-21,39,21,0,0,0,0.0,0.0,0.0,0.0,0.0,0.0,0.0,0.7238,0.7238,0.0,0.0,0.0,0.5
AREA-39-22,39,22,0,0,0,0.0,0.0,0.0,0.0,0.0,0.0,0.0,0.7238,0.7238,0.0,0.0,0.0,0.5
AREA-39-23,39,23,0,0,0,0.0,0.0,0.0,0.0,0.0,0.0,0.0,0.7238,0.7238,0.0,0.0,0.0,0.5
AREA-39-24,39,24,0,0,0,0.0,0.0,0.0,0.0,0.0,0.0,0.0,0.7238,0.7238,0.0,0.0,0.0,0.5
AREA-39-25,39,25,0,0,0,0.0,0.0,0.0,0.0,0.0,0.0,0.0,0.7238,0.7238,0.0,0.0,0.0,0.5
AREA-39-26,39,26,0,0,0,0.0,0.0,0.0,0.0,0.0,0.0,0.0,0.7238,0.7238,0.0,0.0,0.0,0.5
AREA-39-27,39,27,0,0,0,0.0,0.0,0.0,0.0,0.0,0.0,0.0,0.7238,0.7238,0.0,0.0,0.0,0.5
AREA-39-28,39,28,0,0,0,0.0,0.0,0.0,0.0,0.0,0.0,0.0,0.7238,0.7238,0.0,0.0,0.0,0.5
AREA-39-29,39,29,0,0,0,0.0,0.0,0.0,0.0,0.0,0.0,0.0,0.7238,0.7238,0.0,0.0,0.0,0.5
AREA-39-30,39,30,0,0,0,0.0,0.0,0.0,0.0,0.0,0.0,0.0,0.7238,0.7238,0.0,0.0,0.0,0.5
AREA-39-31,39,31,0,0,0,0.0,0.0,0.0,0.0,0.0,0.0,0.0,0.7238,0.7238,0.0,0.0,0.0,0.5
AREA-39-32,39,32,0,0,0,0.0,0.0,0.0,0.0,0.0,0.0,0.0,0.7238,0.7238,0.0,0.0,0.0,0.5
AREA-39-33,39,33,0,0,0,0.0,0.0,0.0,0.0,0.0,0.0,0.0,0.7238,0.7238,0.0,0.0,0.0,0.5
AREA-39-34,39,34,0,0,0,0.0,0.0,0.0,0.0,0.0,0.0,0.0,0.7238,0.7238,0.0,0.0,0.0,0.5
AREA-39-35,39,35,0,0,0,0.0,0.0,0.0,0.0,0.0,0.0,0.0,0.7238,0.7238,0.0,0.0,0.0,0.5
AREA-39-36,39,36,0,0,0,0.0,0.0,0.0,0.0,0.0,0.0,0.0,0.7238,0.7238,0.0,0.0,0.0,0.5
AREA-39-37,39,37,0,0,0,0.0,0.0,0.0,0.0,0.0,0.0,0.0,0.7238,0.7238,0.0,0.0,0.0,0.5
AREA-39-38,39,38,0,0,0,0.0,0.0,0.0,0.0,0.0,0.0,0.0,0.7238,0.7238,0.0,0.0,0.0,0.5
AREA-39-39,39,39,0,0,0,0.0,0.0,0.0,0.0,0.0,0.0,0.0,0.7238,0.7238,0.0,0.0,0.0,0.5
