kind,lat,lon
street_lamp,28.4503555,77.0830543
street_lamp,28.4554836,77.0911018
street_lamp,28.4555254,77.0910943
street_lamp,28.4554656,77.0908857
street_lamp,28.4554092,77.0906332
street_lamp,28.455352,77.0903997
street_lamp,28.4552643,77.090055
street_lamp,28.454679,77.0908011
street_lamp,28.4549032,77.0907399
street_lamp,28.4551498,77.0906651
street_lamp,28.4553695,77.0906039
street_lamp,28.4545708,77.0902165
street_lamp,28.4542796,77.0903126
street_lamp,28.455328,77.0919824
street_lamp,28.4552763,77.0920166
street_lamp,28.4556841,77.091874
street_lamp,28.4557099,77.0918127
street_lamp,28.4557293,77.0918599
street_lamp,28.4559463,77.0917942
street_lamp,28.4560617,77.091693
street_lamp,28.4561731,77.0917199
street_lamp,28.4564067,77.0916474
street_lamp,28.4565582,77.0915966
street_lamp,28.4565496,77.0915359
street_lamp,28.4565763,77.0916511
street_lamp,28.456497,77.0913148
street_lamp,28.4564469,77.0911337
street_lamp,28.4564082,77.0909592
street_lamp,28.4563395,77.0906936
street_lamp,28.4562943,77.0904768
street_lamp,28.4562389,77.0902
street_lamp,28.4561982,77.0900009
street_lamp,28.4557794,77.0905732
street_lamp,28.4558353,77.0908513
street_lamp,28.4559085,77.0911333
street_lamp,28.455979,77.091393
street_lamp,28.4556397,77.0915052
street_lamp,28.4543916,77.091415
street_lamp,28.4744065,77.0941339
street_lamp,28.4745728,77.0941374
street_lamp,28.4735072,77.0936419
street_lamp,28.4730963,77.0936516
street_lamp,28.474009,77.0936339
street_lamp,28.473835,77.0936401
street_lamp,28.4741753,77.0936309
street_lamp,28.4727334,77.0936486
street_lamp,28.4732233,77.0936458
street_lamp,28.4736652,77.0936394
street_lamp,28.4733074,77.093648
street_lamp,28.4729329,77.093648
street_lamp,28.4743834,77.0936247
street_lamp,28.4725988,77.0936485
street_lamp,28.4754869,77.0941053
street_lamp,28.4752683,77.0941153
street_lamp,28.455916,77.0936189
street_lamp,28.4557378,77.0936625
street_lamp,28.4557438,77.0940354
street_lamp,28.455829,77.0944289
street_lamp,28.4561172,77.0949514
street_lamp,28.5205662,77.2031747
street_lamp,28.5181285,77.2153936
street_lamp,28.5200665,77.2056411
street_lamp,28.5210438,77.2058877
street_lamp,28.5087849,77.1980702
street_lamp,28.5248213,77.2071301
street_lamp,28.5247203,77.2076498
street_lamp,28.496389,77.1970235
street_lamp,28.4613127,77.2850371
street_lamp,28.5236449,77.291409
street_lamp,28.7341649,76.8954212
street_lamp,28.7346255,76.8948158
street_lamp,28.6933259,77.1553731
street_lamp,28.686925,77.2058424
street_lamp,28.6952895,77.2137866
street_lamp,28.6950116,77.2145571
street_lamp,28.6951592,77.2141537
street_lamp,28.694879,77.2149208
street_lamp,28.6913961,77.1965372
street_lamp,28.6976211,77.2054208
street_lamp,28.7064374,77.1251489
street_lamp,28.7066308,77.1253675
street_lamp,28.6562661,77.2232594
street_lamp,28.6561893,77.2227131
street_lamp,28.7217536,77.1334779
street_lamp,28.7195802,77.1367936
street_lamp,28.7193601,77.137135
street_lamp,28.720125,77.1360189
street_lamp,28.7199824,77.1362183
street_lamp,28.7197058,77.1366293
street_lamp,28.7199208,77.1363157
street_lamp,28.7194609,77.136983
street_lamp,28.690329,77.214224
street_lamp,28.6916848,77.2142875
street_lamp,28.6902924,77.2153263
street_lamp,28.6916036,77.2154076
street_lamp,28.6844679,77.1677144
street_lamp,28.684531,77.1679217
street_lamp,28.6844082,77.1677186
street_lamp,28.6845325,77.167707
street_lamp,28.6844031,77.1679247
street_lamp,28.6844705,77.1679232
street_lamp,28.6846368,77.1678022
street_lamp,28.6941818,77.2091737
street_lamp,28.694525,77.2082123
street_lamp,28.6953039,77.209748
street_lamp,28.6956748,77.2087228
street_lamp,28.6844833,77.2028672
street_lamp,28.679868,77.2029622
street_lamp,28.7087162,77.1914637
street_lamp,28.7058506,77.1901594
street_lamp,28.7056123,77.1907369
street_lamp,28.6947313,77.2153486
street_lamp,28.6874774,77.2140601
street_lamp,28.6877434,77.2139691
street_lamp,28.6871166,77.2137354
street_lamp,28.6871796,77.2137529
street_lamp,28.6880864,77.2140047
street_lamp,28.6875702,77.2140969
street_lamp,28.6877743,77.2138651
street_lamp,28.6872451,77.2138546
street_lamp,28.6878177,77.2144474
street_lamp,28.6878397,77.2138949
street_lamp,28.6876612,77.2141381
street_lamp,28.6876974,77.2140176
street_lamp,28.6871741,77.2136742
street_lamp,28.6879824,77.2139697
street_lamp,28.6874262,77.2142613
street_lamp,28.6887434,77.209488
street_lamp,28.6875326,77.2143049
street_lamp,28.6876301,77.2143478
street_lamp,28.6873383,77.2142215
street_lamp,28.6871031,77.2140962
street_lamp,28.68791,77.2112546
street_lamp,28.688483,77.2094027
street_lamp,28.6876279,77.211953
street_lamp,28.6877217,77.2143921
street_lamp,28.6872448,77.2141715
street_lamp,28.6880029,77.2111845
street_lamp,28.6879477,77.2145062
street_lamp,28.6878595,77.2113771
street_lamp,28.6876199,77.2123527
street_lamp,28.6874165,77.212978
street_lamp,28.6875806,77.2121126
street_lamp,28.6873084,77.2133862
street_lamp,28.6879223,77.2114097
street_lamp,28.6877489,77.2116604
street_lamp,28.6878081,77.2115224
street_lamp,28.6876906,77.2118359
street_lamp,28.6880815,77.2109678
street_lamp,28.6885216,77.2098315
street_lamp,28.6883345,77.210126
street_lamp,28.6880718,77.2108405
street_lamp,28.6879697,77.2110975
street_lamp,28.6888133,77.2096507
street_lamp,28.6885718,77.2093977
street_lamp,28.688014,77.2109685
street_lamp,28.6884234,77.2098882
street_lamp,28.6880354,77.2110845
street_lamp,28.6883316,77.2122737
street_lamp,28.6882588,77.2103145
street_lamp,28.6883162,77.2103714
street_lamp,28.6882052,77.2106549
street_lamp,28.6882681,77.2105128
street_lamp,28.6881185,77.2106976
street_lamp,28.6885856,77.2097742
street_lamp,28.6881507,77.2107854
street_lamp,28.6879387,77.2119766
street_lamp,28.6877656,77.2120092
street_lamp,28.688432,77.2100718
street_lamp,28.6881968,77.2104342
street_lamp,28.6881675,77.2105735
street_lamp,28.6880982,77.2120559
street_lamp,28.6885032,77.2123595
street_lamp,28.6881036,77.2109155
street_lamp,28.6886725,77.2124394
street_lamp,28.6879841,77.2120991
street_lamp,28.6881281,77.2121694
street_lamp,28.6884499,77.2122391
street_lamp,28.688616,77.2123177
street_lamp,28.6892794,77.212072
street_lamp,28.6890727,77.2114971
street_lamp,28.6888275,77.2125167
street_lamp,28.6891146,77.2125389
street_lamp,28.7003423,77.1404795
street_lamp,28.6896115,77.2116711
street_lamp,28.6892749,77.2126213
street_lamp,28.6898046,77.2122417
street_lamp,28.6902367,77.2120798
street_lamp,28.6901448,77.2123532
street_lamp,28.6900509,77.2125906
street_lamp,28.6899284,77.2119432
street_lamp,28.6894388,77.2127062
street_lamp,28.689613,77.2127267
street_lamp,28.6897108,77.2124765
street_lamp,28.6904389,77.2105666
street_lamp,28.6896454,77.2129051
street_lamp,28.6899487,77.2124068
street_lamp,28.689591,77.2122283
street_lamp,28.6899292,77.2128845
street_lamp,28.689707,77.2107869
street_lamp,28.692005,77.211322
street_lamp,28.6897549,77.2128571
street_lamp,28.690128,77.2103079
street_lamp,28.6899131,77.2101965
street_lamp,28.6898091,77.2129991
street_lamp,28.6912695,77.2108333
street_lamp,28.6925664,77.2115899
street_lamp,28.6898882,77.2129182
street_lamp,28.6895595,77.2127688
street_lamp,28.6922777,77.2113455
street_lamp,28.69134,77.2109878
street_lamp,28.6930036,77.2117044
street_lamp,28.6950177,77.2126848
street_lamp,28.6897943,77.210578
street_lamp,28.6897217,77.2114866
street_lamp,28.6897543,77.2106653
street_lamp,28.6902201,77.2104543
street_lamp,28.6917264,77.2111808
street_lamp,28.6909658,77.210818
street_lamp,28.6898037,77.2102618
street_lamp,28.6906849,77.210684
street_lamp,28.6906098,77.2105283
street_lamp,28.6921568,77.2114076
street_lamp,28.6914981,77.2109579
street_lamp,28.6919666,77.211192
street_lamp,28.6931493,77.2117688
street_lamp,28.6945918,77.2124706
street_lamp,28.695491,77.2133495
street_lamp,28.6903209,77.210398
street_lamp,28.6941858,77.2122662
street_lamp,28.6911353,77.2108951
street_lamp,28.690505,77.2104779
street_lamp,28.6933922,77.2118783
street_lamp,28.6923523,77.2114936
street_lamp,28.6927519,77.2116891
street_lamp,28.6948221,77.212584
street_lamp,28.6926302,77.2115265
street_lamp,28.6939764,77.2121661
street_lamp,28.6921217,77.2112602
street_lamp,28.6911073,77.210768
street_lamp,28.692463,77.2114506
street_lamp,28.6940341,77.2123343
street_lamp,28.6915378,77.2110928
street_lamp,28.6917572,77.2110919
street_lamp,28.6929889,77.2118017
street_lamp,28.6933851,77.2120068
street_lamp,28.6954924,77.2129074
street_lamp,28.6935811,77.2119745
street_lamp,28.6928359,77.2116231
street_lamp,28.6944516,77.2125326
street_lamp,28.6942563,77.2124367
street_lamp,28.6937916,77.2120776
street_lamp,28.6946695,77.2126459
street_lamp,28.69544,77.2134605
street_lamp,28.6920767,77.2141824
street_lamp,28.6920351,77.2138912
street_lamp,28.6914247,77.2138679
street_lamp,28.690293,77.213237
street_lamp,28.6926868,77.2147324
street_lamp,28.6949629,77.2150464
street_lamp,28.6923087,77.2143679
street_lamp,28.6923435,77.2145659
street_lamp,28.6910897,77.2132926
street_lamp,28.6925143,77.2146473
street_lamp,28.6908709,77.2137236
street_lamp,28.6917683,77.2137609
street_lamp,28.6904586,77.2132345
street_lamp,28.6930392,77.2149082
street_lamp,28.6916741,77.2139891
street_lamp,28.690719,77.2133545
street_lamp,28.6919544,77.2141243
street_lamp,28.6918145,77.2140549
street_lamp,28.6912386,77.2134334
street_lamp,28.6915194,77.2136443
street_lamp,28.6899666,77.2130858
street_lamp,28.6912831,77.213742
street_lamp,28.6918954,77.2138144
street_lamp,28.6908132,77.2135374
street_lamp,28.6909751,77.2133122
street_lamp,28.6905683,77.2133989
street_lamp,28.691336,77.2135825
street_lamp,28.6909914,77.2138027
street_lamp,28.6911326,77.2137963
street_lamp,28.6908928,77.2133698
street_lamp,28.6901688,77.2130961
street_lamp,28.6889358,77.209811
street_lamp,28.6909822,77.2104446
street_lamp,28.6887812,77.2097262
street_lamp,28.6896714,77.2100742
street_lamp,28.6891033,77.2097893
street_lamp,28.6907824,77.2105932
street_lamp,28.6897033,77.2101965
street_lamp,28.6890915,77.209893
street_lamp,28.6893412,77.2098882
street_lamp,28.689783,77.2101208
street_lamp,28.6895174,77.2101036
street_lamp,28.6926394,77.2135317
street_lamp,28.6927567,77.2132436
street_lamp,28.6929146,77.2128271
street_lamp,28.6926454,77.2131867
street_lamp,28.6925228,77.2138357
street_lamp,28.6927952,77.2127733
street_lamp,28.6928321,77.2130337
street_lamp,28.6927207,77.2129796
street_lamp,28.6951286,77.2136415
street_lamp,28.6911648,77.2099954
street_lamp,28.6915939,77.2085676
street_lamp,28.6912524,77.2097592
street_lamp,28.6911095,77.2098262
street_lamp,28.6912045,77.2095938
street_lamp,28.6910374,77.2102975
street_lamp,28.6911026,77.2101514
street_lamp,28.6910514,77.2100219
street_lamp,28.6913667,77.2095067
street_lamp,28.6914769,77.2091904
street_lamp,28.6915063,77.2087868
street_lamp,28.690975,77.2101888
street_lamp,28.6914366,77.2089857
street_lamp,28.6913233,77.2092918
street_lamp,28.6915771,77.2089224
street_lamp,28.6917352,77.208514
street_lamp,28.6916642,77.2083664
street_lamp,28.6909067,77.2103581
street_lamp,28.6916589,77.2086876
street_lamp,28.6916367,77.2137064
street_lamp,28.6915439,77.2139304
street_lamp,28.6921672,77.2139604
street_lamp,28.680838,77.2087047
street_lamp,28.687228,77.2088685
street_lamp,28.6883544,77.2095099
street_lamp,28.6841169,77.2073758
street_lamp,28.6875366,77.2091018
street_lamp,28.6822723,77.2087725
street_lamp,28.683374,77.208422
street_lamp,28.6802952,77.2085837
street_lamp,28.6874131,77.208958
street_lamp,28.6880946,77.2092987
street_lamp,28.6838247,77.2076446
street_lamp,28.6816854,77.2087819
street_lamp,28.6881656,77.2094128
street_lamp,28.6879781,77.2093181
street_lamp,28.6837114,77.2078912
street_lamp,28.6819712,77.2087867
street_lamp,28.6866383,77.208593
street_lamp,28.6869758,77.2087613
street_lamp,28.6846989,77.2076727
street_lamp,28.6882895,77.2093871
street_lamp,28.6884875,77.2095758
street_lamp,28.6867798,77.2086637
street_lamp,28.6827983,77.2087527
street_lamp,28.6825765,77.2087506
street_lamp,28.6832072,77.2086214
street_lamp,28.6876703,77.2090976
street_lamp,28.6864987,77.2085924
street_lamp,28.6878906,77.2092259
street_lamp,28.6862316,77.2082747
street_lamp,28.6852093,77.2079086
street_lamp,28.6811149,77.2087386
street_lamp,28.6872809,77.208976
street_lamp,28.6839327,77.2074394
street_lamp,28.6877663,77.2092153
street_lamp,28.6806098,77.208661
street_lamp,28.6854563,77.2080302
street_lamp,28.6814292,77.2087773
street_lamp,28.6820771,77.2089117
street_lamp,28.6830539,77.2087011
street_lamp,28.6868875,77.2087875
street_lamp,28.6871062,77.2088875
street_lamp,28.6856637,77.2081397
street_lamp,28.6835748,77.2081521
street_lamp,28.6849388,77.2077898
street_lamp,28.6866926,77.2086865
street_lamp,28.6864434,77.2084998
street_lamp,28.7215264,77.1766099
street_lamp,28.7208082,77.1745886
street_lamp,28.7212011,77.1742537
street_lamp,28.7210308,77.1743989
street_lamp,28.7206457,77.1747327
street_lamp,28.7205129,77.1748459
street_lamp,28.7204058,77.1749177
street_lamp,28.7215436,77.1756617
street_lamp,28.7207049,77.1756709
street_lamp,28.7213331,77.1763109
street_lamp,28.7209235,77.1756815
street_lamp,28.7205041,77.1750626
street_lamp,28.7210381,77.1758715
street_lamp,28.7202083,77.1746162
street_lamp,28.7215539,77.1753479
street_lamp,28.7200761,77.1747318
street_lamp,28.7206343,77.1752553
street_lamp,28.7213558,77.175522
street_lamp,28.7205198,77.1753882
street_lamp,28.7202918,77.1750422
street_lamp,28.7211962,77.1757242
street_lamp,28.7208403,77.1755553
street_lamp,28.721684,77.1752393
street_lamp,28.721162,77.1756816
street_lamp,28.7214475,77.1755167
street_lamp,28.7212322,77.1761607
street_lamp,28.7214265,77.176452
street_lamp,28.7213558,77.1767849
street_lamp,28.7218419,77.1751651
street_lamp,28.7205332,77.1745616
street_lamp,28.6923562,77.2139487
street_lamp,28.6922212,77.2143019
street_lamp,28.6924419,77.21373
street_lamp,28.720703,77.1753588
street_lamp,28.7218955,77.1751234
street_lamp,28.7216469,77.1758176
street_lamp,28.7211502,77.1760386
street_lamp,28.6915827,77.2081681
street_lamp,28.6892386,77.2084114
street_lamp,28.6892799,77.2082747
street_lamp,28.6892337,77.2068692
street_lamp,28.6887566,77.2088924
street_lamp,28.6890674,77.2081406
street_lamp,28.6890566,77.208552
street_lamp,28.689187,77.208549
street_lamp,28.6903751,77.2074385
street_lamp,28.6889379,77.2081267
street_lamp,28.6915061,77.2079993
street_lamp,28.6892812,77.2080211
street_lamp,28.6912861,77.207886
street_lamp,28.6909562,77.2078417
street_lamp,28.6894927,77.2074185
street_lamp,28.6894327,77.206969
street_lamp,28.6910263,77.2077616
street_lamp,28.6899468,77.2072243
street_lamp,28.6886899,77.2094281
street_lamp,28.6891911,77.2082068
street_lamp,28.6891134,77.2079388
street_lamp,28.6893631,77.2073729
street_lamp,28.6907453,77.20774
street_lamp,28.6888973,77.20897
street_lamp,28.6905446,77.207645
street_lamp,28.6891579,77.2069626
street_lamp,28.6908164,77.2076487
street_lamp,28.6887727,77.2092987
street_lamp,28.6888122,77.2083922
street_lamp,28.6890917,77.208657
street_lamp,28.6906307,77.2075704
street_lamp,28.6894416,77.2072335
street_lamp,28.6901773,77.2073356
street_lamp,28.689542,77.2072768
street_lamp,28.6900564,77.2074104
street_lamp,28.6888244,77.2085212
street_lamp,28.6889264,77.2084914
street_lamp,28.6886894,77.2091842
street_lamp,28.6888716,77.2085972
street_lamp,28.6914195,77.2080769
street_lamp,28.6888742,77.2082397
street_lamp,28.6896766,77.2072369
street_lamp,28.6911592,77.2079431
street_lamp,28.6898797,77.2073163
street_lamp,28.6888449,77.2091095
street_lamp,28.6887697,77.2092113
street_lamp,28.6893614,77.2070652
street_lamp,28.6902942,77.2075306
street_lamp,28.6886432,77.2092266
street_lamp,28.6889997,77.2086662
street_lamp,28.6886073,77.208929
surveillance,28.5542835,77.0955268
surveillance,28.554819,77.0956854
surveillance,28.616109,77.0278217
surveillance,28.6073053,77.0358098
surveillance,28.5964248,77.0808721
surveillance,28.5964248,77.0808721
surveillance,28.5964248,77.0808721
surveillance,28.5964256,77.08087
surveillance,28.6310614,77.2211536
surveillance,28.6029437,77.2237996
surveillance,28.6029863,77.223332
surveillance,28.6004519,77.217389
surveillance,28.6023782,77.22214
surveillance,28.6007398,77.2174164
surveillance,28.6021485,77.2207645
surveillance,28.6018731,77.2208812
surveillance,28.5985385,77.2127457
surveillance,28.60031,77.2177668
surveillance,28.5999889,77.2158418
surveillance,28.6008412,77.2177524
surveillance,28.6021972,77.2208948
surveillance,28.6021142,77.2206591
surveillance,28.5992909,77.2142937
surveillance,28.60067,77.2179504
surveillance,28.599098,77.2139026
surveillance,28.5989325,77.2143341
surveillance,28.6015824,77.2201188
surveillance,28.5980662,77.2117486
surveillance,28.5981979,77.2126061
surveillance,28.5972378,77.2232212
surveillance,28.5958188,77.223431
surveillance,28.5960904,77.2233057
surveillance,28.5973708,77.2231931
surveillance,28.5907373,77.2237753
surveillance,28.6327525,77.2221279
surveillance,28.6315601,77.2226248
surveillance,28.6346802,77.2220798
surveillance,28.6321896,77.2220439
surveillance,28.6349228,77.2218449
surveillance,28.6337835,77.2219187
surveillance,28.6339822,77.2225648
surveillance,28.6337398,77.2218979
surveillance,28.6355606,77.2203915
surveillance,28.6353555,77.2211104
surveillance,28.5602215,77.2034294
surveillance,28.5600342,77.1936975
surveillance,28.5595951,77.2065541
surveillance,28.56014,77.193755
surveillance,28.5602215,77.2034294
surveillance,28.5605866,77.193653
surveillance,28.5652457,77.2001699
surveillance,28.5652457,77.2001699
surveillance,28.5641164,77.2197622
surveillance,28.5641458,77.2197714
surveillance,28.6444206,77.1904374
surveillance,28.5881486,77.1688409
surveillance,28.6123157,77.2186907
surveillance,28.5905046,77.1572679
surveillance,28.5905101,77.157169
surveillance,28.629999,77.224324
surveillance,28.62958,77.2248048
surveillance,28.6297668,77.2244038
surveillance,28.5262814,77.1775339
surveillance,28.6306959,77.2236619
surveillance,28.6307034,77.2236564
surveillance,28.6302594,77.2236409
surveillance,28.6302484,77.2236547
surveillance,28.6305992,77.2233028
surveillance,28.6311797,77.2222613
surveillance,28.6311829,77.2222727
surveillance,28.6311848,77.2222654
surveillance,28.631197,77.2222797
surveillance,28.6312026,77.2222759
surveillance,28.5984577,77.1876872
surveillance,28.5984084,77.1873849
surveillance,28.5986895,77.1874327
surveillance,28.5986943,77.1876617
surveillance,28.5994762,77.1878798
surveillance,28.6429317,77.1888284
surveillance,28.6422197,77.1891867
surveillance,28.6423464,77.1893111
surveillance,28.6441946,77.1890628
surveillance,28.6335085,77.2211261
surveillance,28.6329448,77.2213821
surveillance,28.6321227,77.2212427
surveillance,28.6321209,77.2212373
surveillance,28.6325056,77.2213761
surveillance,28.632866,77.2214471
surveillance,28.6333983,77.221546
surveillance,28.632128,77.2212325
surveillance,28.6334117,77.2214704
surveillance,28.6333106,77.2213036
surveillance,28.6325536,77.221433
surveillance,28.6467953,77.1927828
surveillance,28.6219151,77.2215996
surveillance,28.622408,77.2033227
surveillance,28.6224545,77.2032408
surveillance,28.6045609,77.1780272
surveillance,28.611484,77.1746845
surveillance,28.6073801,77.1402192
surveillance,28.6319225,77.220413
surveillance,28.6338185,77.2208189
surveillance,28.623658,77.2062325
surveillance,28.6207337,77.2068055
surveillance,28.6201016,77.2061003
surveillance,28.6208598,77.2095449
surveillance,28.6178806,77.2059376
surveillance,28.6181896,77.2060293
surveillance,28.6212189,77.207953
surveillance,28.5930322,77.1877004
surveillance,28.5930286,77.1875234
surveillance,28.5931758,77.1875811
surveillance,28.5797922,77.1883371
surveillance,28.6315497,77.2217371
surveillance,28.6310735,77.22117
surveillance,28.6320343,77.2211138
surveillance,28.6316193,77.2205948
surveillance,28.6320904,77.2212013
surveillance,28.631662,77.2218012
surveillance,28.6316143,77.2205854
surveillance,28.6315554,77.2217368
surveillance,28.6306992,77.2202752
surveillance,28.6315531,77.2217287
surveillance,28.6442271,77.2239106
surveillance,28.6450011,77.2237985
surveillance,28.5478665,77.217119
surveillance,28.6310247,77.2219397
surveillance,28.6335359,77.2188243
surveillance,28.6333648,77.2186727
surveillance,28.6329157,77.21726
surveillance,28.6320551,77.2176247
surveillance,28.6320864,77.2176147
surveillance,28.6329207,77.2172601
surveillance,28.6312085,77.222052
surveillance,28.6303268,77.2210075
surveillance,28.6311399,77.2221091
surveillance,28.6303115,77.2207258
surveillance,28.6305117,77.2213464
surveillance,28.5645327,77.1896901
surveillance,28.5739255,77.2097236
surveillance,28.5745485,77.2089248
surveillance,28.5744197,77.2088135
surveillance,28.5745012,77.208912
surveillance,28.5737441,77.2096417
surveillance,28.5737532,77.2097278
surveillance,28.5737052,77.2098377
surveillance,28.5742065,77.2090441
surveillance,28.5736979,77.2096405
surveillance,28.5742906,77.2093403
surveillance,28.5742756,77.2093934
surveillance,28.5743633,77.2090985
surveillance,28.5744202,77.2089571
surveillance,28.5745641,77.2090112
surveillance,28.5745856,77.2090274
surveillance,28.5745051,77.2089086
surveillance,28.5753669,77.2093332
surveillance,28.5748899,77.209155
surveillance,28.5753271,77.2093582
surveillance,28.5747574,77.2090046
surveillance,28.5754052,77.2092652
surveillance,28.5743895,77.2089888
surveillance,28.5750118,77.2092104
surveillance,28.5754534,77.2092925
surveillance,28.5753687,77.2093753
surveillance,28.5749256,77.2090546
surveillance,28.574168,77.209718
surveillance,28.5750591,77.2092194
surveillance,28.5747769,77.2090631
surveillance,28.5755381,77.2094183
surveillance,28.5745899,77.2089002
surveillance,28.5754088,77.2093272
surveillance,28.5748049,77.2090341
surveillance,28.5754683,77.2092983
surveillance,28.575448,77.2092842
surveillance,28.5754305,77.2092746
surveillance,28.5747711,77.2090337
surveillance,28.5755158,77.2093197
surveillance,28.5745352,77.208923
surveillance,28.5755508,77.2093548
surveillance,28.5753716,77.2092578
surveillance,28.5747908,77.2089972
surveillance,28.5745551,77.2090155
surveillance,28.5745984,77.2089052
surveillance,28.5754805,77.2094144
surveillance,28.5754609,77.2092969
surveillance,28.5744627,77.2089455
surveillance,28.5754555,77.2093118
surveillance,28.5753784,77.2093323
surveillance,28.5737275,77.2096218
surveillance,28.5737462,77.2096411
surveillance,28.5740838,77.2097838
surveillance,28.5743447,77.2091067
surveillance,28.5738778,77.2083356
surveillance,28.5733997,77.2098905
surveillance,28.5740341,77.208413
surveillance,28.5736458,77.2077149
surveillance,28.5736992,77.2082355
surveillance,28.5734225,77.2099089
surveillance,28.5743671,77.2086021
surveillance,28.5735964,77.207737
surveillance,28.5735236,77.2077781
surveillance,28.5734409,77.2098908
surveillance,28.5744204,77.208575
surveillance,28.5738112,77.2081482
surveillance,28.5740455,77.2078939
surveillance,28.5734703,77.209996
surveillance,28.5734912,77.2097713
surveillance,28.5733976,77.2100216
surveillance,28.5739917,77.2078276
surveillance,28.5735448,77.2098363
surveillance,28.5734523,77.2100525
surveillance,28.5734899,77.2099233
surveillance,28.5740777,77.2084847
surveillance,28.5692196,77.2166371
surveillance,28.5692179,77.2166401
surveillance,28.5692311,77.2166364
surveillance,28.5736351,77.2077067
surveillance,28.5742455,77.2098082
surveillance,28.5744462,77.2096842
surveillance,28.5722693,77.2093161
surveillance,28.5743021,77.2096236
surveillance,28.5743166,77.209624
surveillance,28.5744414,77.2097075
surveillance,28.5734118,77.2091855
surveillance,28.5734118,77.2091855
surveillance,28.6331991,77.2196464
surveillance,28.6331688,77.2197384
surveillance,28.6325308,77.219254
surveillance,28.6330621,77.2197187
surveillance,28.63354,77.2196024
surveillance,28.6328424,77.2190866
surveillance,28.6329234,77.2193495
surveillance,28.6325455,77.2192121
surveillance,28.6326797,77.2192309
surveillance,28.6328308,77.2194644
surveillance,28.6330076,77.2198
surveillance,28.6325403,77.2192682
surveillance,28.6325391,77.2192684
surveillance,28.6332519,77.2196479
surveillance,28.6332071,77.2197661
surveillance,28.6333645,77.2195235
surveillance,28.6326246,77.2201577
surveillance,28.6326482,77.2193296
surveillance,28.6331323,77.2198639
surveillance,28.6333757,77.2196171
surveillance,28.6332239,77.2197643
surveillance,28.6331959,77.2197913
surveillance,28.6324797,77.2191686
surveillance,28.6332611,77.2195614
surveillance,28.6333582,77.2195692
surveillance,28.6325271,77.2192367
surveillance,28.6333275,77.2188669
surveillance,28.6334066,77.2195597
surveillance,28.6331357,77.2196549
surveillance,28.632776,77.2198781
surveillance,28.6334723,77.2185898
surveillance,28.6333118,77.2192517
surveillance,28.632223,77.2191662
surveillance,28.6336087,77.2195851
surveillance,28.6325668,77.2192971
surveillance,28.6333949,77.2192813
surveillance,28.6328939,77.2193394
surveillance,28.6325243,77.2195331
surveillance,28.6334071,77.2194947
surveillance,28.6325973,77.2191973
surveillance,28.6331796,77.2187781
surveillance,28.6328951,77.2194353
surveillance,28.63325,77.2196439
surveillance,28.6333656,77.2193164
surveillance,28.633141,77.2197119
surveillance,28.6332218,77.2197935
surveillance,28.6331864,77.2191189
surveillance,28.6331665,77.2197119
surveillance,28.6324339,77.2192505
surveillance,28.633039,77.2190444
surveillance,28.6324803,77.2200774
surveillance,28.6333875,77.2194937
surveillance,28.632574,77.2195194
surveillance,28.6335445,77.2196431
surveillance,28.6325377,77.2195865
surveillance,28.6331989,77.219565
surveillance,28.6331811,77.219628
surveillance,28.6332303,77.2196776
surveillance,28.6326435,77.2197965
surveillance,28.6332098,77.2198515
surveillance,28.6328726,77.2190244
surveillance,28.6325438,77.2191808
surveillance,28.6332269,77.2194512
surveillance,28.6328565,77.2194069
surveillance,28.6324906,77.2191567
surveillance,28.6326805,77.2192485
surveillance,28.5734129,77.2091937
surveillance,28.5737493,77.2097281
surveillance,28.5736059,77.2089002
surveillance,28.5741102,77.2090373
surveillance,28.6430535,77.2206103
surveillance,28.6435275,77.2205527
surveillance,28.6440933,77.2190552
surveillance,28.6435322,77.2206083
surveillance,28.6434897,77.2205839
surveillance,28.6430213,77.2206144
surveillance,28.6435556,77.2205178
surveillance,28.569833,77.186227
surveillance,28.5637721,77.1794749
surveillance,28.5690787,77.1894993
surveillance,28.5687389,77.1616561
surveillance,28.5695561,77.2047334
surveillance,28.5690977,77.1894887
surveillance,28.5690798,77.1894816
surveillance,28.5661906,77.1650837
surveillance,28.5702014,77.2169102
surveillance,28.5695308,77.1955259
surveillance,28.5695226,77.2034114
surveillance,28.5695928,77.2047742
surveillance,28.5655952,77.1763997
surveillance,28.565409,77.163642
surveillance,28.5697799,77.2013226
surveillance,28.5678406,77.1647218
surveillance,28.5656572,77.1816728
surveillance,28.5626716,77.1886361
surveillance,28.5636082,77.1790404
surveillance,28.5694987,77.1956199
surveillance,28.5693642,77.2060789
surveillance,28.5634675,77.1793574
surveillance,28.5692854,77.1896036
surveillance,28.5690553,77.1619751
surveillance,28.5624359,77.188715
surveillance,28.5693351,77.1920809
surveillance,28.5671821,77.1589693
surveillance,28.5687488,77.161666
surveillance,28.5626738,77.1885935
surveillance,28.5693599,77.1939704
surveillance,28.5693721,77.2166696
surveillance,28.5696892,77.1977967
surveillance,28.5690809,77.1894665
surveillance,28.5696692,77.1977993
surveillance,28.5664295,77.1890924
surveillance,28.5695959,77.2047341
surveillance,28.5693263,77.192059
surveillance,28.5637549,77.1795089
surveillance,28.563723,77.1794392
surveillance,28.567177,77.1828223
surveillance,28.5690966,77.1895064
surveillance,28.5664081,77.1890787
surveillance,28.569381,77.1939758
surveillance,28.5690715,77.2122673
surveillance,28.5693907,77.2166699
surveillance,28.5678484,77.1647261
surveillance,28.5699695,77.1851923
surveillance,28.569397,77.193966
surveillance,28.5693115,77.1896208
surveillance,28.5692882,77.1895756
surveillance,28.5702192,77.2169182
surveillance,28.5695573,77.2047732
surveillance,28.5690988,77.1894736
surveillance,28.5695318,77.1956144
surveillance,28.5697884,77.201323
surveillance,28.572857,77.2096084
surveillance,28.5680581,77.2243665
surveillance,28.5685232,77.2241262
surveillance,28.56839,77.2245599
surveillance,28.5688557,77.2209187
surveillance,28.5684715,77.2193585
surveillance,28.5680667,77.2242556
surveillance,28.568522,77.2241038
surveillance,28.568471,77.2193382
surveillance,28.5689507,77.2209959
surveillance,28.5687301,77.2230407
surveillance,28.5683747,77.2245555
surveillance,28.5688518,77.2209212
surveillance,28.5687238,77.2231074
surveillance,28.5687277,77.2230673
surveillance,28.5680449,77.2243633
surveillance,28.5688445,77.2209177
surveillance,28.5689608,77.2209957
surveillance,28.5685387,77.2173267
surveillance,28.5683435,77.2230164
surveillance,28.5680748,77.2242736
surveillance,28.6333284,77.2181406
surveillance,28.6333789,77.2185098
surveillance,28.6327185,77.2182105
surveillance,28.6299381,77.219565
surveillance,28.6335053,77.2183201
surveillance,28.6334917,77.2183083
surveillance,28.6334598,77.2181806
surveillance,28.6331684,77.2185526
surveillance,28.6334721,77.218729
surveillance,28.6299318,77.2195711
surveillance,28.6334793,77.2187346
surveillance,28.6299584,77.2194271
surveillance,28.6300634,77.2196932
surveillance,28.63336,77.2185017
surveillance,28.6337471,77.2183535
surveillance,28.6331924,77.2184016
surveillance,28.6333755,77.2185025
surveillance,28.6299366,77.2195787
surveillance,28.6333182,77.2181366
surveillance,28.6334125,77.2181404
surveillance,28.6302483,77.219544
surveillance,28.5715306,77.166776
surveillance,28.5696802,77.1652315
surveillance,28.5698718,77.1897209
surveillance,28.5708794,77.1691274
surveillance,28.5699346,77.200882
surveillance,28.5695073,77.2059132
surveillance,28.5735408,77.1792142
surveillance,28.5710041,77.1699611
surveillance,28.5694797,77.1916099
surveillance,28.5708755,77.1690684
surveillance,28.568823,77.1739355
surveillance,28.569737,77.1891563
surveillance,28.5718,77.1716865
surveillance,28.5690601,77.2122556
surveillance,28.5700934,77.199276
surveillance,28.5725642,77.1738257
surveillance,28.5694774,77.191596
surveillance,28.5780671,77.1761101
surveillance,28.569572,77.1653817
surveillance,28.5710201,77.1701491
surveillance,28.5712761,77.1818531
surveillance,28.5708647,77.1690247
surveillance,28.5735377,77.1792163
surveillance,28.569921,77.2010382
surveillance,28.5702976,77.1671606
surveillance,28.5697577,77.1891605
surveillance,28.5692095,77.1915797
surveillance,28.5730577,77.1689553
surveillance,28.5685978,77.1741602
surveillance,28.5704305,77.1671443
surveillance,28.578076,77.176134
surveillance,28.5698732,77.1897015
surveillance,28.5698706,77.1897415
surveillance,28.5716585,77.1725631
surveillance,28.5703091,77.1672036
surveillance,28.5720321,77.2176377
surveillance,28.5715384,77.1667722
surveillance,28.5735294,77.1791971
surveillance,28.5696919,77.1652463
surveillance,28.5716636,77.1725736
surveillance,28.5699224,77.2009859
surveillance,28.5710392,77.1701502
surveillance,28.5699352,77.2008611
surveillance,28.5712807,77.1818398
surveillance,28.5780864,77.1761534
surveillance,28.5690095,77.2126221
surveillance,28.5735426,77.1792185
surveillance,28.5688007,77.173958
surveillance,28.5715348,77.1667719
surveillance,28.5692099,77.1915708
surveillance,28.5699186,77.2010156
surveillance,28.5725166,77.1738028
surveillance,28.5697745,77.1891603
surveillance,28.5696249,77.1653605
surveillance,28.5700961,77.1993241
surveillance,28.5702909,77.1671395
surveillance,28.5690109,77.2126356
surveillance,28.569527,77.205914
surveillance,28.5907214,77.2237838
surveillance,28.5939616,77.2235491
surveillance,28.6067269,77.2171396
surveillance,28.6026939,77.2178583
surveillance,28.6043771,77.2249726
surveillance,28.5751948,77.209846
surveillance,28.6101275,77.2182562
surveillance,28.5928562,77.213943
surveillance,28.5769866,77.2103851
surveillance,28.5918341,77.2236052
surveillance,28.5981288,77.2191958
surveillance,28.6088642,77.2180811
surveillance,28.5831002,77.2123266
surveillance,28.6112739,77.2182625
surveillance,28.5979678,77.2190105
surveillance,28.5918282,77.2236539
surveillance,28.5969425,77.2203535
surveillance,28.5928502,77.2139562
surveillance,28.5971109,77.2202067
surveillance,28.6026904,77.2178646
surveillance,28.6219105,77.2235109
surveillance,28.5981163,77.2188702
surveillance,28.5799439,77.223164
surveillance,28.6080258,77.2182431
surveillance,28.5981278,77.2188718
surveillance,28.6067189,77.2171597
surveillance,28.6112754,77.2183
surveillance,28.6027011,77.2236041
surveillance,28.5857927,77.2125977
surveillance,28.6165301,77.218806
surveillance,28.5979827,77.2189697
surveillance,28.5857926,77.212581
surveillance,28.5770321,77.2195824
surveillance,28.6112687,77.2183345
surveillance,28.590394,77.2235384
surveillance,28.5971604,77.2226976
surveillance,28.597048,77.2208404
surveillance,28.6204175,77.218093
surveillance,28.5939535,77.223552
surveillance,28.6027013,77.2236302
surveillance,28.5981133,77.2192042
surveillance,28.577741,77.2209131
surveillance,28.5907107,77.2237911
surveillance,28.6027255,77.223646
surveillance,28.5906284,77.2235443
surveillance,28.6043586,77.224961
surveillance,28.5751867,77.2098531
surveillance,28.5928605,77.2139389
surveillance,28.5830914,77.2125826
surveillance,28.5903265,77.2204702
surveillance,28.5903099,77.2204582
surveillance,28.5696459,77.2058016
surveillance,28.5645216,77.1890796
surveillance,28.5647015,77.1889294
surveillance,28.5647624,77.1889877
surveillance,28.5645082,77.1890772
surveillance,28.564981,77.189246
surveillance,28.5649752,77.1892441
surveillance,28.5650778,77.1892539
surveillance,28.5648588,77.1892374
surveillance,28.5650722,77.189256
surveillance,28.5638644,77.1890563
surveillance,28.5659623,77.192022
surveillance,28.5659985,77.1916385
surveillance,28.5660655,77.1910445
surveillance,28.5660938,77.1907747
surveillance,28.5659991,77.191749
surveillance,28.5661048,77.1903849
surveillance,28.5659948,77.1918116
surveillance,28.5659866,77.1919005
surveillance,28.5662206,77.1897018
surveillance,28.5663495,77.1897545
surveillance,28.5663357,77.1895731
surveillance,28.5663289,77.1896534
surveillance,28.5661993,77.1898921
surveillance,28.5663492,77.1897593
surveillance,28.5663653,77.1895743
surveillance,28.5632379,77.1902625
surveillance,28.5636969,77.1901638
surveillance,28.5658142,77.1928109
surveillance,28.5647037,77.1927829
surveillance,28.5647021,77.1927728
surveillance,28.5647612,77.193624
surveillance,28.5660075,77.1927964
surveillance,28.5647861,77.1937946
surveillance,28.5657519,77.1928105
surveillance,28.5646889,77.1927857
surveillance,28.5647587,77.1935744
surveillance,28.5647898,77.1937921
surveillance,28.5662173,77.1920584
surveillance,28.5659451,77.1921782
surveillance,28.56476,77.1935963
surveillance,28.5660099,77.1928058
surveillance,28.5646959,77.1927711
surveillance,28.5627452,77.1933551
surveillance,28.5627547,77.1933633
surveillance,28.5612057,77.1926703
surveillance,28.561076,77.1927683
surveillance,28.5612004,77.1933808
surveillance,28.633928,77.2189585
surveillance,28.6338881,77.2189362
surveillance,28.6338561,77.2188626
surveillance,28.6339376,77.2190415
surveillance,28.6340427,77.2172564
surveillance,28.6341817,77.2171562
surveillance,28.6328746,77.216475
surveillance,28.63379,77.2168909
surveillance,28.6341763,77.2177462
surveillance,28.6337971,77.2168945
surveillance,28.6330016,77.2165074
surveillance,28.6342323,77.2179111
surveillance,28.6341805,77.2171419
surveillance,28.6329928,77.2165057
surveillance,28.6342924,77.2172887
surveillance,28.6337591,77.2184179
surveillance,28.6340426,77.2172612
surveillance,28.6342916,77.2172882
surveillance,28.634177,77.2171568
surveillance,28.632999,77.2164932
surveillance,28.6339793,77.2170972
surveillance,28.633297,77.2166746
surveillance,28.6334917,77.2166952
surveillance,28.6329341,77.2164796
surveillance,28.6333203,77.2168506
surveillance,28.633868,77.2182048
surveillance,28.6340633,77.2179546
surveillance,28.6342303,77.2179115
surveillance,28.6333168,77.2167353
surveillance,28.6329284,77.2164793
surveillance,28.633776,77.2183966
surveillance,28.6334844,77.2166937
surveillance,28.6338886,77.2181659
surveillance,28.6337783,77.2183504
surveillance,28.5722532,77.2109163
surveillance,28.5710732,77.2164239
surveillance,28.5713314,77.2147177
surveillance,28.5723137,77.2155047
surveillance,28.5698725,77.216782
surveillance,28.5722489,77.2096064
surveillance,28.5716877,77.2132499
surveillance,28.5682587,77.2249359
surveillance,28.5682765,77.2249403
surveillance,28.5682333,77.2249309
surveillance,28.5717949,77.2130267
surveillance,28.5722377,77.2111034
surveillance,28.5714376,77.2140396
surveillance,28.5722655,77.211996
surveillance,28.5722817,77.2106934
surveillance,28.5714398,77.2140377
surveillance,28.5713707,77.2142876
surveillance,28.5721642,77.2118932
surveillance,28.5713647,77.2148217
surveillance,28.5723771,77.2111256
surveillance,28.5725189,77.2099685
surveillance,28.5715962,77.2135713
surveillance,28.5718003,77.2134686
surveillance,28.5723789,77.2104392
surveillance,28.5720468,77.2102402
surveillance,28.5713657,77.2148257
surveillance,28.5716314,77.2155018
surveillance,28.5716295,77.2139336
surveillance,28.5716187,77.2152435
surveillance,28.57227,77.2119799
surveillance,28.5716175,77.2152407
surveillance,28.5720197,77.2130687
surveillance,28.5717923,77.2130346
surveillance,28.5717121,77.2136914
surveillance,28.5723819,77.2104283
surveillance,28.57199,77.2124641
surveillance,28.5722572,77.2109481
surveillance,28.5715977,77.213563
surveillance,28.5722837,77.2106737
surveillance,28.5713265,77.214539
surveillance,28.5715541,77.2141661
surveillance,28.5721417,77.2123959
surveillance,28.5718007,77.2134615
surveillance,28.5722372,77.2110801
surveillance,28.5719857,77.2124795
surveillance,28.572603,77.209837
surveillance,28.5713282,77.2145371
surveillance,28.5723529,77.2115313
surveillance,28.5721353,77.2124112
surveillance,28.572378,77.2111108
surveillance,28.571675,77.2132486
surveillance,28.5723523,77.2115052
surveillance,28.572396,77.210835
surveillance,28.5722122,77.211653
surveillance,28.5722128,77.2116407
surveillance,28.5725257,77.2099494
surveillance,28.5721663,77.2118723
surveillance,28.5715573,77.2141627
surveillance,28.5720376,77.2130767
surveillance,28.5716315,77.2155009
surveillance,28.5716332,77.2139187
surveillance,28.5722394,77.2113684
surveillance,28.5722357,77.2113462
surveillance,28.5713755,77.2142666
surveillance,28.5718019,77.2155867
surveillance,28.5717139,77.2136807
surveillance,28.579488,77.1950482
surveillance,28.5735796,77.215586
surveillance,28.5735854,77.2155978
surveillance,28.5695023,77.1882891
surveillance,28.5798499,77.2000347
surveillance,28.5794906,77.1950148
surveillance,28.5697467,77.1900959
surveillance,28.5794533,77.1989224
surveillance,28.5716607,77.2133887
surveillance,28.5705501,77.2130717
surveillance,28.5716632,77.2133874
surveillance,28.5684596,77.2213283
surveillance,28.5687744,77.2217067
surveillance,28.5684675,77.2213284
surveillance,28.5697618,77.2106678
surveillance,28.5707559,77.2137998
surveillance,28.5700855,77.2128492
surveillance,28.5706739,77.2105244
surveillance,28.5699424,77.2155351
surveillance,28.5699204,77.2167772
surveillance,28.5699751,77.2148765
surveillance,28.5718361,77.2111202
surveillance,28.5701224,77.2123599
surveillance,28.5700846,77.2128712
surveillance,28.5699719,77.2148988
surveillance,28.5701418,77.2120197
surveillance,28.5699123,77.2160612
surveillance,28.5698815,77.2167189
surveillance,28.5697714,77.2106539
surveillance,28.5717435,77.210613
surveillance,28.5705147,77.2111457
surveillance,28.5707343,77.210056
surveillance,28.5698831,77.2167335
surveillance,28.5696588,77.2112421
surveillance,28.5715364,77.2097474
surveillance,28.5712767,77.2102313
surveillance,28.569915,77.2160372
surveillance,28.5699203,77.2167591
surveillance,28.5699442,77.2155083
surveillance,28.5703532,77.214135
surveillance,28.5696369,77.2118196
surveillance,28.570125,77.2123151
surveillance,28.5718265,77.2111328
surveillance,28.5706544,77.2105348
surveillance,28.5700255,77.2139544
surveillance,28.5703381,77.2141427
surveillance,28.5703389,77.2117523
surveillance,28.5698548,77.211932
surveillance,28.5709382,77.2109382
surveillance,28.5700548,77.2134404
surveillance,28.5719599,77.2097153
surveillance,28.5701584,77.2143667
surveillance,28.5704768,77.21021
surveillance,28.5719409,77.2097135
surveillance,28.5707165,77.2100667
surveillance,28.5710291,77.2112823
surveillance,28.5701043,77.2109137
surveillance,28.5698902,77.2167732
surveillance,28.570152,77.2143884
surveillance,28.5717263,77.2106161
surveillance,28.5706303,77.2114876
surveillance,28.5696468,77.2118397
surveillance,28.5700578,77.2134093
surveillance,28.5710973,77.2136001
surveillance,28.5707484,77.2138076
surveillance,28.5701415,77.2120349
surveillance,28.5715002,77.2097541
surveillance,28.5704936,77.2111628
surveillance,28.5712359,77.211204
surveillance,28.5710939,77.2098674
surveillance,28.5700968,77.2104116
surveillance,28.5700018,77.2143823
surveillance,28.5700026,77.2143998
surveillance,28.5698658,77.2119323
surveillance,28.5699602,77.2114218
surveillance,28.5710188,77.2112856
surveillance,28.5710728,77.2098763
surveillance,28.5700817,77.2104198
surveillance,28.5710895,77.213607
surveillance,28.5700243,77.2139178
surveillance,28.5712257,77.2112074
surveillance,28.571289,77.2102243
surveillance,28.5706459,77.2114772
surveillance,28.5699877,77.2114248
surveillance,28.5696598,77.2112164
surveillance,28.5700947,77.2109309
surveillance,28.5703517,77.2117385
surveillance,28.5719247,77.2145386
surveillance,28.5723194,77.2140647
surveillance,28.5723274,77.2131049
surveillance,28.5720377,77.2141486
surveillance,28.5728442,77.2114291
surveillance,28.5726093,77.2123314
surveillance,28.5725568,77.2127426
surveillance,28.5723312,77.2131215
surveillance,28.5725791,77.2127415
surveillance,28.5720321,77.2141673
surveillance,28.5719392,77.2146658
surveillance,28.5719287,77.2145208
surveillance,28.5728245,77.2114462
surveillance,28.5728627,77.2117
surveillance,28.5721808,77.2136723
surveillance,28.5724711,77.2135266
surveillance,28.5728549,77.2117244
surveillance,28.5724713,77.2135107
surveillance,28.5723355,77.2140538
surveillance,28.5728258,77.2117216
surveillance,28.5726025,77.212352
surveillance,28.572186,77.213651
surveillance,28.5719142,77.2146705
surveillance,28.56896,77.2201184
surveillance,28.5715472,77.2148125
surveillance,28.568391,77.2208571
surveillance,28.5687693,77.2220871
surveillance,28.5680165,77.2208532
surveillance,28.5687467,77.2220897
surveillance,28.5687965,77.2217109
surveillance,28.5689393,77.2205191
surveillance,28.5737227,77.2101381
surveillance,28.5678908,77.224396
surveillance,28.5685498,77.2190179
surveillance,28.5694884,77.220032
surveillance,28.5685679,77.2190171
surveillance,28.5737032,77.2103819
surveillance,28.5678786,77.2243955
surveillance,28.5685531,77.2189983
surveillance,28.5685608,77.2190069
surveillance,28.5689457,77.2212997
surveillance,28.5737234,77.2101241
surveillance,28.5690281,77.2197046
surveillance,28.569016,77.2197044
surveillance,28.5685685,77.2189996
surveillance,28.5736973,77.2103784
surveillance,28.5720882,77.2157446
surveillance,28.5720669,77.215746
surveillance,28.5734151,77.2158906
surveillance,28.5733998,77.2158993
surveillance,28.5803607,77.2146603
surveillance,28.5853746,77.2226898
surveillance,28.5801646,77.2179215
surveillance,28.5731498,77.2161071
surveillance,28.5804354,77.2208729
surveillance,28.5806629,77.2229714
surveillance,28.5807514,77.2148115
surveillance,28.5860626,77.2221313
surveillance,28.5854815,77.2239395
surveillance,28.5844936,77.2223415
surveillance,28.5806065,77.2217361
surveillance,28.5857532,77.222106
surveillance,28.5804454,77.2208639
surveillance,28.5852129,77.2222469
surveillance,28.5805902,77.2217653
surveillance,28.5806488,77.2217308
surveillance,28.5862772,77.2241606
surveillance,28.5804837,77.2213636
surveillance,28.5823125,77.2243499
surveillance,28.5800098,77.2156731
surveillance,28.5805525,77.2213669
surveillance,28.5860085,77.2226259
surveillance,28.586133,77.2238517
surveillance,28.5801033,77.2156566
surveillance,28.5846511,77.223979
surveillance,28.5850049,77.2225953
surveillance,28.5828408,77.2230411
surveillance,28.5818182,77.2208014
surveillance,28.582584,77.2224949
surveillance,28.5858722,77.2202844
surveillance,28.5768975,77.2195351
surveillance,28.582577,77.2224168
surveillance,28.5735243,77.2157814
surveillance,28.5827281,77.2206995
surveillance,28.5837315,77.2205283
surveillance,28.5810947,77.220888
surveillance,28.5772762,77.219292
surveillance,28.573518,77.2158111
surveillance,28.5825387,77.2206771
surveillance,28.5823706,77.2230141
surveillance,28.5813326,77.2216694
surveillance,28.5818915,77.2222753
surveillance,28.5841796,77.2204835
surveillance,28.5818225,77.220802
surveillance,28.5835704,77.2243418
surveillance,28.5812812,77.2211927
surveillance,28.581347,77.2216393
surveillance,28.5770698,77.2193898
surveillance,28.5850126,77.2226478
surveillance,28.5823075,77.2224388
surveillance,28.5805678,77.2215585
surveillance,28.5811088,77.2208847
surveillance,28.5835588,77.2242507
surveillance,28.5823167,77.2225217
surveillance,28.5833197,77.2206035
surveillance,28.5808311,77.2197783
surveillance,28.5832953,77.224307
surveillance,28.5804213,77.2176827
surveillance,28.5805441,77.2183344
surveillance,28.5807777,77.2192914
surveillance,28.5831505,77.2206012
surveillance,28.5831412,77.2206013
surveillance,28.5806513,77.2199038
surveillance,28.5833029,77.2243978
surveillance,28.5806384,77.2198215
surveillance,28.5807753,77.2192502
surveillance,28.5819006,77.2206908
surveillance,28.5843123,77.2126027
surveillance,28.5685755,77.2168932
surveillance,28.5712585,77.2168355
surveillance,28.5689664,77.2201166
surveillance,28.5685605,77.2173281
surveillance,28.5679572,77.2235819
surveillance,28.5712583,77.2168191
surveillance,28.5680032,77.219359
surveillance,28.5685738,77.2169093
surveillance,28.5680019,77.2235929
surveillance,28.5684398,77.2207192
surveillance,28.568317,77.2208678
surveillance,28.56832,77.220868
surveillance,28.5733057,77.2165819
surveillance,28.5679459,77.2235804
surveillance,28.5679862,77.2235877
surveillance,28.5684048,77.2206446
surveillance,28.5679304,77.2235749
surveillance,28.5688364,77.214099
surveillance,28.5727167,77.2175771
surveillance,28.5713835,77.2162264
surveillance,28.5680294,77.2235791
surveillance,28.5680001,77.2193625
surveillance,28.5681238,77.2237627
surveillance,28.5729797,77.2160556
surveillance,28.569313,77.2162603
surveillance,28.5729709,77.2160466
surveillance,28.5693124,77.2162535
surveillance,28.5680032,77.2193668
surveillance,28.5684025,77.2207253
surveillance,28.5733053,77.2165693
surveillance,28.5713903,77.2162125
surveillance,28.5684423,77.2206548
surveillance,28.5684797,77.2168757
surveillance,28.5734955,77.2172116
surveillance,28.5691753,77.2141387
surveillance,28.5678882,77.2235631
surveillance,28.5686489,77.21857
surveillance,28.5684377,77.2206466
surveillance,28.5686613,77.2182718
surveillance,28.5686601,77.218263
surveillance,28.5684421,77.2206577
surveillance,28.5686446,77.2185866
surveillance,28.5762732,77.2103907
surveillance,28.5883823,77.2168525
surveillance,28.5835795,77.2247521
surveillance,28.5855784,77.2181189
surveillance,28.5856868,77.2135757
surveillance,28.576282,77.2104077
surveillance,28.585675,77.2180666
surveillance,28.576269,77.2103833
surveillance,28.5895768,77.2165588
surveillance,28.5902334,77.2196515
surveillance,28.5856786,77.2180681
surveillance,28.5764427,77.210346
surveillance,28.5897185,77.2197607
surveillance,28.5847408,77.2123566
surveillance,28.5838051,77.2246647
surveillance,28.5754837,77.2099208
surveillance,28.5897307,77.2197614
surveillance,28.5860596,77.2182531
surveillance,28.5884051,77.2168243
surveillance,28.5846297,77.2125599
surveillance,28.5847416,77.2123929
surveillance,28.5858816,77.2134235
surveillance,28.5859083,77.2218714
surveillance,28.5902316,77.2196476
surveillance,28.5846266,77.2125159
surveillance,28.5856899,77.2135717
surveillance,28.5902323,77.219653
surveillance,28.5754988,77.2099622
surveillance,28.5899808,77.2196787
surveillance,28.5856892,77.2135674
surveillance,28.5755042,77.2099372
surveillance,28.58975,77.2198184
surveillance,28.5856747,77.2180754
surveillance,28.5858835,77.213437
surveillance,28.5835533,77.2247554
surveillance,28.5856904,77.2135521
surveillance,28.5855338,77.2225524
surveillance,28.5853562,77.2227098
surveillance,28.5855378,77.2226028
surveillance,28.5855359,77.2225867
surveillance,28.5856773,77.2175218
surveillance,28.5753368,77.2099881
surveillance,28.5856811,77.2175109
surveillance,28.5858825,77.2126036
surveillance,28.5836414,77.2124288
surveillance,28.5857026,77.216832
surveillance,28.5856932,77.2168171
surveillance,28.5753398,77.2099808
surveillance,28.5844552,77.2127149
surveillance,28.5802307,77.2193973
surveillance,28.5818098,77.2227075
surveillance,28.5802339,77.2193975
surveillance,28.5838314,77.2127389
surveillance,28.5857473,77.2156274
surveillance,28.5812641,77.2055049
surveillance,28.5857547,77.215621
surveillance,28.582355,77.2228919
surveillance,28.5803333,77.2114737
surveillance,28.581247,77.2054972
surveillance,28.5811228,77.2149451
surveillance,28.5835747,77.212749
surveillance,28.5818198,77.2226948
surveillance,28.5851732,77.2236933
surveillance,28.5844818,77.2127101
surveillance,28.5852069,77.2236865
surveillance,28.5811254,77.2149276
surveillance,28.583935,77.2127449
surveillance,28.5855882,77.2236452
surveillance,28.5801572,77.2179216
surveillance,28.5857552,77.2156311
surveillance,28.5856215,77.2236398
surveillance,28.5823745,77.2129233
surveillance,28.5849973,77.2219805
surveillance,28.5860902,77.2238908
surveillance,28.585963,77.2235948
surveillance,28.5856908,77.2135619
surveillance,28.585209,77.224002
surveillance,28.5857431,77.2215718
surveillance,28.5802306,77.2180112
surveillance,28.58568,77.2135533
surveillance,28.5858655,77.2218753
surveillance,28.5852764,77.2239949
surveillance,28.5855996,77.220446
surveillance,28.585918,77.2235521
surveillance,28.5856661,77.2210586
surveillance,28.5859259,77.2226137
surveillance,28.5856613,77.2209767
surveillance,28.5726491,77.2155655
surveillance,28.5726327,77.2155614
surveillance,28.5713056,77.2154201
surveillance,28.5796725,77.2119832
surveillance,28.5587586,77.1714639
surveillance,28.5796383,77.1996314
surveillance,28.5799176,77.2012469
surveillance,28.5798352,77.2024718
surveillance,28.5798397,77.2024905
surveillance,28.5445812,77.1590186
surveillance,28.5581847,77.1723362
surveillance,28.5693241,77.1899836
surveillance,28.5796241,77.1989619
surveillance,28.5676413,77.1890672
surveillance,28.5794958,77.1898259
surveillance,28.558168,77.1723296
surveillance,28.5621173,77.1695427
surveillance,28.5798431,77.2024899
surveillance,28.5792465,77.1901521
surveillance,28.5424902,77.1547974
surveillance,28.5583881,77.1734774
surveillance,28.5692981,77.1899779
surveillance,28.5678649,77.1892975
surveillance,28.5477203,77.1621605
surveillance,28.5798468,77.2024892
surveillance,28.5794998,77.1898395
surveillance,28.5792424,77.1901408
surveillance,28.5797858,77.1988695
surveillance,28.5796226,77.1989396
surveillance,28.5792378,77.1901421
surveillance,28.5797845,77.1988566
surveillance,28.5700786,77.1897728
surveillance,28.5794483,77.2145624
surveillance,28.5795047,77.2076836
surveillance,28.5445748,77.1590125
surveillance,28.5798363,77.2024904
surveillance,28.579918,77.2012766
surveillance,28.5798348,77.2024827
surveillance,28.5792723,77.1898209
surveillance,28.5700984,77.1897807
surveillance,28.5795144,77.19006
surveillance,28.5796178,77.1989403
surveillance,28.5794155,77.1941655
surveillance,28.5798583,77.2039852
surveillance,28.5795358,77.1963077
surveillance,28.579962,77.2025883
surveillance,28.5799425,77.2012756
surveillance,28.5700896,77.1897746
surveillance,28.5792796,77.1898305
surveillance,28.5798394,77.2024712
surveillance,28.5792309,77.1899288
surveillance,28.5572554,77.1688274
surveillance,28.5571733,77.1683835
surveillance,28.5735823,77.1898919
surveillance,28.5621131,77.1695363
surveillance,28.57961,77.1989485
surveillance,28.5658145,77.1764134
surveillance,28.570079,77.1897599
surveillance,28.5445819,77.1590186
surveillance,28.542485,77.1547811
surveillance,28.553524,77.1662177
surveillance,28.5792334,77.1899331
surveillance,28.5558097,77.1673401
surveillance,28.5791734,77.2102047
surveillance,28.5793568,77.209948
surveillance,28.5799237,77.2024856
surveillance,28.5735859,77.1897809
surveillance,28.558726,77.1715381
surveillance,28.5678525,77.1892964
surveillance,28.5795146,77.1962992
surveillance,28.5459213,77.156997
surveillance,28.5572455,77.1688247
surveillance,28.5445766,77.1590139
surveillance,28.542494,77.154786
surveillance,28.5676542,77.1890688
surveillance,28.5592637,77.1709462
surveillance,28.5799306,77.2024877
surveillance,28.5658588,77.1764699
surveillance,28.5592742,77.1709547
surveillance,28.5458926,77.1569768
surveillance,28.5587593,77.171457
surveillance,28.5425059,77.1547915
surveillance,28.5445752,77.1590177
surveillance,28.579351,77.2099339
surveillance,28.5693447,77.1899854
surveillance,28.5558067,77.1673398
surveillance,28.5796205,77.1989542
surveillance,28.6045907,77.151769
surveillance,28.5693798,77.2057823
surveillance,28.6039007,77.1561629
surveillance,28.6053434,77.1461739
surveillance,28.5706304,77.1830506
surveillance,28.5696328,77.1886256
surveillance,28.6049627,77.1493066
surveillance,28.6073473,77.141438
surveillance,28.5693792,77.2057913
surveillance,28.575137,77.1778862
surveillance,28.6054413,77.1461801
surveillance,28.5909807,77.1682558
surveillance,28.6470259,77.126341
surveillance,28.6146403,77.1365976
surveillance,28.5704847,77.1836383
surveillance,28.5902303,77.1685141
surveillance,28.6043416,77.1526821
surveillance,28.6255617,77.1346608
surveillance,28.5694342,77.2048213
surveillance,28.5706449,77.1830595
surveillance,28.5695034,77.204014
surveillance,28.5707062,77.1831361
surveillance,28.570724,77.1831393
surveillance,28.5708985,77.1822982
surveillance,28.6473841,77.1262891
surveillance,28.5698519,77.1861664
surveillance,28.5699656,77.1862452
surveillance,28.5911738,77.1680516
surveillance,28.6305804,77.1326955
surveillance,28.6094693,77.139825
surveillance,28.6062241,77.143323
surveillance,28.5911466,77.1680564
surveillance,28.6146279,77.136599
surveillance,28.5909771,77.1682413
surveillance,28.6473549,77.1261925
surveillance,28.5699363,77.1861702
surveillance,28.6305722,77.1326941
surveillance,28.6048742,77.1492937
surveillance,28.6094732,77.1398236
surveillance,28.5981777,77.1637609
surveillance,28.6062338,77.1433034
surveillance,28.6062359,77.1433144
surveillance,28.5735283,77.1791989
surveillance,28.6061053,77.1432461
surveillance,28.5706988,77.1831291
surveillance,28.598228,77.1638367
surveillance,28.6044626,77.1526994
surveillance,28.5856123,77.17171
surveillance,28.5902385,77.1685117
surveillance,28.6074078,77.1415024
surveillance,28.5911968,77.1680438
surveillance,28.569653,77.1886281
surveillance,28.6303738,77.2236712
surveillance,28.6304031,77.2236374
surveillance,28.6303756,77.2236686
surveillance,28.6316071,77.217268
surveillance,28.6315672,77.2165244
surveillance,28.6310838,77.2156943
surveillance,28.6322751,77.2183738
surveillance,28.6316033,77.2168133
surveillance,28.6313132,77.2161377
surveillance,28.6310934,77.2161654
surveillance,28.6316017,77.2168068
surveillance,28.6314066,77.2163079
surveillance,28.6314037,77.2162993
surveillance,28.6309249,77.2152607
surveillance,28.6322271,77.2181038
surveillance,28.630874,77.2156485
surveillance,28.6310564,77.2160513
surveillance,28.6322813,77.2183784
surveillance,28.6322959,77.2173313
surveillance,28.6317257,77.2170526
surveillance,28.6319462,77.2172682
surveillance,28.6310993,77.2161658
surveillance,28.6322629,77.2181292
surveillance,28.6316014,77.2168088
surveillance,28.6318646,77.217015
surveillance,28.6303756,77.2176728
surveillance,28.6295119,77.2193467
surveillance,28.6294912,77.219346
surveillance,28.6295334,77.2193477
surveillance,28.6295644,77.2193806
surveillance,28.6336607,77.2174689
surveillance,28.6333684,77.2207568
surveillance,28.6336313,77.2205276
surveillance,28.6334113,77.2208794
surveillance,28.6330048,77.2172663
surveillance,28.6340943,77.2197589
surveillance,28.6334092,77.2208655
surveillance,28.6337389,77.2218988
surveillance,28.6338461,77.2200396
surveillance,28.6330062,77.2172699
surveillance,28.6338689,77.2194583
surveillance,28.6338997,77.219682
surveillance,28.6337973,77.220361
surveillance,28.6337967,77.220359
surveillance,28.6335292,77.2209119
surveillance,28.6334141,77.2220229
surveillance,28.6337327,77.2223694
surveillance,28.6334069,77.2220241
surveillance,28.6339227,77.2178702
surveillance,28.6329846,77.2172466
surveillance,28.6336649,77.2174698
surveillance,28.6338479,77.2200357
surveillance,28.632989,77.2172504
surveillance,28.6322946,77.2173322
surveillance,28.6336127,77.2221195
surveillance,28.6336156,77.2221388
surveillance,28.6329357,77.2212989
surveillance,28.6329366,77.2209155
surveillance,28.6333222,77.2213073
surveillance,28.633223,77.2210592
surveillance,28.6329279,77.2213004
surveillance,28.6329338,77.2209153
surveillance,28.6328742,77.2209283
surveillance,28.6328703,77.2209247
surveillance,28.632293,77.2207669
surveillance,28.5684545,77.2214261
surveillance,28.568447,77.2214243
surveillance,28.5683208,77.2231321
surveillance,28.5683218,77.2231276
surveillance,28.6030362,77.1908837
surveillance,28.602339,77.1927308
surveillance,28.6044329,77.1985345
surveillance,28.6061639,77.2178567
surveillance,28.6064048,77.2189344
surveillance,28.5763327,77.1127899
surveillance,28.5763268,77.1128098
surveillance,28.6033365,77.1835509
surveillance,28.6021107,77.1804597
surveillance,28.6040325,77.1850481
surveillance,28.6001241,77.1768507
surveillance,28.6022583,77.1809919
surveillance,28.6033179,77.1837568
surveillance,28.6023839,77.1935705
surveillance,28.6099589,77.2248156
surveillance,28.5991449,77.1750063
surveillance,28.5900459,77.1560308
surveillance,28.595328,77.1679191
surveillance,28.6038174,77.2115861
surveillance,28.6099093,77.2243402
surveillance,28.6041955,77.2118962
surveillance,28.5806761,77.1240096
surveillance,28.6033397,77.1837611
surveillance,28.5694598,77.1974088
surveillance,28.5717383,77.2183846
surveillance,28.5697104,77.1855313
surveillance,28.5719318,77.2179702
surveillance,28.5717574,77.2182362
surveillance,28.5687218,77.189669
surveillance,28.5679915,77.2206866
surveillance,28.5717026,77.2184673
surveillance,28.5695152,77.2039038
surveillance,28.5685236,77.2205744
surveillance,28.5693086,77.1894406
surveillance,28.5691974,77.2196809
surveillance,28.5671354,77.1888356
surveillance,28.5685215,77.2205219
surveillance,28.5709393,77.2163486
surveillance,28.5696358,77.2210499
surveillance,28.5717376,77.2183879
surveillance,28.5719787,77.2179823
surveillance,28.5702228,77.2216223
surveillance,28.5695182,77.2039015
surveillance,28.5697341,77.2197734
surveillance,28.5717748,77.2181891
surveillance,28.5671395,77.1888363
surveillance,28.5679451,77.2200406
surveillance,28.5693283,77.2232702
surveillance,28.569732,77.2197238
surveillance,28.5693955,77.2200602
surveillance,28.5698211,77.2192491
surveillance,28.5693859,77.2057878
surveillance,28.5694594,77.1974004
surveillance,28.5693002,77.2233937
surveillance,28.5675832,77.2212863
surveillance,28.5696572,77.2209952
surveillance,28.5703545,77.2191502
surveillance,28.5697303,77.2197877
surveillance,28.5713931,77.2192248
surveillance,28.5690522,77.1928806
surveillance,28.5697094,77.185526
surveillance,28.5713846,77.2190432
surveillance,28.5717386,77.2183793
surveillance,28.5714292,77.2192407
surveillance,28.5675739,77.2213088
surveillance,28.5697573,77.2203223
surveillance,28.567927,77.2200611
surveillance,28.5679241,77.2209359
surveillance,28.5717828,77.2181651
surveillance,28.5691732,77.1949586
surveillance,28.5693264,77.2233103
surveillance,28.5697294,77.2197676
surveillance,28.5690597,77.1927519
surveillance,28.5696456,77.2210519
surveillance,28.5697603,77.2202204
surveillance,28.5679279,77.2209321
surveillance,28.6333897,77.2214661
surveillance,28.6317054,77.2220404
surveillance,28.6317491,77.2219288
surveillance,28.6333335,77.2213419
surveillance,28.6333624,77.221403
surveillance,28.6345077,77.2191116
surveillance,28.6313653,77.2202514
surveillance,28.6313883,77.2203328
surveillance,28.6345102,77.219113
surveillance,28.634579,77.2190985
surveillance,28.6315128,77.2206225
surveillance,28.631839,77.2210821
surveillance,28.6345041,77.2191038
surveillance,28.6318687,77.2210355
surveillance,28.6318418,77.2209724
surveillance,28.631462,77.2206123
surveillance,28.6311363,77.222566
surveillance,28.6345744,77.2190955
surveillance,28.6318288,77.2209897
surveillance,28.6317492,77.2211939
surveillance,28.6318632,77.2210201
surveillance,28.5687477,77.220268
surveillance,28.5686847,77.2202646
surveillance,28.588769,77.1864382
surveillance,28.5934587,77.1891943
surveillance,28.575679,77.1973524
surveillance,28.5781723,77.1952029
surveillance,28.5778234,77.1951805
surveillance,28.5756667,77.1973295
surveillance,28.590446,77.1732413
surveillance,28.5756795,77.1973508
surveillance,28.5872027,77.1889434
surveillance,28.5756817,77.1973502
surveillance,28.5866199,77.1902193
surveillance,28.5794509,77.1935281
surveillance,28.5756668,77.19733
surveillance,28.5764985,77.1950768
surveillance,28.5842938,77.1923079
surveillance,28.590123,77.1774529
surveillance,28.5871948,77.1889368
surveillance,28.5923765,77.1882106
surveillance,28.5887743,77.1864269
surveillance,28.5794483,77.1935258
surveillance,28.586621,77.1902192
surveillance,28.5757702,77.1973378
surveillance,28.5756671,77.197331
surveillance,28.5855645,77.1918933
surveillance,28.579451,77.1935265
surveillance,28.5781692,77.1952012
surveillance,28.5934511,77.189196
surveillance,28.575668,77.19733
surveillance,28.5794533,77.1935278
surveillance,28.5756809,77.1973525
surveillance,28.5904403,77.173228
surveillance,28.5855715,77.1918773
surveillance,28.6001842,77.1836846
surveillance,28.5989106,77.1863808
surveillance,28.5758794,77.1973377
surveillance,28.5779538,77.1962217
surveillance,28.5781755,77.1952043
surveillance,28.5781704,77.1952018
surveillance,28.5901266,77.1774554
surveillance,28.5989166,77.186371
surveillance,28.5778266,77.1951808
surveillance,28.5781302,77.1951519
surveillance,28.6001823,77.1836904
surveillance,28.5757705,77.1973366
surveillance,28.571681,77.2211421
surveillance,28.5701295,77.2209601
surveillance,28.5682862,77.2211843
surveillance,28.566881,77.2209959
surveillance,28.5684332,77.2184273
surveillance,28.5682305,77.2213984
surveillance,28.5689747,77.2210118
surveillance,28.5682141,77.2213972
surveillance,28.566629,77.2208043
surveillance,28.5684093,77.2175368
surveillance,28.5681447,77.2213952
surveillance,28.5680766,77.2173357
surveillance,28.5684018,77.2181938
surveillance,28.5703538,77.221
surveillance,28.5694425,77.220859
surveillance,28.5662408,77.2206456
surveillance,28.5684041,77.2181902
surveillance,28.5659105,77.2204439
surveillance,28.567191,77.2214494
surveillance,28.5709239,77.2210475
surveillance,28.5695503,77.2210493
surveillance,28.5677051,77.2190321
surveillance,28.5677057,77.2173432
surveillance,28.5683801,77.2185791
surveillance,28.568448,77.2214252
surveillance,28.5670463,77.221063
surveillance,28.5651052,77.2199156
surveillance,28.567119,77.2210888
surveillance,28.5676642,77.2182974
surveillance,28.5712075,77.2210359
surveillance,28.5662099,77.2206196
surveillance,28.5670545,77.2210825
surveillance,28.5677043,77.2190004
surveillance,28.5668658,77.2209956
surveillance,28.5659103,77.2204446
surveillance,28.5677023,77.2173528
surveillance,28.5691185,77.2201111
surveillance,28.5683933,77.217722
surveillance,28.5684259,77.219237
surveillance,28.5680707,77.2173372
surveillance,28.5651492,77.2200023
surveillance,28.5660897,77.2205647
surveillance,28.5676353,77.2213432
surveillance,28.5684482,77.219734
surveillance,28.5672422,77.221342
surveillance,28.5683861,77.2178185
surveillance,28.5651498,77.220006
surveillance,28.5684051,77.2181055
surveillance,28.5651492,77.2200023
surveillance,28.5701449,77.2209593
surveillance,28.5694658,77.2210464
surveillance,28.5684256,77.2192008
surveillance,28.5651562,77.2200023
surveillance,28.5714339,77.2211841
surveillance,28.5700797,77.2209617
surveillance,28.5684398,77.219612
surveillance,28.5683643,77.221188
surveillance,28.5677015,77.2181487
surveillance,28.568373,77.2178319
surveillance,28.5669899,77.2210565
surveillance,28.5683947,77.2177184
surveillance,28.5669456,77.2210363
surveillance,28.5692657,77.2206271
surveillance,28.5697224,77.2197597
surveillance,28.5716997,77.2211578
surveillance,28.5675485,77.2183829
surveillance,28.5681517,77.2213948
surveillance,28.5710437,77.221055
surveillance,28.5675482,77.2183757
surveillance,28.5684448,77.2214235
surveillance,28.5684267,77.2175437
surveillance,28.5683838,77.2185783
surveillance,28.5664297,77.220754
surveillance,28.5712052,77.2210419
surveillance,28.567706,77.2173419
surveillance,28.5684064,77.2181892
surveillance,28.5683809,77.221165
surveillance,28.5689699,77.2213434
surveillance,28.5689756,77.2212629
surveillance,28.5689483,77.2210853
surveillance,28.5747232,77.2098964
surveillance,28.5747222,77.209895
surveillance,28.5739173,77.2101823
surveillance,28.5750145,77.2097982
surveillance,28.5741192,77.2098776
surveillance,28.5743139,77.2098384
surveillance,28.5750139,77.2097939
surveillance,28.5751195,77.2099015
surveillance,28.5748362,77.20974
surveillance,28.5741931,77.2101547
surveillance,28.5751264,77.2098846
surveillance,28.5739252,77.21018
surveillance,28.574801,77.2101272
surveillance,28.5740328,77.2098678
surveillance,28.5741442,77.2098882
surveillance,28.5747999,77.2101294
surveillance,28.6566841,77.2250203
surveillance,28.6564388,77.2254722
surveillance,28.6565895,77.2266901
surveillance,28.6566407,77.2257784
surveillance,28.6565637,77.2275415
surveillance,28.6566221,77.2261499
surveillance,28.656662,77.2255618
surveillance,28.6565814,77.2268999
surveillance,28.6564187,77.2261921
surveillance,28.6562781,77.2282709
surveillance,28.6563939,77.2265551
surveillance,28.6562962,77.2275341
surveillance,28.6563757,77.226887
surveillance,28.6691676,77.2294683
surveillance,28.6563131,77.2321097
surveillance,28.6563131,77.2321097
surveillance,28.6683947,77.2284424
surveillance,28.6678641,77.2291101
surveillance,28.6590608,77.2259207
surveillance,28.6590648,77.2259207
surveillance,28.6590513,77.2259204
surveillance,28.6660186,77.3099611
surveillance,28.650384,77.3158738
surveillance,28.6504341,77.3158264
surveillance,28.6689493,77.2324267
surveillance,28.6689525,77.2324371
activity,28.4307541,77.2965476
activity,28.43099,77.296376
activity,28.4028689,77.2755056
activity,28.4318132,77.3197388
activity,28.4099595,77.3156263
activity,28.505296,77.229277
activity,28.5153806,77.2502919
activity,28.499764,77.2370308
activity,28.5006269,77.2353368
activity,28.5242932,77.2554862
activity,28.5248112,77.2543763
activity,28.4549609,77.3156192
activity,28.455192,77.3158231
activity,28.4336483,77.3225453
activity,28.4333135,77.3213816
activity,28.4137191,77.3264262
activity,28.4139784,77.3139529
activity,28.4018389,77.3159064
activity,28.4501324,77.2833462
activity,28.5084236,77.2510098
activity,28.5094144,77.2639663
activity,28.5108396,77.2650253
activity,28.4302171,77.22613
activity,28.4168782,77.3219915
activity,28.4697054,77.3073898
activity,28.4948019,77.2291798
activity,28.4006808,77.3184109
activity,28.412628,77.3361157
activity,28.5169615,77.2271789
activity,28.516561,77.2272104
activity,28.5167524,77.2271259
activity,28.5161687,77.227032
activity,28.495939,77.3031081
activity,28.5117081,77.243271
activity,28.4945252,77.3035906
activity,28.503064,77.2807203
activity,28.5240537,77.2296458
activity,28.524724,77.2558837
activity,28.5189199,77.2788805
activity,28.5024032,77.2826168
activity,28.5190205,77.2788142
activity,28.4959778,77.303221
activity,28.5139992,77.2328778
activity,28.5141173,77.2327466
activity,28.4807306,77.3264789
activity,28.5146161,77.2313533
activity,28.5191896,77.2281724
activity,28.5173085,77.2273488
activity,28.5022791,77.2836851
activity,28.4990295,77.2950882
activity,28.4220829,77.3257704
activity,28.4921105,77.3186247
activity,28.5152024,77.2264024
activity,28.5031493,77.2805611
activity,28.5012251,77.2890164
activity,28.5133292,77.235073
activity,28.513712,77.2344806
activity,28.5133862,77.2350946
activity,28.5138568,77.23383
activity,28.5137441,77.2342597
activity,28.5008909,77.3015445
activity,28.5247002,77.2369691
activity,28.5233637,77.2312756
activity,28.5178095,77.2796714
activity,28.501324,77.3010313
activity,28.5206661,77.2795214
activity,28.524544,77.2544258
activity,28.5193361,77.2786078
activity,28.5211592,77.2797816
activity,28.524779,77.2747484
activity,28.5167946,77.2543471
activity,28.515532,77.2275507
activity,28.5100205,77.3355601
activity,28.4986996,77.2954384
activity,28.5130176,77.2371445
activity,28.5030427,77.3004691
activity,28.5029525,77.3004796
activity,28.5031506,77.3004744
activity,28.4301046,77.3159958
activity,28.4448951,77.3087509
activity,28.5230722,77.2767679
activity,28.4428618,77.3117411
activity,28.5203046,77.2289059
activity,28.4232884,77.311025
activity,28.5043828,77.2422016
activity,28.4975136,77.3167916
activity,28.424027,77.3025404
activity,28.4478869,77.2476438
activity,28.4938055,77.2674157
activity,28.4954606,77.3248433
activity,28.4945193,77.3260089
activity,28.4925874,77.3261344
activity,28.4930183,77.3260786
activity,28.4953996,77.3253477
activity,28.5024431,77.299147
activity,28.5031249,77.3004895
activity,28.5001319,77.3125324
activity,28.4982105,77.3023043
activity,28.5000255,77.3130002
activity,28.4967408,77.3029115
activity,28.4982037,77.3046099
activity,28.4962951,77.3238529
activity,28.495975,77.3242539
activity,28.4948786,77.3248662
activity,28.4308242,77.2963555
activity,28.5007931,77.3015786
activity,28.4973534,77.3220285
activity,28.5034886,77.3003552
activity,28.500216,77.3127708
activity,28.4973912,77.3035107
activity,28.4942947,77.3252205
activity,28.495666,77.3247549
activity,28.4952971,77.3249023
activity,28.4952725,77.3249863
activity,28.4945133,77.325111
activity,28.4949929,77.3252325
activity,28.4944492,77.3255522
activity,28.4946147,77.3256146
activity,28.4945557,77.3256489
activity,28.485442,77.3446418
activity,28.4978767,77.3207839
activity,28.5006244,77.3139116
activity,28.5007488,77.3138746
activity,28.5000227,77.3130157
activity,28.5000516,77.3130875
activity,28.4120584,77.3191337
activity,28.4083101,77.3189754
activity,28.4117893,77.3199143
activity,28.4106429,77.3201412
activity,28.4098134,77.319889
activity,28.4091259,77.3198271
activity,28.4701542,77.3071335
activity,28.4700504,77.3074098
activity,28.4691969,77.3075412
activity,28.4701023,77.307273
activity,28.4693242,77.307383
activity,28.4695694,77.3075493
activity,28.4698241,77.3072998
activity,28.4693337,77.3070638
activity,28.4698382,77.307206
activity,28.4697463,77.3071979
activity,28.4694586,77.3074661
activity,28.4695152,77.3072006
activity,28.4695364,77.307045
activity,28.4694908,77.3069544
activity,28.4699632,77.3073079
activity,28.4694751,77.3073749
activity,28.4694539,77.3072864
activity,28.4698477,77.3069699
activity,28.4058634,77.3094451
activity,28.4027297,77.2993207
activity,28.4023604,77.3002843
activity,28.4031206,77.3473843
activity,28.5016903,77.2862171
activity,28.4983551,77.2832118
activity,28.5018231,77.287411
activity,28.4988464,77.2811974
activity,28.4977164,77.2829832
activity,28.5011412,77.2892667
activity,28.4985282,77.2846652
activity,28.4978145,77.2841868
activity,28.5022274,77.283947
activity,28.497293,77.2831806
activity,28.5014451,77.2836
activity,28.4969186,77.2841975
activity,28.5001477,77.2868104
activity,28.5005798,77.2871653
activity,28.5010148,77.28499
activity,28.500597,77.2865857
activity,28.4999433,77.2870891
activity,28.5001039,77.2901875
activity,28.500069,77.2914122
activity,28.5009485,77.2868292
activity,28.4868718,77.2898222
activity,28.4840103,77.2842362
activity,28.4831353,77.2860833
activity,28.4985939,77.296431
activity,28.5032926,77.2923163
activity,28.5005036,77.2906547
activity,28.4999846,77.2916442
activity,28.4972731,77.2923232
activity,28.4978651,77.2927732
activity,28.4986061,77.2916389
activity,28.4986558,77.2909004
activity,28.4965873,77.282637
activity,28.501959,77.2852871
activity,28.5003189,77.2853217
activity,28.4864559,77.283031
activity,28.5049311,77.2715618
activity,28.5116544,77.2654014
activity,28.511913,77.2663067
activity,28.5122951,77.2666885
activity,28.5111474,77.237689
activity,28.5104942,77.232405
activity,28.5138331,77.2361004
activity,28.4611696,77.2840149
activity,28.4611472,77.2844656
activity,28.4995429,77.2894644
activity,28.4028131,77.2753941
activity,28.4031537,77.2718007
activity,28.4501032,77.2871113
activity,28.4511065,77.284418
activity,28.4511165,77.2867045
activity,28.5249774,77.2351102
activity,28.5249741,77.2372587
activity,28.5016344,77.2476048
activity,28.4965144,77.2369498
activity,28.5003698,77.2265802
activity,28.5004187,77.2266022
activity,28.5003144,77.2272305
activity,28.5044318,77.3204684
activity,28.5045209,77.3208606
activity,28.4951113,77.3244515
activity,28.4975864,77.31833
activity,28.4956735,77.2488368
activity,28.4909945,77.2466068
activity,28.489443,77.2484188
activity,28.4896575,77.2989652
activity,28.5242292,77.2918416
activity,28.5240125,77.2919066
activity,28.5175593,77.2799407
activity,28.5234849,77.2913127
activity,28.5235777,77.2915783
activity,28.4494553,77.3264418
activity,28.4494643,77.3264351
activity,28.5112582,77.2634592
activity,28.4045047,77.2654694
activity,28.410296,77.2363892
activity,28.423539,77.3141933
activity,28.4197636,77.3119799
activity,28.423563,77.2716655
activity,28.4179796,77.2777655
activity,28.4178334,77.2800268
activity,28.4222519,77.271843
activity,28.4242727,77.2999991
activity,28.4310478,77.2966045
activity,28.4087698,77.2816764
activity,28.5231978,77.2923383
activity,28.4293774,77.3016868
activity,28.4395345,77.2982064
activity,28.4502566,77.298827
activity,28.4437814,77.3037426
activity,28.4204769,77.3057661
activity,28.4147128,77.2968109
activity,28.4162792,77.3006133
activity,28.4149496,77.3050984
activity,28.4373662,77.3174113
activity,28.4359603,77.3152256
activity,28.4308441,77.3219754
activity,28.4455241,77.3137852
activity,28.4416127,77.3135406
activity,28.4381481,77.3230345
activity,28.4340188,77.3237631
activity,28.4050394,77.3170001
activity,28.4082266,77.3139512
activity,28.4139042,77.3140199
activity,28.4055422,77.3193911
activity,28.4152676,77.3231327
activity,28.4069709,77.3291679
activity,28.4133295,77.3272336
activity,28.3997014,77.3318778
activity,28.3996212,77.3305134
activity,28.3999917,77.3291412
activity,28.3998176,77.3029391
activity,28.4001296,77.3021596
activity,28.4076166,77.2977256
activity,28.4183896,77.2891138
activity,28.4461842,77.2827984
activity,28.4501456,77.2856495
activity,28.4477742,77.2823133
activity,28.4234495,77.28811
activity,28.4020605,77.2807249
activity,28.4995646,77.2381647
activity,28.4623939,77.3152141
activity,28.4165103,77.2903432
activity,28.5185113,77.2945453
activity,28.5176425,77.2949662
activity,28.5030487,77.2824615
activity,28.5031534,77.2835845
activity,28.5248488,77.2550094
activity,28.5128799,77.2450364
activity,28.51297,77.2438377
activity,28.508774,77.2988004
activity,28.5160124,77.2810359
activity,28.5085245,77.2975809
activity,28.4864168,77.2896793
activity,28.5205666,77.2950401
activity,28.5211279,77.2947427
activity,28.52089,77.2948616
activity,28.4342949,77.3242096
activity,28.4342916,77.3244236
activity,28.5028565,77.294325
activity,28.4955033,77.2872057
activity,28.469632,77.3072458
activity,28.4826757,77.3115394
activity,28.4837212,77.2893564
activity,28.523219,77.237089
activity,28.4054142,77.3259069
activity,28.4071898,77.3272438
activity,28.4087524,77.3136862
activity,28.463139,77.289574
activity,28.5101796,77.2656855
activity,28.5122634,77.2653507
activity,28.5127484,77.2660559
activity,28.5148083,77.2653159
activity,28.5168204,77.2241584
activity,28.5208139,77.2266679
activity,28.5090292,77.3013476
activity,28.5087546,77.3363101
activity,28.5096189,77.3280037
activity,28.432414,77.3073597
activity,28.5242953,77.2307245
activity,28.500559,77.3156826
activity,28.4952081,77.3179917
activity,28.4975434,77.3168125
activity,28.4047736,77.2542179
activity,28.5058378,77.2519272
activity,28.5044212,77.2505942
activity,28.511313,77.2502214
activity,28.4921886,77.3254973
activity,28.5064858,77.3322373
activity,28.5049303,77.3226097
activity,28.5074544,77.3303522
activity,28.4508042,77.2738295
activity,28.4607668,77.2858307
activity,28.4501668,77.2827789
activity,28.525083,77.2352698
activity,28.4174317,77.3013198
activity,28.4949637,77.2879558
activity,28.492145,77.2965464
activity,28.4816545,77.2982079
activity,28.4937114,77.2958981
activity,28.5062487,77.2468664
activity,28.496128,77.2363978
activity,28.4128421,77.3376048
activity,28.4936384,77.2470105
activity,28.4963755,77.2482861
activity,28.496297,77.2484409
activity,28.4954355,77.2450031
activity,28.4970707,77.2495081
activity,28.4970995,77.2493058
activity,28.4972213,77.2493597
activity,28.4955663,77.2483719
activity,28.4972041,77.2454549
activity,28.4973943,77.2454956
activity,28.523588,77.2935327
activity,28.4289323,77.2244784
activity,28.4928275,77.2372785
activity,28.515913,77.2500332
activity,28.4953977,77.2376956
activity,28.6067575,76.9396906
activity,28.5704851,76.9036618
activity,28.551102,76.8999464
activity,28.552763,76.9075424
activity,28.5705987,76.9072214
activity,28.570448,76.9072107
activity,28.5703019,76.9071195
activity,28.5706835,76.9074628
activity,28.5705375,76.9074736
activity,28.5754339,76.9121402
activity,28.6024715,76.9317444
activity,28.5602327,76.8655177
activity,28.5772027,76.8627175
activity,28.6304673,76.9685752
activity,28.633421,76.953435
activity,28.6331399,76.9537195
activity,28.611965,76.869989
activity,28.6195998,76.8689176
activity,28.6272241,76.8970511
activity,28.537076,76.9225981
activity,28.6105235,76.974704
activity,28.5959261,76.9650266
activity,28.5353504,76.9267325
activity,28.5481487,76.8989142
activity,28.6024121,76.9318874
activity,28.5507022,76.9055948
activity,28.6136195,76.9274623
activity,28.620259,76.9741432
activity,28.619216,76.9322731
activity,28.5945042,76.9104597
activity,28.5945364,76.908743
activity,28.5942322,76.9074879
activity,28.5820353,76.877461
activity,28.628128,76.9652916
activity,28.5500588,76.9297462
activity,28.6188669,76.8719591
activity,28.6177399,76.8773898
activity,28.6245994,76.8671914
activity,28.6022732,76.9704316
activity,28.5991379,76.9678597
activity,28.636867,77.0934463
activity,28.636705,77.0965516
activity,28.6365657,77.0973217
activity,28.6114104,76.9877135
activity,28.5910461,77.037474
activity,28.5790955,77.0552344
activity,28.5959237,77.0290084
activity,28.5436162,77.0668071
activity,28.5733376,77.0639396
activity,28.590917,77.0580608
activity,28.588872,77.0622043
activity,28.5892292,77.0563222
activity,28.5902843,77.0589614
activity,28.5862318,77.057073
activity,28.6361048,77.0652214
activity,28.6379881,77.0662943
activity,28.6390596,77.0747469
activity,28.6297371,77.0819031
activity,28.6199732,77.088561
activity,28.6234479,77.0919202
activity,28.6226568,77.0955455
activity,28.6225631,77.0952665
activity,28.6300965,77.0940113
activity,28.5750095,77.0675759
activity,28.5752361,77.067756
activity,28.5560688,77.0846576
activity,28.6059739,77.0479506
activity,28.5938906,77.077978
activity,28.5948825,77.0214331
activity,28.5949697,77.0216901
activity,28.6147687,76.9811687
activity,28.6111468,76.9794295
activity,28.6126726,76.9796548
activity,28.6141749,76.9805689
activity,28.6124471,76.9859284
activity,28.6128521,76.9857567
activity,28.6131958,76.9857968
activity,28.613071,76.9857832
activity,28.6182087,76.9837474
activity,28.6171539,76.9840237
activity,28.6154374,76.9838655
activity,28.6146274,76.9844448
activity,28.6151925,76.9838306
activity,28.6126394,76.9902885
activity,28.6122699,76.9902052
activity,28.6128108,76.9864563
activity,28.6170493,76.9841313
activity,28.6182852,76.9847451
activity,28.615043,76.9838653
activity,28.6131192,76.9858019
activity,28.6133994,76.9857858
activity,28.6148393,76.9835885
activity,28.612799,76.9864054
activity,28.6126342,76.9878833
activity,28.6129097,76.985767
activity,28.6125565,76.9860889
activity,28.6130792,76.9855095
activity,28.6136137,76.9856919
activity,28.6136443,76.9856061
activity,28.6132393,76.9858019
activity,28.6098533,76.9854129
activity,28.6078918,76.9854827
activity,28.6089326,76.9849623
activity,28.6089373,76.9849892
activity,28.6085817,76.9853191
activity,28.6130313,76.9836189
activity,28.6060798,76.985117
activity,28.6064404,76.9861241
activity,28.6065605,76.9860677
activity,28.6064169,76.9861294
activity,28.6065299,76.9860785
activity,28.6074459,76.9856118
activity,28.6172236,76.9835895
activity,28.6170799,76.9840106
activity,28.6169341,76.9835652
activity,28.6095639,76.9826748
activity,28.6095027,76.9827902
activity,28.6096487,76.9825246
activity,28.6096675,76.9824763
activity,28.6095168,76.9827982
activity,28.6095686,76.9826587
activity,28.6096134,76.9853973
activity,28.6093803,76.9852685
activity,28.6128369,76.984834
activity,28.612439,76.9858506
activity,28.6123472,76.9856735
activity,28.6130018,76.9853544
activity,28.613103,76.9852927
activity,28.6130677,76.98426
activity,28.6130065,76.9852605
activity,28.6124673,76.9853731
activity,28.6133667,76.9855341
activity,28.6134586,76.9841259
activity,28.6125991,76.9851961
activity,28.6131007,76.9853973
activity,28.6124908,76.9851934
activity,28.6126203,76.9849896
activity,28.6128511,76.9845604
activity,28.6117609,76.9854912
activity,28.612512,76.9852793
activity,28.6136611,76.9843244
activity,28.6128016,76.9846838
activity,28.6133455,76.9842037
activity,28.6129288,76.9853195
activity,28.6129335,76.9842922
activity,28.6137388,76.9842412
activity,28.613023,76.9840267
activity,28.61303,76.9843941
activity,28.6129029,76.9847589
activity,28.6177251,76.984547
activity,28.6174849,76.9840696
activity,28.6173767,76.9841901
activity,28.6174472,76.9842681
activity,28.6172331,76.9840721
activity,28.6171978,76.984056
activity,28.6175179,76.9841071
activity,28.6167833,76.9839033
activity,28.5960809,77.0408019
activity,28.5968674,77.0506536
activity,28.529322,77.0867293
activity,28.6048283,77.0541707
activity,28.5642198,77.0578228
activity,28.5637249,77.0574223
activity,28.5648745,77.055416
activity,28.5618483,77.0527569
activity,28.564507,77.0546328
activity,28.5646484,77.0544612
activity,28.560653,77.0586025
activity,28.5601064,77.0594501
activity,28.5603703,77.0597397
activity,28.5563996,77.0568107
activity,28.6304459,77.0683725
activity,28.5561723,77.057587
activity,28.5696878,77.0643221
activity,28.5695676,77.0641526
activity,28.5624309,77.0533592
activity,28.6328757,77.0854072
activity,28.6328321,77.0867027
activity,28.602378,77.0643097
activity,28.5829447,77.0514424
activity,28.605016,77.0837828
activity,28.6056683,77.0678564
activity,28.632716,77.0320047
activity,28.5979461,77.0782136
activity,28.5788563,77.0542962
activity,28.5906402,77.0369101
activity,28.577472,77.0533799
activity,28.5893217,77.0389353
activity,28.5943755,77.0435682
activity,28.6224974,77.0582992
activity,28.6289565,77.0767263
activity,28.629042,77.076916
activity,28.5533046,77.0851809
activity,28.6444573,77.0348741
activity,28.6220992,77.0567573
activity,28.5551179,77.0854404
activity,28.5545719,77.0858145
activity,28.5561016,77.0844719
activity,28.5556357,77.0850162
activity,28.5556855,77.0849545
activity,28.556259,77.0846809
activity,28.5611545,77.0591164
activity,28.5558238,77.0543873
activity,28.597807,77.0799205
activity,28.5983536,77.0781744
activity,28.5946324,77.0778713
activity,28.5654935,77.0005244
activity,28.561674,77.0208894
activity,28.5960692,77.0411256
activity,28.5738626,77.0942892
activity,28.5738264,77.0945132
activity,28.5738699,77.0943616
activity,28.5748893,77.0877023
activity,28.5770273,77.0933715
activity,28.5752075,77.0972795
activity,28.5761226,77.0991798
activity,28.5774648,77.0926199
activity,28.5769958,77.0895803
activity,28.5751723,77.0973072
activity,28.5782606,77.0999242
activity,28.5823112,77.089655
activity,28.5823436,77.0894826
activity,28.5845091,77.0908069
activity,28.5857538,77.0883753
activity,28.5861864,77.0876987
activity,28.586196,77.0876812
activity,28.5860009,77.0879638
activity,28.5895414,77.0799249
activity,28.5833403,77.0874593
activity,28.5835005,77.0873761
activity,28.5857481,77.0836076
activity,28.5863009,77.0821383
activity,28.587225,77.0753099
activity,28.5842328,77.0912854
activity,28.5782885,77.0995536
activity,28.619744,77.0919829
activity,28.5568285,77.085189
activity,28.533963,77.0899037
activity,28.6310576,77.0911052
activity,28.6311479,77.0910709
activity,28.6333474,77.0904058
activity,28.6333173,77.0899456
activity,28.6333849,77.0899235
activity,28.633543,77.0898571
activity,28.6336222,77.0898215
activity,28.6329087,77.086855
activity,28.5555568,77.086246
activity,28.554952,77.0857197
activity,28.6095583,76.9827382
activity,28.6469968,77.0956481
activity,28.6482807,77.0963406
activity,28.6498246,77.0418219
activity,28.6498482,77.0416046
activity,28.6498364,77.0418849
activity,28.6498682,77.0420794
activity,28.6490055,77.0424361
activity,28.5965793,77.051262
activity,28.5869473,77.0438222
activity,28.598862,76.9886168
activity,28.6186978,77.0545912
activity,28.600973,77.068381
activity,28.6255941,77.0927024
activity,28.6109263,77.08678
activity,28.5915035,77.0647953
activity,28.6100833,77.0640055
activity,28.6043448,77.0018985
activity,28.6022885,77.0381498
activity,28.6010151,77.0468452
activity,28.596781,77.039786
activity,28.6117378,77.0504313
activity,28.555524,77.0851248
activity,28.595552,77.0362455
activity,28.6002754,77.0298286
activity,28.628346,77.0759427
activity,28.5907855,76.9976164
activity,28.5899005,77.0714666
activity,28.5897697,77.0717826
activity,28.600742,77.029227
activity,28.6218781,77.0830756
activity,28.6124054,76.9911164
activity,28.5766674,77.042307
activity,28.6096158,77.0370442
activity,28.6103953,77.0389687
activity,28.6099768,77.0665144
activity,28.6096323,77.0371165
activity,28.6130743,77.0336395
activity,28.6099203,77.0369267
activity,28.6095946,77.0380655
activity,28.6082668,77.0351862
activity,28.6126,76.9945621
activity,28.6122771,76.9898623
activity,28.6127047,76.9909817
activity,28.6123995,76.9927268
activity,28.6128589,76.9928303
activity,28.6127723,76.9928467
activity,28.6123842,76.9918741
activity,28.6124674,76.9931883
activity,28.6122113,76.9898223
activity,28.6125173,76.9933807
activity,28.5716752,77.0805154
activity,28.599859,77.0104764
activity,28.5990752,77.0115149
activity,28.5992297,77.0100528
activity,28.6187285,77.0319119
activity,28.6186791,77.0319113
activity,28.6292748,77.0827141
activity,28.6123198,77.0374965
activity,28.6123429,77.0375718
activity,28.6138284,76.9959516
activity,28.5989507,76.9852239
activity,28.6158571,77.0882135
activity,28.5972935,77.042244
activity,28.6048453,77.0541367
activity,28.5554953,77.0829626
activity,28.5554935,77.0830692
activity,28.5554589,77.0828757
activity,28.5554528,77.0831529
activity,28.5554204,77.0827942
activity,28.5553573,77.0826996
activity,28.5549147,77.0827495
activity,28.6001455,77.0818223
activity,28.6063744,77.0350935
activity,28.6070869,77.0346835
activity,28.6014197,77.0292596
activity,28.6209953,77.0567445
activity,28.6367738,77.0934307
activity,28.5445054,77.0288535
activity,28.5445161,77.0286877
activity,28.5527532,77.0875738
activity,28.5548089,77.0831466
activity,28.5551722,77.0833206
activity,28.5552208,77.0833295
activity,28.5550857,77.0832477
activity,28.5550482,77.0829472
activity,28.5551074,77.0829065
activity,28.5550435,77.0832228
activity,28.554973,77.0829994
activity,28.5551253,77.0832771
activity,28.5553681,77.0832372
activity,28.5554162,77.083214
activity,28.5551891,77.0828901
activity,28.5575108,77.0833809
activity,28.6164099,77.0096218
activity,28.5526381,77.0583823
activity,28.5542223,77.085136
activity,28.5542898,77.0850778
activity,28.5547264,77.0845832
activity,28.5551071,77.0841363
activity,28.5550358,77.0843918
activity,28.5550883,77.0844517
activity,28.5265448,77.0174387
activity,28.5590925,77.0879478
activity,28.5912564,77.0927352
activity,28.563252,77.0443223
activity,28.563226,77.0443372
activity,28.5620347,77.0505173
activity,28.5639554,77.0498861
activity,28.5618927,77.0511864
activity,28.5644878,77.050174
activity,28.5996273,77.057532
activity,28.5969683,77.05077
activity,28.5976953,77.0421345
activity,28.6021895,77.0585776
activity,28.6010039,77.0581819
activity,28.6019676,77.0585914
activity,28.6018185,77.0586037
activity,28.6017105,77.058963
activity,28.6017313,77.0586784
activity,28.6017683,77.0588374
activity,28.602301,77.0583885
activity,28.6037753,77.0512983
activity,28.6021887,77.0563886
activity,28.6023895,77.0584567
activity,28.6025678,77.0585093
activity,28.6025865,77.0585765
activity,28.6025003,77.058573
activity,28.6025618,77.0542161
activity,28.6053669,77.0461401
activity,28.605538,77.0526847
activity,28.6049284,77.0456406
activity,28.602111,77.0471503
activity,28.6033087,77.0469218
activity,28.6022996,77.0472671
activity,28.603598,77.046655
activity,28.6006858,77.0489083
activity,28.6014702,77.0493178
activity,28.600736,77.0457105
activity,28.6031913,77.0501057
activity,28.6010562,77.0491419
activity,28.6006392,77.0482061
activity,28.6005827,77.047874
activity,28.6015971,77.0488901
activity,28.6011158,77.0487633
activity,28.6000308,77.049833
activity,28.6037944,77.0498332
activity,28.6117674,77.0331845
activity,28.6117511,77.0331868
activity,28.6028405,77.0688325
activity,28.6067215,77.0687458
activity,28.6071489,77.068435
activity,28.6070091,77.0684634
activity,28.5585422,77.0864623
activity,28.5585251,77.0865716
activity,28.5585431,77.0864759
activity,28.6182218,77.0324346
activity,28.6183114,77.032439
activity,28.6182184,77.0321465
activity,28.6182274,77.0319375
activity,28.6182454,77.0314444
activity,28.618192,77.0314485
activity,28.6180139,77.0314951
activity,28.6169438,77.0317972
activity,28.618305,77.0323421
activity,28.6179972,77.0315018
activity,28.6179852,77.0315065
activity,28.6165903,77.0325228
activity,28.6168043,77.030578
activity,28.6168239,77.0306627
activity,28.616945,77.030668
activity,28.6170204,77.0305928
activity,28.6170793,77.0306661
activity,28.6170649,77.0295384
activity,28.6168912,77.0305745
activity,28.617321,77.0305974
activity,28.6172426,77.0306777
activity,28.6173856,77.0306804
activity,28.615783,77.0319431
activity,28.6157396,77.0319526
activity,28.6156694,77.0319748
activity,28.6170569,77.0317741
activity,28.6170935,77.0317636
activity,28.6172533,77.0261825
activity,28.5838529,77.071148
activity,28.5837748,77.071164
activity,28.5840468,77.0711287
activity,28.5842132,77.07109
activity,28.5842132,77.07109
activity,28.5842894,77.0710581
activity,28.5842894,77.0710581
activity,28.5843417,77.0710326
activity,28.584512,77.0710581
activity,28.5844717,77.0710466
activity,28.584651,77.0710555
activity,28.5847372,77.0710657
activity,28.5847485,77.0710657
activity,28.5847904,77.071068
activity,28.5847955,77.0710683
activity,28.6189516,77.028833
activity,28.613301,77.0327734
activity,28.6128472,77.0329293
activity,28.6129918,77.0329023
activity,28.6130286,77.0328941
activity,28.6139517,77.0325597
activity,28.6137419,77.032617
activity,28.6138847,77.0325636
activity,28.5951816,77.0181447
activity,28.5940895,77.0207778
activity,28.5936719,77.0207793
activity,28.5939734,77.0171922
activity,28.5836845,77.0710112
activity,28.583625,77.0710224
activity,28.5835572,77.0710336
activity,28.5849806,77.071513
activity,28.5849806,77.071513
activity,28.5849845,77.0716043
activity,28.5849845,77.0716043
activity,28.5849782,77.0716708
activity,28.5849782,77.0716708
activity,28.5852621,77.0680801
activity,28.5852189,77.0680457
activity,28.5852311,77.0680771
activity,28.5852365,77.0680472
activity,28.5874685,77.0631753
activity,28.5964194,77.0683859
activity,28.5964399,77.0683342
activity,28.6196519,77.026632
activity,28.6163595,77.030656
activity,28.5876418,77.0670904
activity,28.5567647,77.0046128
activity,28.6107518,76.9750125
activity,28.5958278,77.0364131
activity,28.5962073,77.0367917
activity,28.5958144,77.0366009
activity,28.5961193,77.0363981
activity,28.5961768,77.0362569
activity,28.5966246,77.0361914
activity,28.5966451,77.036077
activity,28.596344,77.0357319
activity,28.5964834,77.0357822
activity,28.5961329,77.0358967
activity,28.596264,77.0362265
activity,28.5960245,77.0361486
activity,28.5959224,77.0362654
activity,28.6162559,77.0282702
activity,28.6162829,77.0282252
activity,28.6162484,77.0283008
activity,28.5565679,77.0848281
activity,28.5565563,77.0848007
activity,28.5565406,77.084773
activity,28.5565226,77.0847367
activity,28.5902475,77.0715454
activity,28.5897819,77.071801
activity,28.5866246,77.0729922
activity,28.590205,77.071905
activity,28.5874069,77.0716113
activity,28.5877684,77.0716825
activity,28.5882003,77.0716333
activity,28.5882003,77.0716333
activity,28.5881104,77.0716363
activity,28.5898436,77.0718072
activity,28.5875905,77.0716619
activity,28.5876579,77.0716513
activity,28.5874126,77.0716156
activity,28.5875615,77.0716298
activity,28.587346,77.0716133
activity,28.6144393,77.0260742
activity,28.6155994,77.0283281
activity,28.6160489,77.03054
activity,28.5852553,77.0710897
activity,28.5852627,77.0710986
activity,28.6300526,77.0814155
activity,28.6178857,77.0297387
activity,28.6179118,77.0296984
activity,28.6179755,77.029712
activity,28.6178517,77.0297728
activity,28.6175559,77.0295086
activity,28.6181784,77.029425
activity,28.6181999,77.0294317
activity,28.6181631,77.0294034
activity,28.6182218,77.0294652
activity,28.6180666,77.0292636
activity,28.6188038,77.0299255
activity,28.6185595,77.0300178
activity,28.5838131,77.0715564
activity,28.5838101,77.0715394
activity,28.5837885,77.0715394
activity,28.5837885,77.0715394
activity,28.5837885,77.0715394
activity,28.5837885,77.0715394
activity,28.5838713,77.0715802
activity,28.5839227,77.0715683
activity,28.583869,77.0715607
activity,28.5838541,77.0715607
activity,28.5854027,77.0711601
activity,28.5849676,77.0710548
activity,28.583951,77.071553
activity,28.583951,77.071553
activity,28.583951,77.071553
activity,28.583951,77.071553
activity,28.5812161,77.0703528
activity,28.6164755,77.0279057
activity,28.6195633,77.0252318
activity,28.6199342,77.0241196
activity,28.6199393,77.024123
activity,28.6197881,77.0243311
activity,28.6194728,77.0245081
activity,28.6194269,77.0245644
activity,28.584214,77.0715242
activity,28.5842315,77.0715265
activity,28.5840724,77.0715265
activity,28.5841093,77.0715234
activity,28.5841919,77.0715249
activity,28.5844922,77.0715129
activity,28.5847826,77.0715045
activity,28.584057,77.0715242
activity,28.5841456,77.0715318
activity,28.5841456,77.0715318
activity,28.5845532,77.0714937
activity,28.5842315,77.0715265
activity,28.5842892,77.0715181
activity,28.5844074,77.0715207
activity,28.5846418,77.0714998
activity,28.6153723,77.0329255
activity,28.6151209,77.0329206
activity,28.614928,77.0329573
activity,28.6148076,77.0331088
activity,28.6148665,77.0331033
activity,28.6148425,77.0329882
activity,28.6148287,77.0329875
activity,28.6147983,77.0329999
activity,28.6147391,77.0331408
activity,28.6151272,77.0331382
activity,28.6173955,77.0286478
activity,28.6411561,77.0115895
activity,28.5852713,77.07113
activity,28.5848908,77.071516
activity,28.5854411,77.0714831
activity,28.5853686,77.0711229
activity,28.5853453,77.0714822
activity,28.5853775,77.0714739
activity,28.5853477,77.0714794
activity,28.5853831,77.0711321
activity,28.5852029,77.071484
activity,28.5853389,77.0711348
activity,28.5853968,77.0710918
activity,28.5854314,77.0711587
activity,28.5853831,77.0711321
activity,28.5853831,77.0711321
activity,28.5855038,77.0714946
activity,28.5855407,77.0714809
activity,28.5855112,77.0714801
activity,28.5856221,77.0711412
activity,28.5855745,77.0711123
activity,28.5855345,77.0711307
activity,28.5857097,77.0715153
activity,28.5857097,77.0715153
activity,28.5857049,77.0715027
activity,28.5855869,77.0714786
activity,28.6159938,77.031433
activity,28.6174456,77.030679
activity,28.6174667,77.0306787
activity,28.6178838,77.0320556
activity,28.6178274,77.0320438
activity,28.6174596,77.0321497
activity,28.6179673,77.0319903
activity,28.6180074,77.0319821
activity,28.6180548,77.031982
activity,28.6176367,77.0321066
activity,28.617663,77.0320925
activity,28.6177293,77.0320716
activity,28.617615,77.0321134
activity,28.5858408,77.0715231
activity,28.5858658,77.0715212
activity,28.5858954,77.0712047
activity,28.5858217,77.0711565
activity,28.5857821,77.0711651
activity,28.5857657,77.0711624
activity,28.5859356,77.0711604
activity,28.5859813,77.0711667
activity,28.5857418,77.0711664
activity,28.6169987,77.033025
activity,28.6170293,77.0330265
activity,28.6166139,77.0331512
activity,28.6171382,77.0331711
activity,28.6166958,77.0331861
activity,28.6164436,77.0331641
activity,28.61651,77.0331669
activity,28.6167959,77.0331662
activity,28.6168035,77.0331654
activity,28.616881,77.0331647
activity,28.6173816,77.0331761
activity,28.61708,77.033035
activity,28.6172602,77.033184
activity,28.6175161,77.033184
activity,28.6176256,77.0331825
activity,28.6175805,77.0331783
activity,28.6176812,77.0331654
activity,28.6168472,77.0331647
activity,28.6173234,77.0331911
activity,28.6169649,77.0331726
activity,28.6173496,77.0331804
activity,28.6174185,77.0331733
activity,28.6174748,77.033189
activity,28.617491,77.0331947
activity,28.6007475,77.0300842
activity,28.6008538,77.0301834
activity,28.6007937,77.0301527
activity,28.600977,77.0302852
activity,28.6010022,77.0301692
activity,28.5861514,77.0711649
activity,28.5861515,77.0711657
activity,28.5862936,77.0712172
activity,28.5860774,77.071595
activity,28.5861433,77.0711674
activity,28.5861848,77.0715671
activity,28.5862144,77.0715697
activity,28.5863299,77.0711893
activity,28.5862581,77.0715655
activity,28.5862248,77.071568
activity,28.5863173,77.0711775
activity,28.5865346,77.0712173
activity,28.5864564,77.0712165
activity,28.5865989,77.0715961
activity,28.586489,77.0712102
activity,28.5863626,77.0711892
activity,28.5863357,77.071552
activity,28.5863666,77.0715461
activity,28.5863925,77.0715427
activity,28.5864263,77.0715552
activity,28.5865677,77.0715859
activity,28.6160449,77.0283704
activity,28.616064,77.0285341
activity,28.6197447,77.0179891
activity,28.6168255,77.0177606
activity,28.6144952,77.0132873
activity,28.6159174,77.0078765
activity,28.6157531,77.0099618
activity,28.6176411,77.030687
activity,28.6175621,77.0306749
activity,28.6175333,77.0306679
activity,28.6105622,77.0316841
activity,28.5902775,77.0586011
activity,28.6169333,77.026695
activity,28.6174187,77.0287263
activity,28.6173802,77.0286997
activity,28.6128667,77.0071345
activity,28.5871849,77.0712637
activity,28.5872043,77.0712697
activity,28.5872043,77.0712697
activity,28.5872264,77.0712728
activity,28.5876303,77.0712825
activity,28.5870767,77.0712496
activity,28.5871191,77.0712496
activity,28.586692,77.0712339
activity,28.5868506,77.0712031
activity,28.5867471,77.0712169
activity,28.58672,77.0712201
activity,28.5867004,77.071218
activity,28.5872043,77.0712295
activity,28.5868606,77.0712042
activity,28.5868284,77.0712112
activity,28.5868284,77.0712112
activity,28.587161,77.0712627
activity,28.5871463,77.0712617
activity,28.5874415,77.07127
activity,28.5874338,77.0712619
activity,28.612143,77.0363525
activity,28.5879807,77.0713423
activity,28.5880143,77.0713415
activity,28.5880165,77.0712998
activity,28.5880597,77.0713331
activity,28.5879873,77.0713323
activity,28.5880087,77.0713069
activity,28.5901614,77.0727113
activity,28.5880362,77.0713323
activity,28.5877762,77.0712666
activity,28.5877841,77.071291
activity,28.5878101,77.0713096
activity,28.5881499,77.0713717
activity,28.5881899,77.0713747
activity,28.5882233,77.0713801
activity,28.5883272,77.0713875
activity,28.5884321,77.0714182
activity,28.5884399,77.0714087
activity,28.5884153,77.0714032
activity,28.5884153,77.0714032
activity,28.5884944,77.0714169
activity,28.5885064,77.0714203
activity,28.5886045,77.0714241
activity,28.5885061,77.0714033
activity,28.5884961,77.0714134
activity,28.5885193,77.0714168
activity,28.5917093,77.0452474
activity,28.5926518,77.0409797
activity,28.5925226,77.0411718
activity,28.5918904,77.0453413
activity,28.592471,77.0413332
activity,28.5924696,77.0412582
activity,28.5963346,77.0509818
activity,28.595308,77.0484096
activity,28.591813,77.0452666
activity,28.6121472,77.0363524
activity,28.5974584,77.0423682
activity,28.5856255,77.0704986
activity,28.6177711,77.0276338
activity,28.6176591,77.0279753
activity,28.6176595,77.0280196
activity,28.6177936,77.0276815
activity,28.5891767,77.0714678
activity,28.5892387,77.0714696
activity,28.5886986,77.0713813
activity,28.5886934,77.0714222
activity,28.5886963,77.0713943
activity,28.5887282,77.0714163
activity,28.5887282,77.0714163
activity,28.5887886,77.0714325
activity,28.588853,77.0714555
activity,28.5888703,77.0714549
activity,28.5888897,77.0714555
activity,28.5889156,77.0714549
activity,28.5889841,77.0714598
activity,28.5890661,77.0714494
activity,28.5893456,77.0714954
activity,28.5893952,77.0715053
activity,28.5895047,77.0714696
activity,28.5895042,77.0714481
activity,28.5895721,77.0714844
activity,28.5896887,77.0714709
activity,28.5897075,77.071469
activity,28.5896547,77.0714709
activity,28.5897383,77.0714758
activity,28.5896687,77.0714444
activity,28.6161642,77.0275349
activity,28.6161363,77.0274998
activity,28.6193584,77.0468102
activity,28.5861038,77.0563737
activity,28.5853081,77.0700416
activity,28.5853016,77.0702705
activity,28.5852714,77.0672265
activity,28.5970931,77.0488008
activity,28.589698,77.0714686
activity,28.5897041,77.0718004
activity,28.5897228,77.0718101
activity,28.5897228,77.0718101
activity,28.6190401,77.0283079
activity,28.6160698,77.0326977
activity,28.6157495,77.0331872
activity,28.615687,77.0329069
activity,28.6155065,77.0327907
activity,28.6145524,77.0331704
activity,28.614461,77.0331689
activity,28.5893245,77.0718509
activity,28.5895228,77.0718129
activity,28.5896318,77.0718061
activity,28.5896258,77.071797
activity,28.5896599,77.0718009
activity,28.5896178,77.071849
activity,28.5896178,77.071849
activity,28.5894651,77.0717983
activity,28.5922349,77.0454207
activity,28.5921238,77.0454419
activity,28.5920422,77.0454562
activity,28.5920029,77.0454604
activity,28.5922128,77.0453739
activity,28.5920842,77.0454171
activity,28.5919565,77.0454341
activity,28.5916631,77.0452034
activity,28.5916218,77.0451624
activity,28.5923828,77.0451669
activity,28.5923681,77.0451907
activity,28.5923553,77.0452111
activity,28.5905437,77.0437742
activity,28.5936958,77.0429787
activity,28.59226,77.0454149
activity,28.5908115,77.043424
activity,28.5907672,77.0434271
activity,28.5922683,77.0453998
activity,28.5923027,77.0453363
activity,28.5923941,77.045151
activity,28.5909739,77.0430976
activity,28.5946413,77.0419959
activity,28.5952564,77.0410684
activity,28.5943218,77.04241
activity,28.5960548,77.0406394
activity,28.5966249,77.0397888
activity,28.5945738,77.0421041
activity,28.5964173,77.0400013
activity,28.5941981,77.0426053
activity,28.5946664,77.0419505
activity,28.5952027,77.0411704
activity,28.5943807,77.0422507
activity,28.5947617,77.0418572
activity,28.5949565,77.0415522
activity,28.5946068,77.0420445
activity,28.5909224,77.0431377
activity,28.5912065,77.0427167
activity,28.592344,77.0452247
activity,28.5923097,77.0452754
activity,28.5923326,77.0452456
activity,28.5932158,77.0447537
activity,28.5924465,77.0451321
activity,28.5924622,77.0451059
activity,28.5924999,77.0450464
activity,28.5925185,77.0450134
activity,28.5954364,77.0408065
activity,28.5949005,77.0416465
activity,28.5963913,77.0400649
activity,28.593469,77.0428859
activity,28.5945869,77.0420806
activity,28.5959478,77.0407224
activity,28.5945776,77.0420967
activity,28.5961815,77.0403931
activity,28.596354,77.0401186
activity,28.5950964,77.0413078
activity,28.5946658,77.0419846
activity,28.5964768,77.0399454
activity,28.5954298,77.0408324
activity,28.5961458,77.0404883
activity,28.5950592,77.0413954
activity,28.5959556,77.0407093
activity,28.5911024,77.0429137
activity,28.5905755,77.0437252
activity,28.5905835,77.0437069
activity,28.5905876,77.0437009
activity,28.5922768,77.0417958
activity,28.5921725,77.0416734
activity,28.592265,77.0417847
activity,28.592253,77.0417734
activity,28.5923639,77.0414092
activity,28.5922837,77.0418026
activity,28.5922121,77.04169
activity,28.592162,77.0416914
activity,28.5926433,77.0410945
activity,28.5927401,77.0411001
activity,28.5925203,77.041268
activity,28.5927001,77.0410663
activity,28.5923572,77.041562
activity,28.592228,77.0417477
activity,28.5917855,77.0452463
activity,28.5918374,77.04529
activity,28.5906906,77.0435442
activity,28.5907629,77.0434755
activity,28.5909052,77.0431622
activity,28.5892621,77.07173
activity,28.589228,77.0717196
activity,28.5891683,77.0717234
activity,28.58913,77.071714
activity,28.5893327,77.071826
activity,28.5893125,77.0718294
activity,28.5892712,77.0718149
activity,28.5889869,77.0717248
activity,28.5889869,77.0717295
activity,28.5889518,77.0717224
activity,28.5887736,77.0717247
activity,28.5887884,77.0717252
activity,28.5887761,77.0717371
activity,28.5887115,77.0717215
activity,28.588695,77.0717365
activity,28.588661,77.0717418
activity,28.5883269,77.0716815
activity,28.5884182,77.0716622
activity,28.5884083,77.0716905
activity,28.58844,77.0716758
activity,28.5884311,77.0716961
activity,28.5883616,77.0716815
activity,28.5884668,77.0716735
activity,28.5884847,77.0716792
activity,28.5885091,77.0716938
activity,28.588591,77.0717045
activity,28.5886062,77.071719
activity,28.5886067,77.0717368
activity,28.5710786,77.0170648
activity,28.5595504,77.0872381
activity,28.5597874,77.0875829
activity,28.559734,77.0874762
activity,28.5596708,77.0873733
activity,28.6018881,77.0184254
activity,28.5868195,77.071608
activity,28.5868154,77.071597
activity,28.586753,77.0716001
activity,28.5867187,77.0715892
activity,28.5869217,77.0715892
activity,28.5869821,77.0715876
activity,28.5870902,77.0715861
activity,28.5871166,77.0715863
activity,28.5871272,77.0715853
activity,28.5871564,77.0715899
activity,28.587183,77.0715904
activity,28.5872793,77.0716076
activity,28.5873152,77.0716025
activity,28.5873423,77.0716156
activity,28.5891064,77.0714696
activity,28.5629021,77.0491615
activity,28.5616227,77.0507663
activity,28.5812985,77.0670342
activity,28.6020312,77.0202722
activity,28.609028,77.0822043
activity,28.6212721,77.0934094
activity,28.6207045,77.0508392
activity,28.5822511,77.0853595
activity,28.5790458,77.0994034
activity,28.5845432,77.0710566
activity,28.5942288,77.047446
activity,28.594108,77.0473407
activity,28.5941687,77.0473872
activity,28.5928698,77.0456792
activity,28.5927895,77.0457699
activity,28.5928537,77.0457137
activity,28.5928707,77.0456154
activity,28.5928891,77.0455943
activity,28.5928289,77.0457462
activity,28.5943775,77.0475501
activity,28.5943111,77.0475208
activity,28.5930195,77.0463876
activity,28.5931094,77.0464654
activity,28.5929696,77.0463364
activity,28.5957254,77.0487656
activity,28.5946266,77.0478176
activity,28.5940927,77.0473264
activity,28.5945135,77.0477114
activity,28.5943339,77.0475417
activity,28.5945478,77.0477512
activity,28.594883,77.0480204
activity,28.5935967,77.0466864
activity,28.5941972,77.0474159
activity,28.5944139,77.0475672
activity,28.5943019,77.0474529
activity,28.5941431,77.0473687
activity,28.5942937,77.0474989
activity,28.5945968,77.0477776
activity,28.5949937,77.0481238
activity,28.5947955,77.0479426
activity,28.5947468,77.0479003
activity,28.5946842,77.0478439
activity,28.5933105,77.0466607
activity,28.5931504,77.0465182
activity,28.5933554,77.0467033
activity,28.5932489,77.0466122
activity,28.5933469,77.0466951
activity,28.5933187,77.0466435
activity,28.5932913,77.0466444
activity,28.5949185,77.0480537
activity,28.5928291,77.0456847
activity,28.5947173,77.0478734
activity,28.5928449,77.0462391
activity,28.5929157,77.0463092
activity,28.5929075,77.0462537
activity,28.5946682,77.0477788
activity,28.5926997,77.0461206
activity,28.5927049,77.0458373
activity,28.5927046,77.0461485
activity,28.5926993,77.0460652
activity,28.5926979,77.0460414
activity,28.5927608,77.0462149
activity,28.5927164,77.0460831
activity,28.5926743,77.0459077
activity,28.5926929,77.0458279
activity,28.5927091,77.046164
activity,28.5950138,77.0481464
activity,28.5950506,77.0481815
activity,28.5955432,77.0485855
activity,28.5966036,77.0493098
activity,28.5955826,77.0485557
activity,28.5961991,77.0491527
activity,28.5963659,77.0493194
activity,28.5948408,77.0479788
activity,28.5950341,77.0481656
activity,28.5950019,77.0480894
activity,28.594955,77.0480737
activity,28.596076,77.0490419
activity,28.5950763,77.0482012
activity,28.5953562,77.0484467
activity,28.5962277,77.0491753
activity,28.5959841,77.0489209
activity,28.5956113,77.0486364
activity,28.5958286,77.0488605
activity,28.5959857,77.0489952
activity,28.5954726,77.0485253
activity,28.5955034,77.0485505
activity,28.5956412,77.0486694
activity,28.5958565,77.0488879
activity,28.5957712,77.0488067
activity,28.5953833,77.0484793
activity,28.5932013,77.0465559
activity,28.5933562,77.0466954
activity,28.5931695,77.0465292
activity,28.593102,77.0464688
activity,28.5932831,77.0466192
activity,28.5932144,77.0465385
activity,28.5958059,77.0488424
activity,28.5961099,77.0490689
activity,28.5956826,77.0487083
activity,28.5966763,77.0492929
activity,28.595899,77.0489173
activity,28.596305,77.0492473
activity,28.5962604,77.0492003
activity,28.5960452,77.0490134
activity,28.5959322,77.0489441
activity,28.5962829,77.0492184
activity,28.596133,77.0491001
activity,28.596542,77.0493209
activity,28.5966903,77.0492756
activity,28.5966412,77.0493019
activity,28.5941818,77.0474106
activity,28.5943194,77.0475045
activity,28.5963272,77.0492882
activity,28.5964837,77.0493314
activity,28.595757,77.0518276
activity,28.6128455,76.9920712
activity,28.6187977,77.0749773
activity,28.6214101,77.0937781
activity,28.622006,77.0651802
activity,28.6235874,77.0617366
activity,28.6294615,77.0867757
activity,28.6281419,77.0893554
activity,28.5869821,77.0566532
activity,28.6337644,77.0889043
activity,28.6281318,77.0916299
activity,28.5762695,77.087269
activity,28.6267124,77.0917843
activity,28.6282874,77.0919301
activity,28.6281604,77.0919781
activity,28.6280349,77.0919855
activity,28.62855,77.0919033
activity,28.6278442,77.0920034
activity,28.6243887,77.0913173
activity,28.6293192,77.0894832
activity,28.6295511,77.0914389
activity,28.6280292,77.0911363
activity,28.6258125,77.0918125
activity,28.5963255,77.0806723
activity,28.5943081,77.0809314
activity,28.5962297,77.0806444
activity,28.5932805,77.0794572
activity,28.5943445,77.0809293
activity,28.588126,77.0863667
activity,28.5875959,77.0864107
activity,28.587324,77.0864847
activity,28.6279023,77.0892847
activity,28.5558321,77.0862049
activity,28.6279641,77.0916808
activity,28.6329743,77.0990643
activity,28.6278241,77.0389009
activity,28.648339,77.0420859
activity,28.5894164,77.0651338
activity,28.6029516,77.051305
activity,28.6045108,77.049071
activity,28.6024309,77.0503458
activity,28.6063417,77.0479297
activity,28.6048389,77.0542027
activity,28.6000296,77.0498444
activity,28.6023148,77.0451685
activity,28.6021548,77.0463535
activity,28.6008833,77.0466899
activity,28.59487,77.0183238
activity,28.5781889,77.0717681
activity,28.5807189,77.0639326
activity,28.5787117,77.0595714
activity,28.5938028,77.0778807
activity,28.636446,77.0772776
activity,28.6333034,77.0780894
activity,28.6326916,77.0773578
activity,28.6321269,77.075736
activity,28.6298143,77.0796396
activity,28.5947308,77.0217098
activity,28.5838515,77.0716459
activity,28.5897738,77.0714191
activity,28.5886432,77.068231
activity,28.6074286,76.9882129
activity,28.6116342,76.9800709
activity,28.5951687,77.0397924
activity,28.5856857,77.0622582
activity,28.5822331,77.0590088
activity,28.5845938,77.0583446
activity,28.5535806,77.0377998
activity,28.556294,77.03932
activity,28.6148333,76.9809125
activity,28.5995421,77.0243053
activity,28.6140497,76.9999116
activity,28.6014007,77.0173147
activity,28.5988478,77.0450972
activity,28.6010845,77.0296006
activity,28.6058454,77.0381823
activity,28.584992,77.0533544
activity,28.5780923,77.0483896
activity,28.6366583,77.0804295
activity,28.6147859,76.9817863
activity,28.630055,76.9832891
activity,28.6268306,76.9838968
activity,28.624458,76.9869402
activity,28.6278714,76.9834274
activity,28.6212428,76.9881955
activity,28.6151479,76.9826573
activity,28.5749839,77.042874
activity,28.5997524,76.9893844
activity,28.6100241,76.9796431
activity,28.6053603,76.9983544
activity,28.5895972,77.0070458
activity,28.5914069,76.9991854
activity,28.5780222,77.007464
activity,28.5932772,76.9911166
activity,28.6158678,76.9754497
activity,28.6184253,77.086386
activity,28.6248029,77.0802198
activity,28.6310111,77.0758512
activity,28.6115735,76.9879041
activity,28.6119234,76.9859433
activity,28.6194948,77.0368036
activity,28.6161638,77.0339483
activity,28.625199,77.0626366
activity,28.5870332,77.0892215
activity,28.6121147,77.0867084
activity,28.6453086,77.0984151
activity,28.6178893,77.0353743
activity,28.6130628,77.0464176
activity,28.6177129,77.0525293
activity,28.6159282,77.0515048
activity,28.6108859,77.0739575
activity,28.6108975,77.0734681
activity,28.6087591,77.0672943
activity,28.6100532,77.06942
activity,28.6315308,77.0590093
activity,28.6467327,77.0398508
activity,28.6385002,77.0616135
activity,28.636657,77.0638662
activity,28.6305274,77.0666313
activity,28.6298254,77.0665975
activity,28.629065,77.0664119
activity,28.6319016,77.0680952
activity,28.6307492,77.0722979
activity,28.6311683,77.0711052
activity,28.640867,77.0687965
activity,28.6391666,77.0720641
activity,28.6379692,77.0713242
activity,28.6379035,77.0757795
activity,28.6421852,77.081441
activity,28.6424647,77.0742834
activity,28.6409769,77.07834
activity,28.6421995,77.0778419
activity,28.6382014,77.0676103
activity,28.650752,77.0891597
activity,28.6457967,77.0551894
activity,28.6373564,77.057021
activity,28.6454071,77.0549257
activity,28.6450905,77.0553709
activity,28.6246141,77.0550707
activity,28.6292326,77.0426988
activity,28.6327985,77.0399778
activity,28.632786,77.0464551
activity,28.638094,77.0336908
activity,28.6437325,77.0349169
activity,28.6430367,77.0332293
activity,28.6444566,77.0348735
activity,28.6336527,77.0412583
activity,28.6327729,77.0388286
activity,28.6321322,77.029673
activity,28.6204108,77.0188243
activity,28.6174597,77.0047724
activity,28.6206854,76.9993111
activity,28.6455243,77.0730314
activity,28.5992024,77.0337541
activity,28.6006841,77.0365926
activity,28.6389457,77.0922716
activity,28.6412284,77.089689
activity,28.6396588,77.0926774
activity,28.6415392,77.0907686
activity,28.6384343,77.0948705
activity,28.5926239,77.0695187
activity,28.5913125,77.062843
activity,28.561696,77.0599163
activity,28.5637417,77.0573309
activity,28.5612153,77.0591292
activity,28.5564563,77.0552436
activity,28.6115619,77.0862767
activity,28.6129182,77.0982867
activity,28.6130669,77.0983839
activity,28.6155837,77.0925763
activity,28.616316,77.0946543
activity,28.6157341,77.0945192
activity,28.6250143,77.0788779
activity,28.5561852,77.0567869
activity,28.5649787,77.051057
activity,28.6253746,76.9842948
activity,28.5649814,77.0513271
activity,28.5600316,77.0716798
activity,28.6188952,77.0666034
activity,28.6130033,77.0512224
activity,28.6108328,77.0516075
activity,28.6303829,77.0911139
activity,28.5827564,77.0889149
activity,28.6081174,77.0667239
activity,28.6290796,77.0417188
activity,28.6423878,77.083524
activity,28.6257047,77.0918578
activity,28.5784439,77.0483512
activity,28.5991708,77.0704283
activity,28.5968806,77.0813119
activity,28.6300053,77.0761117
activity,28.5927046,77.0659886
activity,28.5945691,77.0645736
activity,28.6207498,77.0925639
activity,28.594677,77.0197958
activity,28.6284667,77.0761736
activity,28.5981287,77.0336035
activity,28.5774294,77.0919259
activity,28.5775134,77.0915765
activity,28.5767935,77.0933989
activity,28.5734187,77.0954506
activity,28.575784,77.0977844
activity,28.577162,77.0996495
activity,28.5780685,77.0996441
activity,28.5804793,77.0948974
activity,28.5739547,77.0933047
activity,28.5859004,77.0825858
activity,28.5850304,77.083506
activity,28.5844363,77.0845233
activity,28.6212534,77.0929223
activity,28.5869971,77.0881702
activity,28.5887528,77.0818283
activity,28.6309411,77.0921253
activity,28.6488522,77.0420678
activity,28.5945299,77.0779763
activity,28.5989097,77.0702649
activity,28.5957606,77.0680986
activity,28.597857,77.0650485
activity,28.592838,77.0816299
activity,28.6005812,77.0679596
activity,28.5994544,77.0690774
activity,28.5955398,77.0649034
activity,28.5923128,77.0608826
activity,28.5907674,77.0608372
activity,28.5971123,77.0587863
activity,28.5989804,77.0571076
activity,28.5995748,77.0576953
activity,28.5963245,77.0537011
activity,28.5904124,77.0392987
activity,28.5900115,77.0899182
activity,28.6114521,77.0496528
activity,28.6149287,77.0482916
activity,28.6149069,77.0495661
activity,28.5771014,77.0425909
activity,28.6314529,77.0989422
activity,28.6116515,77.0369261
activity,28.60814,77.0427708
activity,28.6025079,77.0375764
activity,28.6015107,77.0372262
activity,28.6100622,77.0666949
activity,28.6078718,77.0664178
activity,28.6081169,77.0663015
activity,28.6099956,77.0665156
activity,28.6065366,77.0636408
activity,28.606778,77.0635138
activity,28.606551,77.0672829
activity,28.6124743,76.9937157
activity,28.6127088,76.9909766
activity,28.6122696,76.9913673
activity,28.6122444,76.990988
activity,28.6124858,76.993573
activity,28.6128655,76.9936741
activity,28.6128624,76.993561
activity,28.6128539,76.9934351
activity,28.6128523,76.9933201
activity,28.6128653,76.9926566
activity,28.6128766,76.9931193
activity,28.6141714,76.992773
activity,28.6143083,76.9930847
activity,28.6141297,76.9930148
activity,28.6120841,76.9904232
activity,28.6146549,76.9929085
activity,28.6192553,77.0410244
activity,28.6199439,77.0444855
activity,28.6126841,77.0385248
activity,28.6142052,76.9959104
activity,28.6061481,76.9854878
activity,28.6064911,76.9852001
activity,28.6061195,76.9851721
activity,28.5986432,76.9807487
activity,28.5984622,76.9817244
activity,28.5979172,76.981635
activity,28.600887,76.9761267
activity,28.600706,76.9755553
activity,28.6105079,77.0946015
activity,28.5606441,77.0586575
activity,28.5901088,77.0929156
activity,28.5898765,77.0854896
activity,28.5940798,77.0207718
activity,28.5856766,77.0738499
activity,28.5954386,77.0685565
activity,28.5955044,77.069095
activity,28.5563675,77.0849067
activity,28.6127043,77.0472016
activity,28.6119474,77.0307499
activity,28.6118011,77.0307946
activity,28.592872,77.0429946
activity,28.5900907,77.0681919
activity,28.5911958,77.0682453
activity,28.5956148,77.08091
activity,28.5949666,77.043103
activity,28.5906522,77.0368488
activity,28.605271,77.0139911
activity,28.5900956,77.0249243
activity,28.5731309,77.0737975
activity,28.5926348,77.0234028
activity,28.6087374,77.0818105
activity,28.6043343,77.0854248
activity,28.6062198,77.0821832
activity,28.620954,77.0938386
activity,28.5963409,77.0189908
activity,28.6340838,77.0966715
activity,28.6251002,77.0917529
activity,28.5959325,77.0804783
activity,28.6148333,76.9809125
activity,28.6153797,76.9811381
activity,28.5963058,77.036184
activity,28.6109714,77.037946
activity,28.6125837,77.0305402
activity,28.533492,77.1518947
activity,28.5336472,77.152001
activity,28.5573088,77.164493
activity,28.5583495,77.164161
activity,28.5574267,77.1635699
activity,28.5614441,77.2227829
activity,28.5262252,77.1007834
activity,28.5336932,77.1070198
activity,28.525047,77.1570574
activity,28.5262695,77.1561648
activity,28.64725,77.194235
activity,28.5392027,77.194444
activity,28.5737882,77.2089741
activity,28.6458869,77.1723786
activity,28.6457998,77.1722681
activity,28.5592653,77.2066508
activity,28.5351953,77.1431664
activity,28.5342313,77.2145639
activity,28.5362363,77.2118694
activity,28.5349439,77.2127469
activity,28.5355117,77.2108356
activity,28.534559,77.2145726
activity,28.5323164,77.2153932
activity,28.5321445,77.215931
activity,28.5324543,77.2174638
activity,28.5308092,77.2179083
activity,28.5403461,77.1847884
activity,28.5369219,77.2118299
activity,28.5390271,77.2018735
activity,28.5403687,77.1847626
activity,28.5683654,77.2186625
activity,28.640747,77.1067165
activity,28.6405551,77.2107627
activity,28.6460886,77.2070915
activity,28.5962679,77.177701
activity,28.6407045,77.2105994
activity,28.6350924,77.2196937
activity,28.6351018,77.2201443
activity,28.6347575,77.2200923
activity,28.6345525,77.2176037
activity,28.635243,77.2196937
activity,28.6430829,77.2184068
activity,28.6435317,77.2183331
activity,28.6411555,77.2108258
activity,28.5535401,77.2070264
activity,28.5415964,77.2060061
activity,28.5703117,77.1865562
activity,28.5773239,77.2026242
activity,28.573859,77.1842457
activity,28.5697886,77.1783234
activity,28.5712962,77.1781517
activity,28.5726765,77.1733639
activity,28.5778727,77.1845461
activity,28.6428339,77.186576
activity,28.6324664,77.1774672
activity,28.6345475,77.1804069
activity,28.6410051,77.2125387
activity,28.6333595,77.2083619
activity,28.6077134,77.1808184
activity,28.6425399,77.1064778
activity,28.6386267,77.1019845
activity,28.6494696,77.1915396
activity,28.6276711,77.2198524
activity,28.5254199,77.1877269
activity,28.6346445,77.2059889
activity,28.6253844,77.2181175
activity,28.5384129,77.1328702
activity,28.6438105,77.1910019
activity,28.6379089,77.1807881
activity,28.6397503,77.1739956
activity,28.6396139,77.1740466
activity,28.6388435,77.1838163
activity,28.6424922,77.1762685
activity,28.6361213,77.1836935
activity,28.5674187,77.1937231
activity,28.586024,77.1712306
activity,28.5557074,77.2185983
activity,28.6022692,77.2143385
activity,28.5556739,77.2021428
activity,28.6409319,77.2137081
activity,28.6407272,77.2111472
activity,28.641034,77.213836
activity,28.641343,77.2134623
activity,28.641578,77.2133239
activity,28.5357806,77.2079787
activity,28.5391092,77.1322417
activity,28.5571888,77.1643429
activity,28.5578353,77.1643785
activity,28.5580982,77.1640421
activity,28.5578343,77.1633987
activity,28.5609535,77.1598368
activity,28.5486023,77.1278858
activity,28.5394248,77.19991
activity,28.5393791,77.2009833
activity,28.6350182,77.219418
activity,28.6098274,77.1006564
activity,28.5543725,77.194533
activity,28.5578099,77.2119665
activity,28.5271355,77.1857585
activity,28.6331146,77.2179776
activity,28.627656,77.2191809
activity,28.6272942,77.2195527
activity,28.6278063,77.2195823
activity,28.6286284,77.2197267
activity,28.6312577,77.2153721
activity,28.6261056,77.2197715
activity,28.6347746,77.2195352
activity,28.6321974,77.2177075
activity,28.5536129,77.1942284
activity,28.5679457,77.2193784
activity,28.5682259,77.2192781
activity,28.5580499,77.1642441
activity,28.5575936,77.164158
activity,28.5575626,77.1640349
activity,28.5573461,77.163798
activity,28.5586626,77.1640959
activity,28.6471225,77.1680059
activity,28.6384835,77.173365
activity,28.6387283,77.1763691
activity,28.6357621,77.1778604
activity,28.6352772,77.1782466
activity,28.6368309,77.1803119
activity,28.6307618,77.1795502
activity,28.6306394,77.1804675
activity,28.6356162,77.1855851
activity,28.6397954,77.1856155
activity,28.6403133,77.1858677
activity,28.5251093,77.2057547
activity,28.5403844,77.116556
activity,28.5345041,77.2144488
activity,28.5366155,77.2122199
activity,28.5365283,77.2124237
activity,28.641178,77.2106033
activity,28.6306895,77.2160507
activity,28.6309471,77.2213164
activity,28.6353527,77.220063
activity,28.6411417,77.2137445
activity,28.5859771,77.1798148
activity,28.639534,77.2097862
activity,28.6396027,77.209199
activity,28.6189609,77.1127554
activity,28.6337495,77.2230833
activity,28.6463013,77.2153689
activity,28.5311318,77.2185038
activity,28.5328385,77.2171795
activity,28.5328419,77.2170519
activity,28.5311271,77.2185963
activity,28.6327513,77.1989712
activity,28.6350118,77.2002755
activity,28.5377087,77.1970475
activity,28.5382435,77.1974499
activity,28.6388803,77.2137619
activity,28.5381741,77.1934888
activity,28.5381856,77.1934236
activity,28.5267895,77.1562463
activity,28.5266021,77.1563348
activity,28.5265397,77.1572387
activity,28.5264406,77.1584941
activity,28.5267518,77.1558869
activity,28.6413641,77.2152163
activity,28.6409844,77.2137687
activity,28.6318506,77.2163093
activity,28.5709641,77.1813607
activity,28.5442254,77.2015521
activity,28.6414451,77.2132453
activity,28.6412802,77.2147522
activity,28.6403009,77.2131013
activity,28.6405917,77.2108939
activity,28.6415015,77.2160786
activity,28.5493233,77.1682187
activity,28.5287087,77.2126175
activity,28.5301564,77.2194297
activity,28.6326979,77.2070409
activity,28.5526424,77.2002206
activity,28.5435391,77.1911651
activity,28.5438803,77.1932278
activity,28.5454462,77.1823822
activity,28.5455595,77.1824441
activity,28.5482531,77.1842325
activity,28.5481648,77.1842381
activity,28.5448909,77.1915579
activity,28.5447888,77.1911891
activity,28.5493478,77.1850744
activity,28.5503435,77.1838762
activity,28.6406068,77.1048726
activity,28.6309879,77.2197896
activity,28.5721377,77.1374742
activity,28.6319496,77.2217935
activity,28.6322316,77.2223143
activity,28.6301576,77.2197258
activity,28.5730832,77.205981
activity,28.6016349,77.1859966
activity,28.6314049,77.2204463
activity,28.6336816,77.2210924
activity,28.5551267,77.1945451
activity,28.5423944,77.1468543
activity,28.5387196,77.1454698
activity,28.537211,77.1471275
activity,28.5386253,77.1479893
activity,28.5366824,77.1480219
activity,28.5363252,77.1486561
activity,28.5340965,77.1521686
activity,28.5332679,77.1519572
activity,28.5338394,77.1524614
activity,28.5338407,77.1527489
activity,28.5818399,77.1983395
activity,28.5853563,77.1915395
activity,28.5839783,77.1915598
activity,28.5846352,77.1919623
activity,28.5845245,77.1918647
activity,28.5845103,77.1920395
activity,28.5846066,77.1916289
activity,28.5845388,77.1917346
activity,28.5844032,77.1917997
activity,28.5842818,77.1917428
activity,28.5842568,77.1918851
activity,28.5843924,77.1919664
activity,28.6341341,77.2187527
activity,28.6342635,77.2190699
activity,28.6352724,77.220127
activity,28.6467075,77.2129328
activity,28.6467705,77.2129317
activity,28.6467834,77.2128331
activity,28.6467013,77.2132438
activity,28.6466897,77.2128151
activity,28.6294722,77.2129442
activity,28.6334535,77.207037
activity,28.6321307,77.2163119
activity,28.6322781,77.2161854
activity,28.6294413,77.212874
activity,28.6337894,77.2085573
activity,28.6288906,77.210219
activity,28.6333793,77.2076665
activity,28.6334275,77.2080471
activity,28.5567725,77.2047952
activity,28.5559225,77.2020631
activity,28.5576373,77.2057891
activity,28.557687,77.206402
activity,28.5572521,77.2059386
activity,28.5572536,77.2023928
activity,28.5565879,77.2022269
activity,28.5546377,77.2019329
activity,28.645342,77.2112304
activity,28.625488,77.1133697
activity,28.645305,77.1785622
activity,28.5696397,77.1950523
activity,28.5726525,77.1973432
activity,28.5831328,77.1896241
activity,28.5696026,77.1938516
activity,28.5683377,77.1889265
activity,28.5697464,77.1947154
activity,28.5698844,77.193599
activity,28.5699619,77.1964421
activity,28.6410445,77.2105515
activity,28.6301669,77.2174792
activity,28.6410923,77.2126799
activity,28.5685408,77.2248824
activity,28.572508,77.1993749
activity,28.5713909,77.1993122
activity,28.5412792,77.2156818
activity,28.6302915,77.2204826
activity,28.630206,77.2200866
activity,28.6409134,77.2104527
activity,28.6384556,77.2103969
activity,28.5600369,77.2051383
activity,28.5565239,77.202219
activity,28.6409875,77.2128901
activity,28.6269741,77.2202933
activity,28.6337656,77.2213244
activity,28.6303156,77.2206535
activity,28.6411171,77.2144269
activity,28.6316411,77.2215631
activity,28.6346206,77.2200745
activity,28.6411301,77.212683
activity,28.6408661,77.2103053
activity,28.644321,77.2151897
activity,28.5601846,77.2073486
activity,28.5596956,77.2072906
activity,28.6453308,77.211746
activity,28.6135345,77.2184328
activity,28.6321998,77.2162101
activity,28.6303463,77.217545
activity,28.6405645,77.2116448
activity,28.6312947,77.2198044
activity,28.6298048,77.2204846
activity,28.5584543,77.1067343
activity,28.6420621,77.2179887
activity,28.5438531,77.1253145
activity,28.6451684,77.1945193
activity,28.645693,77.2108527
activity,28.6473887,77.169391
activity,28.5657876,77.1678193
activity,28.5385875,77.1242522
activity,28.5535801,77.194327
activity,28.6349539,77.2173289
activity,28.5370038,77.1849245
activity,28.6323144,77.2180249
activity,28.6333286,77.2183439
activity,28.6342961,77.2193544
activity,28.6341138,77.2187136
activity,28.633364,77.2164903
activity,28.6297544,77.2169738
activity,28.6339043,77.2208954
activity,28.5549841,77.1949926
activity,28.6307138,77.2197015
activity,28.6327733,77.2173651
activity,28.5279771,77.2188973
activity,28.6491809,77.1207971
activity,28.5466157,77.1967183
activity,28.546439,77.1967325
activity,28.5464523,77.1965666
activity,28.5463441,77.1964263
activity,28.5464219,77.1970561
activity,28.5269577,77.2060927
activity,28.5405268,77.2118362
activity,28.5535626,77.1941956
activity,28.6297305,77.2201372
activity,28.6437322,77.2095729
activity,28.6357899,77.2151512
activity,28.5563371,77.2062561
activity,28.5403996,77.1858643
activity,28.5493889,77.1809133
activity,28.6266262,77.2145324
activity,28.6306708,77.2169833
activity,28.6412137,77.2147624
activity,28.647204,77.1420464
activity,28.6483037,77.1430207
activity,28.6491765,77.1437436
activity,28.6438892,77.1387433
activity,28.6428928,77.1395345
activity,28.6468148,77.1977758
activity,28.6415909,77.2155347
activity,28.6452167,77.2110064
activity,28.6424044,77.2103819
activity,28.5406103,77.1853088
activity,28.6298227,77.2205834
activity,28.6307208,77.2210523
activity,28.6302916,77.2045509
activity,28.5557691,77.2183297
activity,28.5662,77.18232
activity,28.5385446,77.1326402
activity,28.5432647,77.1285737
activity,28.5441966,77.128262
activity,28.6045138,77.2245624
activity,28.559495,77.1968574
activity,28.6333804,77.21807
activity,28.6482466,77.1928613
activity,28.6481583,77.1929425
activity,28.5725095,77.1672727
activity,28.6018922,77.1936521
activity,28.5541455,77.1942344
activity,28.6270888,77.2174579
activity,28.6481235,77.2117033
activity,28.6137467,77.1084836
activity,28.6336538,77.2211826
activity,28.6246459,77.2053756
activity,28.5597563,77.2063106
activity,28.6423302,77.2182562
activity,28.642273,77.218265
activity,28.6424057,77.2182489
activity,28.6424536,77.2182429
activity,28.6347993,77.2126048
activity,28.5367606,77.210682
activity,28.5366898,77.2105006
activity,28.5365328,77.2106832
activity,28.5352358,77.208157
activity,28.5385666,77.1982197
activity,28.5528178,77.2046567
activity,28.552643,77.2044121
activity,28.5570687,77.2053258
activity,28.5566871,77.2054873
activity,28.556265,77.2049515
activity,28.5382,77.1357397
activity,28.5798966,77.2220134
activity,28.6406664,77.2113691
activity,28.6417215,77.2147806
activity,28.6319603,77.2078492
activity,28.6405446,77.217099
activity,28.6409944,77.2127435
activity,28.6299114,77.2172701
activity,28.6465886,77.1957658
activity,28.5271794,77.2169494
activity,28.5841578,77.175441
activity,28.6411046,77.2135151
activity,28.5786627,77.1648102
activity,28.5801467,77.1645356
activity,28.6453864,77.1839126
activity,28.6354055,77.2208376
activity,28.6317854,77.2159495
activity,28.6474425,77.1901914
activity,28.6495943,77.1900864
activity,28.6449129,77.1977647
activity,28.6303505,77.2150219
activity,28.6314625,77.2206262
activity,28.6306047,77.2198405
activity,28.6425769,77.2193166
activity,28.6425338,77.2193198
activity,28.6418156,77.2126057
activity,28.5527397,77.2077982
activity,28.5546315,77.1775233
activity,28.5529784,77.2077666
activity,28.5563358,77.2063338
activity,28.5576442,77.2070598
activity,28.5605891,77.2070525
activity,28.6455932,77.2163926
activity,28.6310412,77.2218852
activity,28.6353146,77.2206088
activity,28.6333695,77.2212936
activity,28.6433666,77.2192899
activity,28.6409867,77.2108048
activity,28.5462512,77.186645
activity,28.5473981,77.1838262
activity,28.5457285,77.1832177
activity,28.6314083,77.220584
activity,28.6275145,77.2198691
activity,28.6307517,77.2205444
activity,28.63412,77.2222423
activity,28.6296084,77.2241064
activity,28.6291812,77.2248562
activity,28.6296576,77.2239758
activity,28.6298916,77.2237716
activity,28.630268,77.2232644
activity,28.6305309,77.222709
activity,28.6296803,77.2220055
activity,28.6293464,77.2239496
activity,28.6249108,77.2194157
activity,28.5415342,77.1550879
activity,28.5594415,77.1963827
activity,28.5594484,77.1963657
activity,28.5589982,77.2030672
activity,28.5625301,77.2239752
activity,28.6341541,77.218784
activity,28.5611375,77.1980667
activity,28.54712,77.1285872
activity,28.5605958,77.2070448
activity,28.5294051,77.2147726
activity,28.54259,77.2234184
activity,28.5426933,77.2234394
activity,28.5431156,77.2241775
activity,28.5490489,77.1882027
activity,28.5532352,77.1804718
activity,28.6023889,77.1868863
activity,28.6024155,77.1868449
activity,28.6024506,77.1868033
activity,28.602477,77.1867799
activity,28.6022363,77.1870641
activity,28.6021892,77.1871191
activity,28.6021797,77.1871301
activity,28.6026344,77.1866414
activity,28.6027056,77.1865603
activity,28.6019799,77.189294
activity,28.6023291,77.1869559
activity,28.602338,77.1869456
activity,28.6023484,77.1869334
activity,28.6023567,77.1869238
activity,28.6023768,77.1869003
activity,28.6022552,77.1870421
activity,28.6022457,77.1870531
activity,28.6022269,77.1870751
activity,28.6022175,77.1870861
activity,28.602208,77.1870971
activity,28.6023212,77.1869652
activity,28.6023117,77.1869762
activity,28.6023023,77.1869872
activity,28.6022929,77.1869982
activity,28.602274,77.1870201
activity,28.6022646,77.1870311
activity,28.5804633,77.1793308
activity,28.6038119,77.1849985
activity,28.5828891,77.1632054
activity,28.5831234,77.1492017
activity,28.5751812,77.1393042
activity,28.5790267,77.148443
activity,28.5818967,77.1492702
activity,28.5754277,77.1235203
activity,28.6318815,77.2215358
activity,28.5548149,77.1951171
activity,28.553552,77.1943526
activity,28.5522587,77.2037676
activity,28.551392,77.2084764
activity,28.5464509,77.1970758
activity,28.58471,77.2203736
activity,28.5895664,77.212157
activity,28.64038,77.213101
activity,28.5690367,77.1618988
activity,28.6392425,77.2095887
activity,28.6408128,77.2119082
activity,28.5546855,77.1224691
activity,28.5405871,77.2125645
activity,28.5397649,77.2127105
activity,28.5421697,77.2215027
activity,28.542393,77.218667
activity,28.5427805,77.2151422
activity,28.5427543,77.2150811
activity,28.5427693,77.2149747
activity,28.5427687,77.2149412
activity,28.542608,77.2163043
activity,28.5427676,77.2145612
activity,28.5407088,77.2121907
activity,28.5730061,77.1902371
activity,28.5388005,77.2167853
activity,28.5391387,77.2189566
activity,28.5679493,77.1605338
activity,28.5694757,77.1652051
activity,28.5676541,77.1598721
activity,28.5678388,77.160626
activity,28.5534953,77.2118715
activity,28.5521823,77.2108473
activity,28.5437163,77.2071347
activity,28.5437771,77.2071518
activity,28.5437629,77.2085475
activity,28.6312513,77.2218705
activity,28.6314468,77.2205311
activity,28.5251357,77.1560612
activity,28.5761428,77.1950445
activity,28.576488,77.1949983
activity,28.5761271,77.1950032
activity,28.5762197,77.1950079
activity,28.534509,77.1964126
activity,28.5760199,77.1652909
activity,28.574355,77.1655863
activity,28.5438377,77.2082617
activity,28.5279296,77.1899028
activity,28.6408832,77.213014
activity,28.5430854,77.217894
activity,28.6353922,77.2203937
activity,28.6248302,77.2029725
activity,28.6249115,77.2010875
activity,28.6259776,77.2032745
activity,28.5673557,77.1655676
activity,28.5652278,77.1671988
activity,28.5650324,77.1672942
activity,28.5649944,77.1673028
activity,28.5653299,77.1672194
activity,28.5651928,77.1674642
activity,28.6215414,77.2192588
activity,28.624526,77.2188215
activity,28.6264672,77.2199591
activity,28.6236459,77.2193948
activity,28.5467182,77.1965097
activity,28.5464901,77.1970726
activity,28.5710369,77.170663
activity,28.5726716,77.1741298
activity,28.5743511,77.1727645
activity,28.5721181,77.1638274
activity,28.62898,77.2173598
activity,28.6289357,77.2174179
activity,28.6325492,77.2080312
activity,28.5268034,77.1881657
activity,28.5562789,77.1758146
activity,28.5559586,77.175334
activity,28.5590342,77.1709638
activity,28.5595428,77.1703948
activity,28.5682663,77.1589085
activity,28.5673414,77.1588657
activity,28.567374,77.158941
activity,28.5651736,77.1672697
activity,28.5673612,77.1589118
activity,28.5674837,77.1591119
activity,28.5435396,77.2242046
activity,28.5433901,77.2242036
activity,28.5913884,77.2117736
activity,28.5843665,77.1721419
activity,28.5869597,77.2121034
activity,28.587331,77.1714396
activity,28.638233,77.2120277
activity,28.6400727,77.2131143
activity,28.5253361,77.2056302
activity,28.615713,77.21373
activity,28.5861338,77.2243603
activity,28.5535373,77.1941882
activity,28.5675278,77.1756357
activity,28.5673034,77.1887933
activity,28.5443045,77.1782367
activity,28.5377121,77.2133844
activity,28.6411123,77.2136081
activity,28.5259072,77.1903825
activity,28.5567908,77.2068923
activity,28.6309182,77.2169211
activity,28.6334848,77.2181289
activity,28.6483622,77.213419
activity,28.5656809,77.2244304
activity,28.6327775,77.2178939
activity,28.6314687,77.2206618
activity,28.632967,77.2179001
activity,28.6312993,77.2203072
activity,28.6310982,77.2167474
activity,28.6332362,77.2180099
activity,28.6316148,77.2208288
activity,28.632172,77.2176401
activity,28.6339551,77.2185558
activity,28.5776067,77.1746902
activity,28.6325327,77.2179816
activity,28.632608,77.2179719
activity,28.6342788,77.2176384
activity,28.5739311,77.1604995
activity,28.5328179,77.2081676
activity,28.5335838,77.2088943
activity,28.5364378,77.2112932
activity,28.5370049,77.2126533
activity,28.5375609,77.2130911
activity,28.5401045,77.2127274
activity,28.5391389,77.2122885
activity,28.5370189,77.2101594
activity,28.5335037,77.2088114
activity,28.5363923,77.2112457
activity,28.5365075,77.2121964
activity,28.5376565,77.2133209
activity,28.539618,77.2128608
activity,28.537564,77.2107754
activity,28.5370088,77.210178
activity,28.5329774,77.2059307
activity,28.5722409,77.1377586
activity,28.5314875,77.2077454
activity,28.5380761,77.198159
activity,28.5380493,77.1981121
activity,28.5383536,77.1983139
activity,28.5881935,77.1549788
activity,28.6429706,77.2226296
activity,28.5363479,77.2113662
activity,28.568831,77.186991
activity,28.602494,77.186731
activity,28.535789,77.19687
activity,28.5450931,77.1220987
activity,28.5251992,77.2158892
activity,28.5273626,77.2060837
activity,28.5265864,77.2058877
activity,28.5252369,77.2158884
activity,28.5252939,77.205683
activity,28.6291804,77.219755
activity,28.6081818,77.1993421
activity,28.6450079,77.1989094
activity,28.5331643,77.2062525
activity,28.5375606,77.2109314
activity,28.5361498,77.2093927
activity,28.6315666,77.2223238
activity,28.6315876,77.2222789
activity,28.6316939,77.2221888
activity,28.6316182,77.2222311
activity,28.6317238,77.2221209
activity,28.6317429,77.222079
activity,28.6316761,77.2222326
activity,28.5351737,77.210527
activity,28.5339484,77.2071175
activity,28.5350261,77.2081761
activity,28.5351448,77.2104985
activity,28.5354209,77.2105188
activity,28.6330221,77.2179096
activity,28.633169,77.2179864
activity,28.6330798,77.2179653
activity,28.6328187,77.2178944
activity,28.6328693,77.2178957
activity,28.6333153,77.2180419
activity,28.63345,77.2181043
activity,28.5479062,77.1799038
activity,28.5659914,77.1765755
activity,28.5348845,77.2080698
activity,28.6345227,77.218088
activity,28.5862266,77.2202526
activity,28.5858839,77.2136747
activity,28.5500656,77.2052778
activity,28.5600263,77.2069684
activity,28.5598576,77.2069701
activity,28.5599018,77.2069708
activity,28.5600741,77.2069803
activity,28.5448893,77.1217165
activity,28.569869,77.1949192
activity,28.5520539,77.203913
activity,28.6498482,77.2002456
activity,28.6363964,77.2141269
activity,28.6437668,77.1889611
activity,28.6425083,77.1764239
activity,28.5720056,77.1414654
activity,28.566437,77.1362483
activity,28.6095667,77.1365833
activity,28.6097558,77.1362048
activity,28.6059031,77.1538283
activity,28.5557387,77.2059
activity,28.643629,77.2183234
activity,28.6435882,77.2182842
activity,28.6421748,77.2183515
activity,28.5510924,77.2044909
activity,28.5675643,77.159327
activity,28.5583967,77.1624468
activity,28.6332798,77.216878
activity,28.6337914,77.217038
activity,28.6339281,77.217254
activity,28.633086,77.2166998
activity,28.6331181,77.2166998
activity,28.6336342,77.2169575
activity,28.6337234,77.216992
activity,28.6337485,77.2170069
activity,28.6338871,77.2173285
activity,28.6338668,77.2173585
activity,28.6331522,77.2167008
activity,28.585425,77.2121784
activity,28.6332406,77.2168057
activity,28.6326368,77.2167019
activity,28.6330156,77.2173917
activity,28.5258368,77.2221195
activity,28.6298283,77.213752
activity,28.6310681,77.2147904
activity,28.5773944,77.1742996
activity,28.6315644,77.2162275
activity,28.5253863,77.2158378
activity,28.5255607,77.2157749
activity,28.5305897,77.2196421
activity,28.6268616,77.2114437
activity,28.627196,77.2108522
activity,28.583688,77.2198667
activity,28.6281206,77.2128732
activity,28.6300536,77.2172723
activity,28.6297605,77.217177
activity,28.6297299,77.2171503
activity,28.6297028,77.2171284
activity,28.6296751,77.2171117
activity,28.5254016,77.2056364
activity,28.6307613,77.2189172
activity,28.6344134,77.2182946
activity,28.6340726,77.2179671
activity,28.6289192,77.2192875
activity,28.6288687,77.2185141
activity,28.6343926,77.2200051
activity,28.6477737,77.1839471
activity,28.641708,77.2048736
activity,28.6491995,77.1846567
activity,28.6499529,77.1832307
activity,28.6499265,77.1832978
activity,28.5964555,77.1328536
activity,28.6125116,77.1100044
activity,28.5348178,77.2101775
activity,28.5340749,77.2093782
activity,28.5388101,77.2138829
activity,28.5373354,77.2123606
activity,28.5366953,77.2123391
activity,28.5367247,77.2123635
activity,28.5367469,77.2123951
activity,28.5367727,77.2124268
activity,28.5357248,77.2119334
activity,28.5359527,77.2119078
activity,28.5365996,77.2113895
activity,28.5353044,77.2106819
activity,28.5352835,77.2106624
activity,28.5352408,77.2105821
activity,28.5350859,77.2104264
activity,28.5349458,77.2103245
activity,28.5348884,77.210243
activity,28.5348044,77.2101878
activity,28.5341313,77.2094685
activity,28.5347995,77.2101576
activity,28.5341172,77.209223
activity,28.5340106,77.2093187
activity,28.5329095,77.2057344
activity,28.532924,77.2057902
activity,28.6333172,77.2226137
activity,28.6485552,77.1946477
activity,28.6246306,77.1344134
activity,28.6447671,77.1267712
activity,28.6392811,77.1299559
activity,28.5752394,77.1725017
activity,28.5698344,77.1952831
activity,28.5835777,77.1727978
activity,28.5877533,77.1691174
activity,28.5880799,77.1687667
activity,28.5539819,77.178211
activity,28.553731,77.173165
activity,28.5544101,77.1778602
activity,28.6290782,77.2202827
activity,28.6295438,77.219749
activity,28.6290515,77.2200995
activity,28.6411257,77.2125615
activity,28.5684294,77.1870021
activity,28.5712997,77.1842925
activity,28.6421175,77.10692
activity,28.5280341,77.2190795
activity,28.5309415,77.2176182
activity,28.5327763,77.2188584
activity,28.5327581,77.2189225
activity,28.5329875,77.2183321
activity,28.5309525,77.2178945
activity,28.5309569,77.2177621
activity,28.5309684,77.2174597
activity,28.5309122,77.217181
activity,28.5309212,77.2174989
activity,28.5309026,77.217192
activity,28.5309103,77.2171542
activity,28.5309414,77.2172221
activity,28.5309365,77.2172817
activity,28.5309296,77.2172921
activity,28.5309957,77.218045
activity,28.5310584,77.2184318
activity,28.5309331,77.2172615
activity,28.5309075,77.2170528
activity,28.5309083,77.2170169
activity,28.5309148,77.2169794
activity,28.5309188,77.2162408
activity,28.5308775,77.2161749
activity,28.5309083,77.2170892
activity,28.5309108,77.2170319
activity,28.530941,77.2171906
activity,28.5309376,77.2171635
activity,28.5309159,77.2171227
activity,28.5309486,77.2168303
activity,28.5328635,77.2175575
activity,28.5337963,77.2170051
activity,28.5341421,77.2169982
activity,28.5345721,77.2169019
activity,28.5348606,77.2168007
activity,28.5351346,77.2168255
activity,28.5353372,77.2168065
activity,28.5354028,77.2168481
activity,28.5355862,77.2166825
activity,28.5309082,77.2165552
activity,28.5328634,77.2177772
activity,28.5347718,77.2168878
activity,28.5309138,77.216516
activity,28.5309128,77.2164704
activity,28.5309132,77.2162661
activity,28.5308597,77.2159706
activity,28.5351752,77.21825
activity,28.5309435,77.216876
activity,28.5309146,77.2167688
activity,28.5309108,77.216623
activity,28.5309301,77.2162872
activity,28.5309019,77.2161069
activity,28.5307844,77.2159252
activity,28.5305252,77.2159986
activity,28.5305488,77.2161958
activity,28.5305794,77.2163816
activity,28.5309047,77.2164351
activity,28.530861,77.2160576
activity,28.5307536,77.2159202
activity,28.5307823,77.2159471
activity,28.5307583,77.2159532
activity,28.5333963,77.2170133
activity,28.5347323,77.2168931
activity,28.5309458,77.2165822
activity,28.5335648,77.2219706
activity,28.5345312,77.2207331
activity,28.5338607,77.2170768
activity,28.5340857,77.2170413
activity,28.5344088,77.2169234
activity,28.5348393,77.2168144
activity,28.5349486,77.2167873
activity,28.5352006,77.2167394
activity,28.5352759,77.2167049
activity,28.5353248,77.2167802
activity,28.5353538,77.2167559
activity,28.5355875,77.2167704
activity,28.535831,77.2177052
activity,28.5304856,77.2160239
activity,28.5305631,77.2162592
activity,28.5331763,77.2220471
activity,28.5332007,77.2212213
activity,28.5333669,77.2220305
activity,28.5341665,77.2220374
activity,28.5345636,77.2210084
activity,28.5345822,77.2196431
activity,28.5341134,77.219189
activity,28.5329942,77.2214448
activity,28.5345658,77.220761
activity,28.5342089,77.2194998
activity,28.5335695,77.2188065
activity,28.5330915,77.2218476
activity,28.5342376,77.2220007
activity,28.5343556,77.2197573
activity,28.5340646,77.2187337
activity,28.5334178,77.2187338
activity,28.5353088,77.2167197
activity,28.5330124,77.2185763
activity,28.5358172,77.2169415
activity,28.5352085,77.2167495
activity,28.5347868,77.2168915
activity,28.5316504,77.2186674
activity,28.5340822,77.2170958
activity,28.5342157,77.2169457
activity,28.5338952,77.2170109
activity,28.5336909,77.2169274
activity,28.53361,77.2170859
activity,28.532931,77.218321
activity,28.5329514,77.2183666
activity,28.5347196,77.2168741
activity,28.5347368,77.2184111
activity,28.5326273,77.2173798
activity,28.5335509,77.2170508
activity,28.5337199,77.2169535
activity,28.5347536,77.2168822
activity,28.5353312,77.2167606
activity,28.5346351,77.220773
activity,28.5330276,77.2215657
activity,28.5345767,77.2212573
activity,28.5332175,77.219553
activity,28.5332807,77.2218792
activity,28.533372,77.2222067
activity,28.5344046,77.2220785
activity,28.5344656,77.2220409
activity,28.5364816,77.2121562
activity,28.5293821,77.2072702
activity,28.5358092,77.2106083
activity,28.5496346,77.1293556
activity,28.5328393,77.2042952
activity,28.5547709,77.1762414
activity,28.6017566,77.1868128
activity,28.6018694,77.1847489
activity,28.5333812,77.2036912
activity,28.6410202,77.2126034
activity,28.6442725,77.2006899
activity,28.6441263,77.2010453
activity,28.6447598,77.1994055
activity,28.5271231,77.2206482
activity,28.5341404,77.2068609
activity,28.5336885,77.2087722
activity,28.5355424,77.2108923
activity,28.6303838,77.2207212
activity,28.5529283,77.2078816
activity,28.5660408,77.2081138
activity,28.5529254,77.1221459
activity,28.553332,77.123463
activity,28.5513076,77.1227004
activity,28.542241,77.1289089
activity,28.545136,77.1277371
activity,28.5429566,77.1286516
activity,28.5450651,77.1277894
activity,28.540893,77.1301332
activity,28.5440893,77.1283049
activity,28.6407001,77.211572
activity,28.5273096,77.2191007
activity,28.5274255,77.2171745
activity,28.6418903,77.2242686
activity,28.5275605,77.2171389
activity,28.5284111,77.2196359
activity,28.5274496,77.2166765
activity,28.6293578,77.214612
activity,28.5407564,77.2121254
activity,28.5362156,77.2095278
activity,28.543911,77.2085924
activity,28.5372794,77.2105652
activity,28.5329911,77.2060958
activity,28.5376985,77.2110653
activity,28.5505274,77.2044123
activity,28.5357893,77.1974563
activity,28.5618572,77.2076233
activity,28.5562264,77.2060799
activity,28.5325585,77.2032707
activity,28.5562855,77.2061054
activity,28.5325305,77.2031436
activity,28.5345292,77.1963323
activity,28.552271,77.2039951
activity,28.5355239,77.2109777
activity,28.5354458,77.2108095
activity,28.5399709,77.2127916
activity,28.5353394,77.2103781
activity,28.5394874,77.2133656
activity,28.5354531,77.210832
activity,28.53412,77.2072859
activity,28.6338745,77.2215203
activity,28.6346388,77.2212509
activity,28.6353515,77.2190315
activity,28.6352021,77.2184123
activity,28.6313639,77.2213236
activity,28.6353937,77.2196262
activity,28.6311254,77.2209039
activity,28.6323784,77.2213733
activity,28.633622,77.2222396
activity,28.6352179,77.2212575
activity,28.6352636,77.2186749
activity,28.6350577,77.2181263
activity,28.6343528,77.2220221
activity,28.6344013,77.2214575
activity,28.6351302,77.2210229
activity,28.6352779,77.21853
activity,28.6326422,77.2161436
activity,28.6310486,77.2207857
activity,28.6342581,77.2210328
activity,28.6301159,77.2197367
activity,28.6291307,77.2197582
activity,28.6298758,77.2210617
activity,28.6449451,77.2108296
activity,28.6299698,77.2229648
activity,28.6454375,77.2111165
activity,28.5632565,77.2245648
activity,28.6422738,77.1066449
activity,28.5922707,77.2222351
activity,28.6330613,77.2198505
activity,28.6331482,77.2197969
activity,28.5899247,77.2195873
activity,28.5755451,77.2092905
activity,28.5755942,77.2093569
activity,28.6229921,77.213797
activity,28.5376536,77.213097
activity,28.5251396,77.1551331
activity,28.63129,77.2222145
activity,28.6281833,77.1369263
activity,28.6314464,77.12542
activity,28.6307429,77.1112027
activity,28.6304619,77.2173996
activity,28.6498807,77.1607377
activity,28.6421914,77.1455812
activity,28.6383221,77.1805949
activity,28.6418972,77.145346
activity,28.6323873,77.1262426
activity,28.6332528,77.127139
activity,28.6451021,77.1696998
activity,28.637461,77.1814651
activity,28.6280232,77.1367988
activity,28.6313459,77.1253512
activity,28.6254248,77.1109641
activity,28.6483737,77.1633494
activity,28.646576,77.1671972
activity,28.6476028,77.1656099
activity,28.6394083,77.1786423
activity,28.6433605,77.172539
activity,28.6318318,77.2168187
activity,28.6245488,77.1110002
activity,28.6244586,77.1109798
activity,28.6257674,77.1112872
activity,28.6249433,77.1115985
activity,28.5513398,77.2045768
activity,28.647734,77.1256907
activity,28.6240877,77.1355337
activity,28.6224226,77.1360256
activity,28.5691369,77.2206812
activity,28.5678122,77.2244419
activity,28.5438055,77.2085032
activity,28.5438339,77.2084515
activity,28.5677074,77.2246261
activity,28.5677805,77.2245193
activity,28.5677385,77.2244999
activity,28.5390756,77.2122252
activity,28.5333311,77.2037961
activity,28.5333765,77.206089
activity,28.5327792,77.2036188
activity,28.5327426,77.20362
activity,28.6305945,77.220264
activity,28.6347294,77.2203803
activity,28.6325274,77.2223125
activity,28.6412994,77.215302
activity,28.5468576,77.1249166
activity,28.5469671,77.1248898
activity,28.5464641,77.1249408
activity,28.5464347,77.1246175
activity,28.546437,77.1246886
activity,28.5464535,77.1248174
activity,28.5464606,77.124875
activity,28.5464559,77.1250038
activity,28.5250034,77.154834
activity,28.5486459,77.1270879
activity,28.5478153,77.1260083
activity,28.5476151,77.1257521
activity,28.5476734,77.1258031
activity,28.5476869,77.1258178
activity,28.6406118,77.2119767
activity,28.6407857,77.213179
activity,28.5386154,77.2118608
activity,28.6457131,77.2107427
activity,28.6320386,77.2213949
activity,28.5407037,77.1851183
activity,28.5406895,77.1851493
activity,28.5682057,77.2224052
activity,28.5682332,77.221462
activity,28.5294759,77.2149853
activity,28.5683579,77.2187282
activity,28.5691541,77.2051064
activity,28.5462252,77.1820651
activity,28.6107735,77.2142744
activity,28.6198985,77.2106056
activity,28.6464253,77.1176773
activity,28.6467445,77.1181892
activity,28.6493059,77.1228256
activity,28.6463406,77.1162876
activity,28.6411646,77.2106965
activity,28.6303818,77.2209003
activity,28.544015,77.2050352
activity,28.6326411,77.2214809
activity,28.6313946,77.2206423
activity,28.5407863,77.1850008
activity,28.5405443,77.185615
activity,28.565255,77.2072628
activity,28.5277694,77.1895212
activity,28.5356504,77.1968182
activity,28.5559072,77.2059359
activity,28.5263966,77.1528343
activity,28.6392718,77.2129569
activity,28.5540285,77.1944193
activity,28.6284399,77.2192662
activity,28.5406405,77.1852509
activity,28.5680927,77.1748864
activity,28.59201,77.1617812
activity,28.5964052,77.1346336
activity,28.6096812,77.1070471
activity,28.6229665,77.211944
activity,28.6260798,77.215349
activity,28.6175605,77.2125512
activity,28.6040114,77.1976751
activity,28.5547346,77.1951084
activity,28.5544185,77.1943669
activity,28.6440465,77.2124248
activity,28.6484303,77.194198
activity,28.5839977,77.1914406
activity,28.6341682,77.2188138
activity,28.6345172,77.2195629
activity,28.6343152,77.2195054
activity,28.6338464,77.2184247
activity,28.6347172,77.2195343
activity,28.634285,77.2192948
activity,28.6343368,77.2194568
activity,28.6339027,77.2184903
activity,28.6346923,77.2195337
activity,28.6343042,77.2194176
activity,28.6345008,77.219561
activity,28.6344204,77.2195558
activity,28.6337969,77.2183681
activity,28.6344614,77.2195591
activity,28.6340408,77.2186835
activity,28.6341849,77.2188513
activity,28.6343423,77.2195457
activity,28.6342714,77.2192315
activity,28.633874,77.2184508
activity,28.6340236,77.2186591
activity,28.6336075,77.2178513
activity,28.6343244,77.2191621
activity,28.6342183,77.2189253
activity,28.6083733,77.102445
activity,28.6413467,77.2053065
activity,28.640169,77.2116987
activity,28.6430359,77.2177296
activity,28.5718728,77.1717512
activity,28.5482493,77.180252
activity,28.5359779,77.1974911
activity,28.6248081,77.2193721
activity,28.6337417,77.2162906
activity,28.6343601,77.2182711
activity,28.5383875,77.1986992
activity,28.5375613,77.198309
activity,28.5381556,77.198593
activity,28.5369888,77.1980572
activity,28.6432375,77.2152948
activity,28.6409128,77.2136434
activity,28.5669605,77.1883405
activity,28.5689024,77.188864
activity,28.5678415,77.1890504
activity,28.5668712,77.1887974
activity,28.5674172,77.1882654
activity,28.5673141,77.1889333
activity,28.5669342,77.1886327
activity,28.5932298,77.2238136
activity,28.6305595,77.2212797
activity,28.6307089,77.222185
activity,28.5327259,77.1529611
activity,28.634703,77.2205246
activity,28.5265942,77.1875219
activity,28.6405754,77.2117485
activity,28.6473546,77.1879785
activity,28.6462598,77.1870159
activity,28.643686,77.1882167
activity,28.6446819,77.1871078
activity,28.6455258,77.1869698
activity,28.6460549,77.187021
activity,28.6436209,77.1878417
activity,28.6448612,77.1871162
activity,28.5407143,77.2118687
activity,28.570786,77.1634244
activity,28.5877629,77.1674682
activity,28.587778,77.1675315
activity,28.5877769,77.1673736
activity,28.6347974,77.2201885
activity,28.646859,77.1597232
activity,28.6493946,77.1572955
activity,28.6467672,77.159575
activity,28.6468174,77.1597175
activity,28.5664926,77.1896047
activity,28.5657051,77.1964155
activity,28.536633,77.2105822
activity,28.5366127,77.2108875
activity,28.5350111,77.2081563
activity,28.5336105,77.2062709
activity,28.5350192,77.2081657
activity,28.5367783,77.2107019
activity,28.5341019,77.2073055
activity,28.5385219,77.2167038
activity,28.5342319,77.2135082
activity,28.5613224,77.1938092
activity,28.5614184,77.1939656
activity,28.5614532,77.193971
activity,28.5846611,77.2231716
activity,28.5614878,77.1939854
activity,28.5630146,77.2243588
activity,28.6209452,77.2180853
activity,28.5628638,77.2248731
activity,28.5628238,77.2249267
activity,28.6434443,77.219127
activity,28.5518792,77.2074369
activity,28.6288935,77.2187659
activity,28.6288925,77.2186728
activity,28.6347114,77.2217366
activity,28.5617322,77.2076386
activity,28.5619324,77.2076401
activity,28.5690063,77.2219434
activity,28.5679333,77.219572
activity,28.558607,77.1639121
activity,28.5579101,77.1641066
activity,28.5570095,77.1641633
activity,28.5575828,77.1640909
activity,28.5588427,77.1642136
activity,28.5581107,77.1642239
activity,28.5572027,77.1637969
activity,28.557544,77.1639197
activity,28.5571987,77.1639409
activity,28.5584986,77.1639127
activity,28.5571532,77.1638207
activity,28.5590843,77.1638296
activity,28.5571831,77.1638031
activity,28.5583642,77.1639353
activity,28.5581734,77.1640171
activity,28.5578559,77.1644557
activity,28.5634069,77.164256
activity,28.5578263,77.2079849
activity,28.5577887,77.2081652
activity,28.5600089,77.2138565
activity,28.5620676,77.193449
activity,28.5576972,77.2087851
activity,28.5577126,77.2086898
activity,28.5578612,77.2077905
activity,28.6305923,77.2172927
activity,28.5705427,77.1841536
activity,28.5806081,77.2208063
activity,28.5816234,77.2206837
activity,28.5800535,77.2217923
activity,28.6037908,77.1849513
activity,28.6022338,77.1861298
activity,28.6015923,77.1868853
activity,28.6016675,77.186001
activity,28.6021801,77.1861058
activity,28.6017324,77.185806
activity,28.6016723,77.1860978
activity,28.6016518,77.1861386
activity,28.5847109,77.2236931
activity,28.5320219,77.1528479
activity,28.5295429,77.1540449
activity,28.5908759,77.1961181
activity,28.5806388,77.1899811
activity,28.5908405,77.1960832
activity,28.5369319,77.2134518
activity,28.5587768,77.1708164
activity,28.531414,77.1538432
activity,28.5312246,77.1539255
activity,28.5314016,77.1536488
activity,28.5311994,77.1539959
activity,28.5895394,77.2195741
activity,28.5336691,77.1519207
activity,28.5779156,77.1945444
activity,28.6477274,77.1960745
activity,28.6291093,77.2048696
activity,28.5772838,77.1743602
activity,28.6256334,77.2201793
activity,28.6351855,77.2193927
activity,28.5257019,77.1822181
activity,28.6489325,77.119225
activity,28.540805,77.1544198
activity,28.528103,77.2194333
activity,28.6309944,77.2163377
activity,28.584378,77.1910554
activity,28.5282068,77.2173667
activity,28.5427905,77.1557308
activity,28.5689762,77.1848546
activity,28.5584754,77.1638371
activity,28.6344467,77.2220056
activity,28.527759,77.2168633
activity,28.5426679,77.1563072
activity,28.5589805,77.16418
activity,28.5270603,77.2167659
activity,28.5465698,77.1970662
activity,28.5286427,77.2193821
activity,28.6348608,77.2186893
activity,28.6281942,77.2166703
activity,28.5895924,77.2123111
activity,28.6345679,77.2219125
activity,28.6302271,77.2202118
activity,28.6254293,77.2146906
activity,28.5575513,77.1703347
activity,28.6350184,77.2195254
activity,28.6349815,77.2195902
activity,28.6342664,77.2180918
activity,28.6412335,77.2144015
activity,28.6345219,77.2225088
activity,28.528554,77.2197605
activity,28.5576397,77.2056845
activity,28.5671729,77.213153
activity,28.6417766,77.2104626
activity,28.5378855,77.2111429
activity,28.5298352,77.2151964
activity,28.5295788,77.2152348
activity,28.5298619,77.2151984
activity,28.5298986,77.2152004
activity,28.5300929,77.2153616
activity,28.5295382,77.2152345
activity,28.5302031,77.2152775
activity,28.5295497,77.2136973
activity,28.5291899,77.2138864
activity,28.5295756,77.2143363
activity,28.5295747,77.2137533
activity,28.5295727,77.2137164
activity,28.5295503,77.2141546
activity,28.5295268,77.2141578
activity,28.5295037,77.2145284
activity,28.529584,77.214155
activity,28.5291511,77.2137981
activity,28.5291423,77.2137686
activity,28.6296677,77.2198982
activity,28.5284954,77.2186438
activity,28.5839949,77.1906948
activity,28.5433772,77.1570822
activity,28.5686881,77.2187768
activity,28.6417349,77.2146981
activity,28.5391326,77.216107
activity,28.5647065,77.1776294
activity,28.6018064,77.1870587
activity,28.6019631,77.1869419
activity,28.596518,77.1769969
activity,28.6016431,77.1869121
activity,28.5999906,77.1861323
activity,28.6000206,77.186065
activity,28.6278631,77.2244883
activity,28.6411587,77.2134007
activity,28.5495916,77.2122663
activity,28.6294081,77.2221975
activity,28.6103297,77.2010609
activity,28.6311731,77.204936
activity,28.5653226,77.1579737
activity,28.6477752,77.1948228
activity,28.5734854,77.1539497
activity,28.5844558,77.2248024
activity,28.5334494,77.2149171
activity,28.5332223,77.2155902
activity,28.5471702,77.2002745
activity,28.5610558,77.1779814
activity,28.5492003,77.2124692
activity,28.6436328,77.1884142
activity,28.6472447,77.1195401
activity,28.5271716,77.2057707
activity,28.5379197,77.1989175
activity,28.6211627,77.2109121
activity,28.5701204,77.1883253
activity,28.5677998,77.1589114
activity,28.5678793,77.1597961
activity,28.5675349,77.1581036
activity,28.643204,77.1751536
activity,28.5640334,77.1886266
activity,28.6458209,77.1210997
activity,28.5388702,77.2158737
activity,28.5558902,77.2019792
activity,28.6357531,77.2205669
activity,28.5340103,77.2094557
activity,28.5996071,77.1958058
activity,28.6491472,77.2041529
activity,28.6287272,77.2229395
activity,28.6461972,77.1042884
activity,28.6459403,77.1124475
activity,28.6421326,77.1168861
activity,28.6400865,77.1032769
activity,28.6399027,77.1167449
activity,28.6244261,77.2197964
activity,28.6241327,77.2139025
activity,28.5658552,77.1576728
activity,28.5676741,77.1586247
activity,28.567572,77.1583927
activity,28.6432299,77.1407479
activity,28.6314312,77.207782
activity,28.6301933,77.2125232
activity,28.5551936,77.2049049
activity,28.5516419,77.2069727
activity,28.6473998,77.1217513
activity,28.5839732,77.191197
activity,28.5436609,77.1970707
activity,28.646075,77.1169588
activity,28.6276131,77.219875
activity,28.5556882,77.2019907
activity,28.6277455,77.1000797
activity,28.6302728,77.1796827
activity,28.6310878,77.1828001
activity,28.6296999,77.1797945
activity,28.5407957,77.1167934
activity,28.6267988,77.2197099
activity,28.6274298,77.2198655
activity,28.6279832,77.2198697
activity,28.6282217,77.2198897
activity,28.6305064,77.2198259
activity,28.630287,77.219811
activity,28.6305258,77.2197827
activity,28.6305569,77.2198262
activity,28.6306342,77.2197799
activity,28.6304553,77.2198235
activity,28.6301911,77.2197452
activity,28.6324874,77.221402
activity,28.6321461,77.2212681
activity,28.6349683,77.2190751
activity,28.6462425,77.2020691
activity,28.6499939,77.1437852
activity,28.6341831,77.2204417
activity,28.6340338,77.2208333
activity,28.6348984,77.2198456
activity,28.634246,77.220487
activity,28.6248527,77.2156648
activity,28.6249403,77.2156614
activity,28.6258863,77.213853
activity,28.5547625,77.1732631
activity,28.6348369,77.219416
activity,28.6348478,77.2194897
activity,28.6348361,77.2194004
activity,28.633936,77.2185325
activity,28.6345759,77.2200756
activity,28.6315961,77.2230605
activity,28.6316309,77.2230707
activity,28.6301065,77.2174139
activity,28.6297834,77.2204045
activity,28.629755,77.220236
activity,28.6303447,77.2220792
activity,28.6304116,77.2174503
activity,28.6295197,77.219342
activity,28.6295635,77.2193426
activity,28.6303516,77.2207134
activity,28.6302034,77.2200339
activity,28.6303321,77.2206386
activity,28.6303565,77.22068
activity,28.6303371,77.2206681
activity,28.6302816,77.220428
activity,28.6302692,77.2203733
activity,28.6303003,77.2205326
activity,28.6302128,77.2201334
activity,28.6274922,77.2191874
activity,28.6274633,77.2191843
activity,28.6275553,77.2191895
activity,28.6275185,77.2191893
activity,28.6274361,77.219185
activity,28.6303647,77.2208543
activity,28.6304059,77.2209553
activity,28.6303457,77.2208085
activity,28.6269913,77.2192083
activity,28.6270587,77.2192161
activity,28.6271237,77.219222
activity,28.6270264,77.2192152
activity,28.6270873,77.2192199
activity,28.6293409,77.1370155
activity,28.6433841,77.1777613
activity,28.6473,77.1194981
activity,28.5610334,77.1983032
activity,28.560481,77.1992856
activity,28.5603538,77.1997409
activity,28.5603414,77.1995893
activity,28.562112,77.2077732
activity,28.632992,77.1390208
activity,28.6434108,77.172389
activity,28.6445925,77.1705075
activity,28.6455023,77.1690752
activity,28.6499522,77.1613826
activity,28.550666,77.1217458
activity,28.6400397,77.2064574
activity,28.5548665,77.1951233
activity,28.6445294,77.1908292
activity,28.5531797,77.2081125
activity,28.5283356,77.2178694
activity,28.5375912,77.2104123
activity,28.5517564,77.1225963
activity,28.551561,77.1225437
activity,28.6039354,77.2068578
activity,28.6339517,77.2185
activity,28.5512058,77.2072188
activity,28.5436893,77.1928031
activity,28.5436795,77.1928191
activity,28.543858,77.1932401
activity,28.5785662,77.1649274
activity,28.5896726,77.2190508
activity,28.64253,77.1060829
activity,28.5421331,77.1861903
activity,28.5421683,77.1862089
activity,28.5453012,77.1827903
activity,28.5427605,77.1990022
activity,28.5591709,77.1965519
activity,28.5591389,77.1964782
activity,28.5591406,77.1964598
activity,28.5844178,77.1907596
activity,28.644045,77.2093712
activity,28.5434693,77.1242076
activity,28.5284896,77.219227
activity,28.6395627,77.2035415
activity,28.6313034,77.1980381
activity,28.5590045,77.1962165
activity,28.5590066,77.1961489
activity,28.5590262,77.1957428
activity,28.558997,77.1963553
activity,28.5590059,77.1959529
activity,28.55901,77.1960856
activity,28.559017,77.1965879
activity,28.5918541,77.2195538
activity,28.6322114,77.2225531
activity,28.6322127,77.2226314
activity,28.5571705,77.1635995
activity,28.6433132,77.214524
activity,28.53668,77.1836533
activity,28.6473048,77.1902035
activity,28.6460024,77.1892365
activity,28.6487643,77.1910046
activity,28.6464201,77.1896276
activity,28.6481265,77.1903707
activity,28.6318442,77.2169899
activity,28.631957,77.2171365
activity,28.6319099,77.2170604
activity,28.6317946,77.2168706
activity,28.6318964,77.2167774
activity,28.6254773,77.2184377
activity,28.5407955,77.1551801
activity,28.5285607,77.2166611
activity,28.6458944,77.1889586
activity,28.5283746,77.2115924
activity,28.5283092,77.2110304
activity,28.528449,77.2108339
activity,28.5283041,77.2165116
activity,28.5284356,77.2105819
activity,28.5284829,77.2102559
activity,28.5283659,77.21687
activity,28.5284722,77.2102825
activity,28.5284556,77.2090315
activity,28.6463197,77.1892489
activity,28.6463515,77.1892697
activity,28.6463424,77.1895753
activity,28.6459889,77.1890174
activity,28.6463899,77.1892996
activity,28.6462834,77.1892248
activity,28.6464618,77.1896522
activity,28.6469052,77.1898396
activity,28.6460441,77.1892606
activity,28.6462976,77.1894426
activity,28.6462667,77.1894239
activity,28.6462036,77.1893782
activity,28.6465565,77.1894124
activity,28.6465885,77.1896789
activity,28.6471495,77.1897727
activity,28.6471446,77.1900373
activity,28.6470672,77.1900461
activity,28.6470194,77.1900121
activity,28.6472431,77.1898843
activity,28.6472221,77.1898694
activity,28.6465831,77.189438
activity,28.6471993,77.190076
activity,28.647239,77.1903182
activity,28.647305,77.18993
activity,28.6472603,77.1898965
activity,28.6472828,77.1899133
activity,28.6474356,77.1902853
activity,28.64767,77.1904674
activity,28.6474432,77.1899906
activity,28.6473466,77.1899642
activity,28.6475165,77.190292
activity,28.6475966,77.1903492
activity,28.6473293,77.1899497
activity,28.6477143,77.1904975
activity,28.6477673,77.1905353
activity,28.6474871,77.1900311
activity,28.6478921,77.1903074
activity,28.6475384,77.190057
activity,28.6475627,77.1903153
activity,28.6472582,77.190119
activity,28.6470101,77.1896939
activity,28.6468109,77.1895648
activity,28.5881415,77.2168666
activity,28.5872412,77.2165688
activity,28.5434288,77.2056846
activity,28.5434107,77.2055568
activity,28.5545493,77.1948094
activity,28.5545087,77.1947362
activity,28.6443964,77.1218103
activity,28.6424946,77.1230362
activity,28.5543007,77.1945825
activity,28.5548044,77.194473
activity,28.6456305,77.1894762
activity,28.6456012,77.1895397
activity,28.6456676,77.1894246
activity,28.6323178,77.2226309
activity,28.6329322,77.2226539
activity,28.6345185,77.2213648
activity,28.6343154,77.221088
activity,28.6458243,77.1888893
activity,28.532657,77.1102544
activity,28.6341122,77.2209068
activity,28.6452136,77.1884492
activity,28.6451694,77.1884206
activity,28.6451283,77.1883915
activity,28.6449457,77.1882621
activity,28.6449928,77.1882931
activity,28.6450296,77.188322
activity,28.6291473,77.2193368
activity,28.6479199,77.1911263
activity,28.6462403,77.1894043
activity,28.6294978,77.2193417
activity,28.6291254,77.2193365
activity,28.6291911,77.2193374
activity,28.6291692,77.2193371
activity,28.5293484,77.149021
activity,28.629454,77.2193411
activity,28.6294759,77.2193414
activity,28.6293883,77.2193402
activity,28.6294321,77.2193408
activity,28.6294102,77.2193405
activity,28.6292787,77.2193386
activity,28.6293006,77.2193389
activity,28.6293225,77.2193392
activity,28.6293445,77.2193396
activity,28.6293664,77.2193399
activity,28.629213,77.2193377
activity,28.6292349,77.219338
activity,28.6292568,77.2193383
activity,28.604768,77.2216022
activity,28.5572099,77.1640827
activity,28.5518221,77.1225864
activity,28.6081726,77.2175333
activity,28.6490342,77.1426955
activity,28.5272714,77.217214
activity,28.5577445,77.1649005
activity,28.5308944,77.1492335
activity,28.5312418,77.1494722
activity,28.5316826,77.1495711
activity,28.5314895,77.1495621
activity,28.5306761,77.1490605
activity,28.5317932,77.1496764
activity,28.5324614,77.1498449
activity,28.5352595,77.1522948
activity,28.5287505,77.2194784
activity,28.5586071,77.1640872
activity,28.5585835,77.1640835
activity,28.5584268,77.1641369
activity,28.5578721,77.1643403
activity,28.5579457,77.1640956
activity,28.5579939,77.1640759
activity,28.5582638,77.1639855
activity,28.5578312,77.1641467
activity,28.5577024,77.164777
activity,28.5572202,77.1648199
activity,28.6346754,77.2177385
activity,28.6412547,77.1000676
activity,28.6333556,77.2196548
activity,28.5284643,77.2185271
activity,28.5364234,77.2121009
activity,28.5371494,77.217595
activity,28.5332432,77.2099584
activity,28.5345367,77.2099305
activity,28.5348873,77.2104403
activity,28.5346707,77.2100389
activity,28.5347397,77.2101067
activity,28.5349302,77.2103009
activity,28.537012,77.2176353
activity,28.536316,77.2109253
activity,28.5364224,77.2108147
activity,28.5364613,77.2107705
activity,28.5365002,77.2107252
activity,28.5364419,77.2110697
activity,28.5362697,77.2110012
activity,28.5385494,77.2155158
activity,28.5369616,77.21765
activity,28.5362383,77.2110423
activity,28.5374327,77.2131401
activity,28.5374092,77.2132093
activity,28.53731,77.21303
activity,28.5372418,77.2129821
activity,28.5371786,77.2129256
activity,28.5370509,77.2127224
activity,28.536943,77.2126208
activity,28.5365529,77.2122421
activity,28.5363428,77.2120209
activity,28.5363836,77.2120546
activity,28.5367408,77.2115932
activity,28.5362892,77.2119629
activity,28.536254,77.2119219
activity,28.5366131,77.2114436
activity,28.5366658,77.2115047
activity,28.537146,77.2174051
activity,28.5365103,77.2113583
activity,28.5363475,77.2112024
activity,28.5349574,77.210345
activity,28.6461658,77.222939
activity,28.5355285,77.216594
activity,28.5356411,77.2167603
activity,28.5356395,77.2168331
activity,28.5357828,77.2167375
activity,28.6111866,77.2184305
activity,28.6386099,77.2101114
activity,28.6412878,77.2146318
activity,28.5599777,77.1765827
activity,28.561631,77.1790781
activity,28.5598177,77.1771915
activity,28.6350136,77.2195872
activity,28.6346142,77.2195263
activity,28.6346488,77.2195304
activity,28.6336017,77.2221648
activity,28.633349,77.222135
activity,28.6325263,77.2222745
activity,28.6342866,77.2215574
activity,28.6345632,77.2206668
activity,28.6330893,77.2221821
activity,28.63463,77.2206734
activity,28.6345826,77.2206807
activity,28.6335298,77.2220619
activity,28.6349675,77.2201154
activity,28.6334888,77.2196554
activity,28.6323267,77.21918
activity,28.6324163,77.2190679
activity,28.6334701,77.2196893
activity,28.5457525,77.1230261
activity,28.5380076,77.2087667
activity,28.5380761,77.209131
activity,28.5471568,77.1986814
activity,28.5363782,77.2093329
activity,28.538134,77.2088501
activity,28.5375499,77.2086518
activity,28.5293143,77.214581
activity,28.5371084,77.2123538
activity,28.5370791,77.2123092
activity,28.5368484,77.2117456
activity,28.5368427,77.2117317
activity,28.5361794,77.2119338
activity,28.5366265,77.2114852
activity,28.5368701,77.2117463
activity,28.5607259,77.1937121
activity,28.5379422,77.2087646
activity,28.5541824,77.194472
activity,28.6212562,77.1989326
activity,28.6310101,77.2197875
activity,28.6342698,77.2189583
activity,28.6293136,77.220411
activity,28.5847048,77.2238058
activity,28.630689,77.2209032
activity,28.6393851,77.212892
activity,28.5596225,77.1968574
activity,28.6339638,77.2184611
activity,28.5534537,77.194097
activity,28.5486201,77.1269796
activity,28.6310576,77.2198026
activity,28.5473735,77.1253446
activity,28.5486524,77.167127
activity,28.5484711,77.1671384
activity,28.5485659,77.1672174
activity,28.548508,77.1671719
activity,28.5486753,77.1670793
activity,28.5486086,77.1670103
activity,28.5486392,77.1670454
activity,28.5450889,77.1664285
activity,28.5450167,77.1664986
activity,28.5450618,77.1665492
activity,28.5459601,77.1654942
activity,28.5451565,77.1638562
activity,28.5451985,77.1634213
activity,28.5447622,77.1607171
activity,28.5448103,77.1607493
activity,28.544849,77.1608057
activity,28.5448643,77.1608468
activity,28.5450591,77.1632764
activity,28.5428694,77.1600819
activity,28.5335432,77.1692029
activity,28.5515344,77.1695863
activity,28.5515496,77.1695581
activity,28.5521132,77.1688962
activity,28.5526618,77.1694436
activity,28.5526637,77.1694738
activity,28.6431435,77.2214256
activity,28.6431932,77.2214202
activity,28.6429888,77.2214491
activity,28.6430902,77.2214359
activity,28.6430383,77.2214437
activity,28.6429353,77.2214586
activity,28.642164,77.2215364
activity,28.6456979,77.1199867
activity,28.6331447,77.2179838
activity,28.5654915,77.199749
activity,28.5434754,77.2242042
activity,28.5601205,77.2045702
activity,28.5590049,77.1957417
activity,28.5607356,77.2018938
activity,28.56013,77.2045563
activity,28.564025,77.2196882
activity,28.5640738,77.2201259
activity,28.5641606,77.2197333
activity,28.5639725,77.2197792
activity,28.6351449,77.2196126
activity,28.6321001,77.2213271
activity,28.6321251,77.2212883
activity,28.6330598,77.2213946
activity,28.6444124,77.1882702
activity,28.5381057,77.2078468
activity,28.5375818,77.2104051
activity,28.5374122,77.2106873
activity,28.538026,77.2087662
activity,28.6320541,77.2213531
activity,28.6321932,77.2212951
activity,28.6320918,77.2212963
activity,28.632435,77.2213835
activity,28.6334051,77.2226062
activity,28.6334073,77.219453
activity,28.6333849,77.219661
activity,28.6333323,77.2196438
activity,28.6334856,77.2194828
activity,28.633415,77.2196719
activity,28.6334321,77.2194643
activity,28.6334588,77.2194758
activity,28.6335205,77.2195012
activity,28.6333051,77.2196356
activity,28.6323421,77.2192589
activity,28.6325797,77.2191552
activity,28.6324232,77.2192762
activity,28.6338972,77.2208753
activity,28.633864,77.2209081
activity,28.6338324,77.2209483
activity,28.6339374,77.2208266
activity,28.6337722,77.2210112
activity,28.6337895,77.220988
activity,28.633951,77.2208129
activity,28.6332604,77.2060741
activity,28.6452103,77.1954815
activity,28.6319792,77.2162925
activity,28.6317946,77.2163312
activity,28.6319193,77.2163005
activity,28.6315814,77.2162712
activity,28.6315312,77.2161571
activity,28.6316678,77.216355
activity,28.6317223,77.216345
activity,28.6324451,77.2194261
activity,28.6326387,77.2191818
activity,28.632593,77.2193506
activity,28.6325173,77.2193174
activity,28.6327056,77.2191535
activity,28.6325862,77.2197653
activity,28.6325555,77.2193363
activity,28.6343509,77.2211207
activity,28.6341039,77.2210685
activity,28.634188,77.2208283
activity,28.5613924,77.1933012
activity,28.5619887,77.1933106
activity,28.5619592,77.1929631
activity,28.632997,77.2190193
activity,28.5626421,77.1193546
activity,28.5624984,77.1195719
activity,28.5627128,77.1198937
activity,28.6109435,77.2194122
activity,28.6349668,77.2220253
activity,28.6493555,77.1913561
activity,28.6410098,77.2104547
activity,28.6449226,77.1930875
activity,28.6448879,77.1930892
activity,28.6445453,77.1904718
activity,28.6303945,77.2200943
activity,28.5653707,77.1204899
activity,28.6302373,77.2218751
activity,28.6306564,77.221806
activity,28.6459236,77.215431
activity,28.645817,77.2154412
activity,28.6441476,77.1712831
activity,28.6344427,77.2200529
activity,28.6344643,77.2200509
activity,28.6344851,77.2200638
activity,28.6336824,77.2169663
activity,28.6349355,77.2189047
activity,28.6346813,77.2183109
activity,28.6342911,77.2200792
activity,28.6346218,77.2207011
activity,28.6329073,77.216686
activity,28.6342329,77.220337
activity,28.6327271,77.2166139
activity,28.6332625,77.2166944
activity,28.6327615,77.2166213
activity,28.6336983,77.2169799
activity,28.6342189,77.2203427
activity,28.6336456,77.2164769
activity,28.6342741,77.220195
activity,28.6342961,77.2200358
activity,28.6341414,77.2204309
activity,28.6343303,77.2199968
activity,28.6346627,77.2200797
activity,28.6347063,77.2204339
activity,28.6345999,77.220697
activity,28.6346722,77.2195262
activity,28.6307063,77.2156133
activity,28.6306986,77.2155958
activity,28.6329458,77.2191295
activity,28.5843006,77.1912731
activity,28.5842699,77.191336
activity,28.5650318,77.122799
activity,28.5684393,77.2196773
activity,28.6324882,77.2161512
activity,28.596814,77.1231866
activity,28.645968,77.196814
activity,28.6419078,77.2148961
activity,28.6293504,77.2197595
activity,28.6289157,77.2197583
activity,28.6295679,77.2197864
activity,28.6293968,77.2197666
activity,28.6294342,77.2197643
activity,28.6291592,77.2197557
activity,28.629231,77.2197596
activity,28.6284596,77.2197378
activity,28.6285523,77.219738
activity,28.6286352,77.2197381
activity,28.628336,77.2197363
activity,28.6328906,77.2227228
activity,28.6328514,77.2227151
activity,28.6327881,77.222718
activity,28.6327463,77.2227131
activity,28.6326996,77.2227547
activity,28.6444389,77.2004624
activity,28.6391042,77.2084744
activity,28.6391707,77.2083739
activity,28.6391886,77.2083409
activity,28.639123,77.2084365
activity,28.6390886,77.2085054
activity,28.6391433,77.208405
activity,28.639207,77.2083127
activity,28.6392221,77.208287
activity,28.6205538,77.2056779
activity,28.6481675,77.2002112
activity,28.6482157,77.2001362
activity,28.6482341,77.2001091
activity,28.6481858,77.2001834
activity,28.5968437,77.1233477
activity,28.593915,77.1217542
activity,28.5884383,77.1687482
activity,28.5886052,77.1690217
activity,28.5883016,77.1685409
activity,28.5885752,77.1689355
activity,28.588688,77.1691745
activity,28.588414,77.1686436
activity,28.5884323,77.1686362
activity,28.5886031,77.1689683
activity,28.5887593,77.169349
activity,28.5886555,77.1691254
activity,28.5885488,77.1690232
activity,28.5885253,77.168905
activity,28.588561,77.168842
activity,28.5885827,77.1690539
activity,28.5885965,77.1689778
activity,28.5884966,77.1688106
activity,28.5884801,77.1687631
activity,28.5884365,77.1686906
activity,28.5881876,77.1682611
activity,28.5880123,77.168253
activity,28.5879768,77.1688142
activity,28.587754,77.1673336
activity,28.5880317,77.1687171
activity,28.5879137,77.1688725
activity,28.5877126,77.1672986
activity,28.5879326,77.1676506
activity,28.5878444,77.1675983
activity,28.5879227,77.1676561
activity,28.5878311,77.1675464
activity,28.5874347,77.1705337
activity,28.5878063,77.1689217
activity,28.5879916,77.1679706
activity,28.5879735,77.1682865
activity,28.5880583,77.1678622
activity,28.5877303,77.1672874
activity,28.5876755,77.1672039
activity,28.5876445,77.1671767
activity,28.5881049,77.1683271
activity,28.5876693,77.1686234
activity,28.588064,77.1679012
activity,28.5880647,77.1679162
activity,28.5880537,77.1679015
activity,28.587924,77.1688421
activity,28.5880206,77.1683806
activity,28.5880774,77.168354
activity,28.5880853,77.1683903
activity,28.5877471,77.1689051
activity,28.5877213,77.1688602
activity,28.5878707,77.168874
activity,28.5876277,77.1686816
activity,28.5877645,77.1689179
activity,28.5878984,77.1684629
activity,28.5879312,77.1684346
activity,28.5879809,77.1684121
activity,28.5877898,77.1684033
activity,28.5878589,77.1684884
activity,28.5880173,77.1679014
activity,28.587692,77.1684552
activity,28.5878191,77.1683809
activity,28.587654,77.1684893
activity,28.5881502,77.1681711
activity,28.5880515,77.1682334
activity,28.5879022,77.1683298
activity,28.5880081,77.1677761
activity,28.5879971,77.1677583
activity,28.5877527,77.1684203
activity,28.5879356,77.1683088
activity,28.5882442,77.168369
activity,28.5882233,77.1683218
activity,28.5875879,77.168541
activity,28.5875478,77.1686825
activity,28.5876174,77.1685152
activity,28.5875721,77.1685498
activity,28.5876182,77.1686639
activity,28.5962071,77.118198
activity,28.595221,77.1214013
activity,28.6333581,77.2226201
activity,28.5871483,77.1690196
activity,28.5870939,77.1689741
activity,28.5871291,77.1689841
activity,28.586802,77.1691626
activity,28.5869982,77.1690426
activity,28.5867844,77.1691735
activity,28.5872511,77.1692453
activity,28.5872224,77.1691909
activity,28.587269,77.1692774
activity,28.5872056,77.1691571
activity,28.5872812,77.1694172
activity,28.587378,77.1693478
activity,28.5873167,77.1693922
activity,28.5873578,77.1693659
activity,28.5875951,77.169551
activity,28.5876554,77.1696751
activity,28.5874989,77.1692749
activity,28.5875798,77.1692228
activity,28.5875455,77.169244
activity,28.5875623,77.1692336
activity,28.5875273,77.1692621
activity,28.5874702,77.1693
activity,28.5875537,77.1686987
activity,28.5876245,77.168865
activity,28.5876558,77.1689393
activity,28.5876392,77.1689042
activity,28.5875782,77.1687615
activity,28.5876042,77.1688291
activity,28.5875911,77.1687954
activity,28.5875653,77.1687263
activity,28.5877246,77.1691313
activity,28.5876984,77.1691505
activity,28.5876419,77.1691867
activity,28.5878729,77.169021
activity,28.5878274,77.1690537
activity,28.5878558,77.1690366
activity,28.5875599,77.1689549
activity,28.5874673,77.1690732
activity,28.5875103,77.1690414
activity,28.5874926,77.1690563
activity,28.5875719,77.1689867
activity,28.5875348,77.1690259
activity,28.5870775,77.1703094
activity,28.58721,77.1705383
activity,28.5870102,77.1704721
activity,28.587092,77.1706094
activity,28.5871285,77.1705926
activity,28.5871793,77.1705518
activity,28.6326523,77.2219806
activity,28.6447679,77.1996915
activity,28.6471618,77.202618
activity,28.6455843,77.209833
activity,28.6459492,77.209867
activity,28.5931502,77.1646034
activity,28.5931893,77.1645815
activity,28.5931062,77.1646281
activity,28.5966428,77.1231144
activity,28.5963766,77.122971
activity,28.5964012,77.1229815
activity,28.5964948,77.1230293
activity,28.5968685,77.1232196
activity,28.5965582,77.1230673
activity,28.5966628,77.1231237
activity,28.5966088,77.1230909
activity,28.5967664,77.1231714
activity,28.5964596,77.1230067
activity,28.5963388,77.1229528
activity,28.596267,77.1229309
activity,28.5964177,77.1229879
activity,28.5961583,77.1227909
activity,28.5968956,77.1231858
activity,28.5957593,77.1226782
activity,28.5958803,77.12274
activity,28.5958616,77.1227312
activity,28.5956368,77.1225558
activity,28.5953395,77.1223902
activity,28.5953666,77.1224045
activity,28.5956169,77.1225445
activity,28.5956745,77.122579
activity,28.5955703,77.1225221
activity,28.5952656,77.1223571
activity,28.59559,77.1225411
activity,28.5955445,77.1225094
activity,28.5955176,77.1225003
activity,28.5953981,77.1224262
activity,28.5953025,77.1223728
activity,28.5952196,77.1222356
activity,28.595103,77.1223031
activity,28.5950521,77.1222733
activity,28.5951499,77.1223293
activity,28.5951917,77.1222221
activity,28.5952752,77.1223167
activity,28.595083,77.1222523
activity,28.5950744,77.1222868
activity,28.5949516,77.1223016
activity,28.5949892,77.1223093
activity,28.5916589,77.1204725
activity,28.6290813,77.2249334
activity,28.6291263,77.2249525
activity,28.6289469,77.2247506
activity,28.6289688,77.2247681
activity,28.5651187,77.2227111
activity,28.5683647,77.2175505
activity,28.5975774,77.1406171
activity,28.5947768,77.1226176
activity,28.5948052,77.1226288
activity,28.594839,77.1226445
activity,28.5948793,77.122664
activity,28.5951945,77.1228116
activity,28.5949192,77.1226851
activity,28.5951425,77.1227836
activity,28.5949596,77.1226989
activity,28.5950959,77.1227637
activity,28.5952739,77.1228528
activity,28.5950744,77.1227496
activity,28.5952331,77.122833
activity,28.5953046,77.1228665
activity,28.5950146,77.1227239
activity,28.5951164,77.1227767
activity,28.5949487,77.122692
activity,28.5954683,77.1229549
activity,28.5956457,77.1230538
activity,28.5956188,77.1230351
activity,28.5954113,77.1229245
activity,28.5957076,77.1230774
activity,28.5954942,77.1229655
activity,28.5958137,77.1231347
activity,28.5955695,77.1230075
activity,28.5957577,77.1231054
activity,28.5953814,77.1229099
activity,28.5955944,77.1230213
activity,28.595787,77.1231212
activity,28.5955168,77.1229782
activity,28.5957338,77.123096
activity,28.5956769,77.1230696
activity,28.5942695,77.1219127
activity,28.5947706,77.1221886
activity,28.5946508,77.1221143
activity,28.5944206,77.1219984
activity,28.5947551,77.1221617
activity,28.5941176,77.1218306
activity,28.5943383,77.1219474
activity,28.5944322,77.1220045
activity,28.5940336,77.1217315
activity,28.5941036,77.1218236
activity,28.5947126,77.1221507
activity,28.5942105,77.1218785
activity,28.59468,77.1221343
activity,28.5945574,77.1220656
activity,28.5945242,77.1220518
activity,28.594486,77.1220303
activity,28.594147,77.1218417
activity,28.5943706,77.1219673
activity,28.5945937,77.122081
activity,28.5940504,77.1216872
activity,28.5947849,77.122196
activity,28.5943222,77.1219398
activity,28.5944997,77.1220381
activity,28.5940482,77.1218031
activity,28.5940369,77.1217966
activity,28.5940737,77.1218132
activity,28.5942419,77.1218964
activity,28.5944048,77.1219901
activity,28.5942992,77.1219319
activity,28.5940196,77.1217876
activity,28.5940238,77.1217593
activity,28.5944082,77.1219782
activity,28.5943567,77.1219595
activity,28.5941816,77.1218563
activity,28.5936323,77.1213519
activity,28.5936288,77.1213725
activity,28.593588,77.1214786
activity,28.5944811,77.1224466
activity,28.5944464,77.1224295
activity,28.5945731,77.1224913
activity,28.5940587,77.1222457
activity,28.5943415,77.12238
activity,28.5942231,77.1223237
activity,28.5941924,77.1223064
activity,28.5944675,77.1224413
activity,28.5939315,77.1221839
activity,28.5939024,77.1221642
activity,28.5938308,77.1221335
activity,28.5940993,77.1222628
activity,28.5943674,77.1223921
activity,28.5941254,77.1222795
activity,28.5939624,77.122198
activity,28.5937938,77.1221114
activity,28.5946883,77.122553
activity,28.5944147,77.1224193
activity,28.5942765,77.1223481
activity,28.5941602,77.1222926
activity,28.5945061,77.1224625
activity,28.5945428,77.1224797
activity,28.5945872,77.1224985
activity,28.594304,77.122362
activity,28.5946125,77.1225123
activity,28.5943258,77.1223726
activity,28.5942523,77.1223383
activity,28.5938676,77.1221472
activity,28.593996,77.1222107
activity,28.594027,77.1222256
activity,28.5903476,77.1577011
activity,28.5800759,77.144777
activity,28.527212,77.152135
activity,28.5420264,77.1292668
activity,28.5311839,77.1467956
activity,28.5464081,77.1241563
activity,28.5944407,77.1217797
activity,28.5934787,77.1219529
activity,28.5932581,77.1218534
activity,28.5935037,77.1219668
activity,28.5933173,77.1218779
activity,28.5933432,77.1218861
activity,28.593621,77.1220254
activity,28.5936853,77.1220689
activity,28.5935634,77.1219944
activity,28.5932009,77.1218253
activity,28.5936536,77.122037
activity,28.5931677,77.1219187
activity,28.5935922,77.1220031
activity,28.5933921,77.1219127
activity,28.5932877,77.1218686
activity,28.5936964,77.1220736
activity,28.5937169,77.1220661
activity,28.5937304,77.1220995
activity,28.5934204,77.1219277
activity,28.5931901,77.1218553
activity,28.5935345,77.1219799
activity,28.5936905,77.1220559
activity,28.5937602,77.1220963
activity,28.59345,77.1219409
activity,28.5931451,77.1219661
activity,28.5932278,77.121837
activity,28.5933705,77.1219015
activity,28.5967578,77.1348697
activity,28.5967556,77.1348291
activity,28.5967624,77.1348891
activity,28.5937396,77.1218026
activity,28.5963965,77.1344366
activity,28.5964037,77.1346742
activity,28.5964033,77.1343281
activity,28.5964065,77.134531
activity,28.5964062,77.1347801
activity,28.5964069,77.1345598
activity,28.5963979,77.1344892
activity,28.5964076,77.1345909
activity,28.5964029,77.1343768
activity,28.5964055,77.1347238
activity,28.5924611,77.1209618
activity,28.5925109,77.1209927
activity,28.5924887,77.1209807
activity,28.5964042,77.134205
activity,28.5964167,77.1335036
activity,28.5964061,77.1339879
activity,28.5964048,77.1341737
activity,28.5964038,77.1341407
activity,28.5964103,77.1333603
activity,28.5964079,77.1340976
activity,28.5964124,77.1339359
activity,28.5964121,77.1333918
activity,28.5964162,77.1335586
activity,28.5964676,77.133273
activity,28.5964111,77.1332867
activity,28.5964101,77.1332216
activity,28.5963968,77.1339873
activity,28.5964119,77.1333074
activity,28.5964102,77.1332504
activity,28.5964067,77.1332379
activity,28.5964158,77.1335389
activity,28.596413,77.1336559
activity,28.5964127,77.1337076
activity,28.5964139,77.1334181
activity,28.5964083,77.1334457
activity,28.5964089,77.133796
activity,28.5964019,77.1342804
activity,28.5964103,77.1338465
activity,28.5964135,77.1338863
activity,28.5964109,77.1333346
activity,28.5964107,77.1332706
activity,28.5446409,77.1916272
activity,28.596411,77.1330237
activity,28.59641,77.1330076
activity,28.5964094,77.1330668
activity,28.5963568,77.1329885
activity,28.5964094,77.13299
activity,28.5963351,77.1329045
activity,28.5964083,77.13315
activity,28.5964095,77.1331955
activity,28.5964095,77.1331064
activity,28.5933703,77.1207741
activity,28.5932932,77.1209566
activity,28.5934126,77.1206843
activity,28.593432,77.1206333
activity,28.5932854,77.1209754
activity,28.5933043,77.1209358
activity,28.5933517,77.1208285
activity,28.5971035,77.1226796
activity,28.5940908,77.1253327
activity,28.55072,77.1217364
activity,28.5930095,77.1204295
activity,28.5969199,77.1326067
activity,28.5968992,77.1326439
activity,28.5969043,77.1325547
activity,28.5969055,77.132516
activity,28.5969811,77.1324016
activity,28.5968954,77.1324018
activity,28.597035,77.1323933
activity,28.5970075,77.1323985
activity,28.5970704,77.1323708
activity,28.596917,77.132405
activity,28.5971051,77.1323649
activity,28.5969934,77.1324005
activity,28.5970884,77.1323679
activity,28.598638,77.1240729
activity,28.5961021,77.123197
activity,28.5271896,77.2209781
activity,28.5940509,77.1213397
activity,28.5940429,77.1213677
activity,28.5940618,77.1213065
activity,28.5940732,77.1212813
activity,28.5936771,77.1216018
activity,28.5939608,77.1216391
activity,28.5938353,77.1217151
activity,28.5939871,77.1215801
activity,28.5939741,77.1216084
activity,28.5936458,77.1215906
activity,28.5939499,77.1216706
activity,28.5938584,77.1217289
activity,28.5939385,77.1216956
activity,28.5939957,77.1215506
activity,28.5938812,77.1217373
activity,28.593926,77.1217247
activity,28.5936908,77.1216084
activity,28.5950328,77.1212422
activity,28.5950642,77.121245
activity,28.595031,77.1212262
activity,28.5950781,77.1212501
activity,28.6445908,77.2002238
activity,28.6445524,77.2002719
activity,28.644485,77.2005805
activity,28.6446359,77.2006326
activity,28.5918086,77.1205551
activity,28.5932512,77.1214159
activity,28.593445,77.1210987
activity,28.5935307,77.1208712
activity,28.5934903,77.1209791
activity,28.5935199,77.120903
activity,28.5934817,77.1210007
activity,28.5935867,77.1209801
activity,28.5924873,77.1204428
activity,28.5925452,77.1203063
activity,28.59256,77.1202584
activity,28.5925277,77.1203403
activity,28.5924139,77.1206264
activity,28.5924986,77.120409
activity,28.592461,77.120515
activity,28.645047,77.2012362
activity,28.6447196,77.2011773
activity,28.6449849,77.2011834
activity,28.645281,77.2016433
activity,28.6452465,77.2014195
activity,28.5951267,77.1224889
activity,28.5948898,77.1211336
activity,28.5949475,77.1211651
activity,28.6308898,77.2217682
activity,28.6276056,77.2218199
activity,28.5918524,77.1205793
activity,28.5919426,77.120629
activity,28.6439521,77.2013826
activity,28.644673,77.2017784
activity,28.6440102,77.2012615
activity,28.6442838,77.2016844
activity,28.6440611,77.2014836
activity,28.6447031,77.2020168
activity,28.64426,77.2014351
activity,28.6443166,77.2017163
activity,28.6443225,77.2017219
activity,28.5926796,77.1204205
activity,28.5934138,77.1212547
activity,28.5933619,77.1214302
activity,28.593399,77.1212934
activity,28.5934111,77.1214554
activity,28.5933867,77.1213325
activity,28.5920139,77.1206684
activity,28.5920341,77.1206795
activity,28.525426,77.1524634
activity,28.6330025,77.2226872
activity,28.6329669,77.2226585
activity,28.6329741,77.2226609
activity,28.6330344,77.2226693
activity,28.5855215,77.1813791
activity,28.5967602,77.1331002
activity,28.5967806,77.1331612
activity,28.596897,77.1329712
activity,28.5968985,77.1327783
activity,28.5969013,77.1327007
activity,28.5968992,77.1329205
activity,28.5968976,77.1329877
activity,28.5968974,77.1330075
activity,28.5801992,77.2028679
activity,28.6013333,77.1881167
activity,28.5280402,77.2198475
activity,28.5282075,77.2197949
activity,28.612988,77.1093453
activity,28.6129186,77.1094583
activity,28.6127713,77.1097018
activity,28.6130173,77.1092999
activity,28.612759,77.1097216
activity,28.6128307,77.1096121
activity,28.6129583,77.1093945
activity,28.6130664,77.1092334
activity,28.6127845,77.1096799
activity,28.6127438,77.1097584
activity,28.6130452,77.1092639
activity,28.6128735,77.1095408
activity,28.5967487,77.1343736
activity,28.5284228,77.2059032
activity,28.6429981,77.2221821
activity,28.6427247,77.221722
activity,28.6427769,77.2217144
activity,28.6426658,77.2217267
activity,28.6429539,77.2216824
activity,28.5574385,77.2049395
activity,28.5679338,77.224095
activity,28.5681797,77.2209954
activity,28.5682637,77.2210065
activity,28.5679901,77.2239295
activity,28.5682746,77.2210093
activity,28.5683466,77.2210739
activity,28.5763116,77.1950031
activity,28.5762434,77.1950448
activity,28.5763666,77.1950029
activity,28.5761899,77.1950463
activity,28.5764429,77.1950404
activity,28.5763677,77.1950447
activity,28.5764424,77.195001
activity,28.5761092,77.1950425
activity,28.5757772,77.1977187
activity,28.5776885,77.1947802
activity,28.5776875,77.1948663
activity,28.573067,77.1938281
activity,28.6382804,77.2106414
activity,28.6411383,77.2138712
activity,28.638959,77.2126164
activity,28.5682334,77.2215351
activity,28.5682199,77.2216622
activity,28.5682345,77.2215022
activity,28.5681917,77.2225696
activity,28.5681863,77.2227503
activity,28.5682188,77.2216909
activity,28.5682327,77.2214312
activity,28.5762743,77.195779
activity,28.5766869,77.1960324
activity,28.5778276,77.1958836
activity,28.5771215,77.1960344
activity,28.5769792,77.1960334
activity,28.577829,77.1961368
activity,28.5775579,77.1955195
activity,28.5775624,77.1958047
activity,28.5772278,77.19603
activity,28.5775539,77.1954754
activity,28.5762742,77.1957386
activity,28.5771932,77.1960331
activity,28.577258,77.1960318
activity,28.5768978,77.1960338
activity,28.5764928,77.1960439
activity,28.5767525,77.1960366
activity,28.57613,77.1954166
activity,28.5778339,77.1960539
activity,28.5770107,77.1960338
activity,28.5775449,77.1960086
activity,28.5767878,77.1960374
activity,28.5762726,77.195609
activity,28.5771605,77.1960352
activity,28.5768282,77.1960404
activity,28.57609,77.1954189
activity,28.5761749,77.1954138
activity,28.5770854,77.1960358
activity,28.5775124,77.1960225
activity,28.5762583,77.1954119
activity,28.5772713,77.1960318
activity,28.5760497,77.1954208
activity,28.5773023,77.1960307
activity,28.5775657,77.1958858
activity,28.5775577,77.1956395
activity,28.5768633,77.1960361
activity,28.5774783,77.1960236
activity,28.5762771,77.1956982
activity,28.5773368,77.1960276
activity,28.5765676,77.1960393
activity,28.5767157,77.1960371
activity,28.5759505,77.195422
activity,28.5775602,77.1959698
activity,28.5762763,77.1959081
activity,28.5766701,77.1960333
activity,28.5778278,77.1959231
activity,28.5775621,77.1959245
activity,28.5775607,77.1957627
activity,28.5775556,77.1956807
activity,28.5762757,77.1958224
activity,28.577554,77.1955605
activity,28.5762195,77.1954131
activity,28.5766032,77.1960373
activity,28.5778264,77.1961722
activity,28.577825,77.1958391
activity,28.5775637,77.1958447
activity,28.5762753,77.1955689
activity,28.6462335,77.1902999
activity,28.6470925,77.189738
activity,28.6472073,77.1898204
activity,28.6469749,77.1896671
activity,28.6469323,77.1896348
activity,28.6468862,77.1896061
activity,28.644963,77.1897926
activity,28.6378452,77.2113764
activity,28.6377937,77.2114515
activity,28.637783,77.2114696
activity,28.6337258,77.2085135
activity,28.6338474,77.2086044
activity,28.6336558,77.2084646
activity,28.6468345,77.1897894
activity,28.6468001,77.1897672
activity,28.6468699,77.1898141
activity,28.6344804,77.2175301
activity,28.6344996,77.2175963
activity,28.6381335,77.210921
activity,28.638115,77.2109503
activity,28.6379766,77.2111574
activity,28.63814,77.2109771
activity,28.5953655,77.1210112
activity,28.5952128,77.121431
activity,28.5952415,77.1213464
activity,28.5953216,77.121096
activity,28.5953063,77.121133
activity,28.595236,77.1213629
activity,28.593165,77.1212562
activity,28.5937042,77.1198528
activity,28.5930983,77.1212253
activity,28.5931249,77.1212431
activity,28.5930671,77.1212078
activity,28.5937557,77.1198867
activity,28.6339108,77.2215847
activity,28.6338797,77.2215478
activity,28.5551069,77.194252
activity,28.5535532,77.1946991
activity,28.5535601,77.1945837
activity,28.5534276,77.1945551
activity,28.5534719,77.1945109
activity,28.5535025,77.1944821
activity,28.5535416,77.1944536
activity,28.5535962,77.1942107
activity,28.5536162,77.1943009
activity,28.5536263,77.194255
activity,28.5539506,77.1943928
activity,28.5539826,77.1943984
activity,28.5539276,77.1944511
activity,28.5535107,77.1941712
activity,28.5539263,77.1943847
activity,28.5551119,77.1947977
activity,28.5546952,77.1951023
activity,28.5547745,77.1951329
activity,28.5549056,77.1951137
activity,28.5549453,77.1949852
activity,28.5550765,77.1949814
activity,28.555097,77.1949276
activity,28.5551516,77.1947896
activity,28.5551369,77.1947401
activity,28.5551099,77.1947808
activity,28.5551202,77.1947602
activity,28.5551595,77.1947553
activity,28.5551764,77.194682
activity,28.555127,77.1946865
activity,28.5551277,77.1945981
activity,28.5550828,77.1946606
activity,28.5551321,77.1945273
activity,28.555071,77.1942386
activity,28.5550275,77.1942238
activity,28.5549842,77.1942106
activity,28.5548412,77.1941455
activity,28.5548133,77.1941392
activity,28.5547962,77.1941309
activity,28.554664,77.194086
activity,28.5550596,77.1945272
activity,28.5550729,77.1944903
activity,28.5550317,77.1945168
activity,28.5550415,77.1944734
activity,28.5549861,77.1944466
activity,28.5549557,77.194436
activity,28.5549529,77.1944881
activity,28.5549308,77.1944809
activity,28.5549232,77.1944275
activity,28.554898,77.1944699
activity,28.55488,77.1944159
activity,28.5548172,77.1944059
activity,28.5548478,77.1944594
activity,28.5547569,77.194388
activity,28.5547693,77.1943269
activity,28.5547879,77.1942767
activity,28.5547506,77.1944826
activity,28.5547096,77.1945021
activity,28.5546777,77.1945075
activity,28.5546883,77.1944693
activity,28.5546894,77.194435
activity,28.5546717,77.1944402
activity,28.5546492,77.1944971
activity,28.5546384,77.1944341
activity,28.5535078,77.1948129
activity,28.5545914,77.1944217
activity,28.5545675,77.1944123
activity,28.5545453,77.1944047
activity,28.5545294,77.1944009
activity,28.5545073,77.1943949
activity,28.5543526,77.1943474
activity,28.5543105,77.1944713
activity,28.5542577,77.1945414
activity,28.5542408,77.1945227
activity,28.5542221,77.1945012
activity,28.5542042,77.1944857
activity,28.5541452,77.1944545
activity,28.5541648,77.1944646
activity,28.5541246,77.1944502
activity,28.5541066,77.1944438
activity,28.5540821,77.1944365
activity,28.5540672,77.1944269
activity,28.5540498,77.1944203
activity,28.5546186,77.1944285
activity,28.5592951,77.1968974
activity,28.5592,77.1969003
activity,28.5590118,77.196884
activity,28.5547757,77.1958442
activity,28.5546848,77.1950579
activity,28.554649,77.194961
activity,28.5546206,77.194911
activity,28.5546557,77.1949331
activity,28.554596,77.1948738
activity,28.554533,77.1947655
activity,28.5545005,77.194708
activity,28.5542906,77.1946481
activity,28.5542612,77.1944051
activity,28.5542317,77.1943899
activity,28.5542073,77.1943845
activity,28.5541901,77.1943781
activity,28.5541715,77.1943686
activity,28.5541547,77.1943654
activity,28.5541386,77.1943602
activity,28.5541148,77.1943591
activity,28.5530314,77.1946809
activity,28.5528731,77.1945674
activity,28.5541238,77.1945297
activity,28.5846934,77.2234556
activity,28.6325936,77.2167018
activity,28.6325537,77.216701
activity,28.6324968,77.2167179
activity,28.6324472,77.2167369
activity,28.5433866,77.204671
activity,28.5433945,77.2046074
activity,28.5434113,77.2047078
activity,28.5434472,77.2045144
activity,28.5772735,77.1609638
activity,28.6323134,77.2213653
activity,28.6331569,77.2214031
activity,28.6330035,77.2214074
activity,28.6327701,77.2221893
activity,28.6329143,77.2221806
activity,28.6322409,77.2213176
activity,28.6270582,77.1216446
activity,28.5596289,77.2113646
activity,28.6474998,77.1923348
activity,28.6476251,77.1921758
activity,28.6475785,77.1921406
activity,28.6474925,77.1919734
activity,28.6475289,77.1921044
activity,28.647544,77.1918739
activity,28.6458277,77.1920817
activity,28.6466793,77.1926872
activity,28.6459245,77.1884524
activity,28.6464718,77.1893581
activity,28.6465222,77.1893901
activity,28.6457515,77.1888381
activity,28.6464378,77.1893231
activity,28.6464997,77.1893723
activity,28.6457781,77.1888637
activity,28.6459236,77.1887151
activity,28.6465681,77.1894296
activity,28.6467726,77.1878823
activity,28.6468514,77.1870474
activity,28.6468405,77.1871103
activity,28.6466636,77.1874817
activity,28.6464843,77.1878361
activity,28.6464407,77.1879161
activity,28.646402,77.1879926
activity,28.6467571,77.1870261
activity,28.6466979,77.1870307
activity,28.6466243,77.187029
activity,28.6463958,77.1878568
activity,28.6463281,77.1879797
activity,28.6464456,77.1893763
activity,28.6466265,77.1892434
activity,28.6466899,77.1878267
activity,28.6470984,77.1881586
activity,28.6471237,77.1882014
activity,28.6465675,77.1877558
activity,28.6466072,77.187781
activity,28.6467295,77.1878534
activity,28.6459028,77.1888775
activity,28.6460952,77.1884542
activity,28.6465926,77.1877707
activity,28.6468181,77.1879239
activity,28.6470245,77.1880562
activity,28.6466459,77.1878111
activity,28.6468506,77.1879367
activity,28.6465951,77.1879214
activity,28.646624,77.1879263
activity,28.6466614,77.1879436
activity,28.6467001,77.187955
activity,28.6467606,77.1879677
activity,28.6467732,77.1879984
activity,28.6469033,77.1881498
activity,28.6470524,77.1882194
activity,28.6470651,77.1882257
activity,28.6471245,77.1882458
activity,28.6477265,77.1886372
activity,28.6477708,77.1886781
activity,28.6481816,77.1889939
activity,28.6482291,77.189026
activity,28.6474514,77.188328
activity,28.6469386,77.1879658
activity,28.6470426,77.1881214
activity,28.6478782,77.1886384
activity,28.6476295,77.1884432
activity,28.6479943,77.1887169
activity,28.6479493,77.1886792
activity,28.6480855,77.1888006
activity,28.6481303,77.188841
activity,28.6480158,77.1887282
activity,28.6481003,77.1888169
activity,28.6467302,77.1894883
activity,28.6456876,77.1889919
activity,28.6468727,77.1892137
activity,28.6455959,77.188926
activity,28.6472919,77.1884571
activity,28.6455485,77.1888962
activity,28.64592,77.1891814
activity,28.6456462,77.1889658
activity,28.647205,77.18865
activity,28.6472798,77.1884844
activity,28.6457535,77.189037
activity,28.6468187,77.1893242
activity,28.6467989,77.1893561
activity,28.6471906,77.1886803
activity,28.6468593,77.1892382
activity,28.6457142,77.1890102
activity,28.6472871,77.1885232
activity,28.6455601,77.1889027
activity,28.6468485,77.1892602
activity,28.6472605,77.1885558
activity,28.6455119,77.1888695
activity,28.6459519,77.1891978
activity,28.6456689,77.1889797
activity,28.5895332,77.1690955
activity,28.626321,77.2072825
activity,28.6261478,77.2068169
activity,28.6264316,77.2122984
activity,28.6259209,77.2112242
activity,28.6226251,77.2028415
activity,28.5636936,77.1209436
activity,28.6188178,77.178503
activity,28.5823071,77.1200953
activity,28.6072273,77.1399057
activity,28.5915129,77.17549
activity,28.5253985,77.1862675
activity,28.5255372,77.1862553
activity,28.647351,77.1918284
activity,28.6493692,77.1938736
activity,28.6493408,77.1938637
activity,28.6493851,77.1938823
activity,28.5494043,77.2083608
activity,28.5847063,77.2235811
activity,28.6407587,77.213593
activity,28.6307181,77.2204376
activity,28.5394756,77.2132042
activity,28.537138,77.2123808
activity,28.5373393,77.210241
activity,28.5371929,77.2124497
activity,28.5373645,77.2102571
activity,28.5371661,77.2124118
activity,28.5382064,77.2087881
activity,28.5659208,77.1894233
activity,28.5531423,77.2047532
activity,28.5433724,77.2039732
activity,28.5436117,77.202317
activity,28.5769098,77.2133176
activity,28.6071761,77.1314129
activity,28.6237581,77.2037235
activity,28.6235066,77.211871
activity,28.633381,77.2194406
activity,28.6324669,77.2192923
activity,28.6326379,77.2193865
activity,28.6312912,77.2200864
activity,28.6312952,77.2201703
activity,28.6312868,77.2200213
activity,28.6312789,77.2199626
activity,28.6313419,77.2202702
activity,28.5647705,77.186326
activity,28.5642981,77.188007
activity,28.6477596,77.2249436
activity,28.6476624,77.2249746
activity,28.6488355,77.1978773
activity,28.5580215,77.2074057
activity,28.5580139,77.207372
activity,28.5580087,77.2074334
activity,28.5580286,77.207329
activity,28.5580333,77.2073015
activity,28.5580451,77.2072643
activity,28.5579851,77.2072552
activity,28.558072,77.2083798
activity,28.5579454,77.207248
activity,28.5949259,77.1222859
activity,28.5957033,77.122592
activity,28.5957369,77.1222284
activity,28.5954838,77.1224794
activity,28.5949878,77.1652418
activity,28.5483282,77.1669196
activity,28.540363,77.1685561
activity,28.6485793,77.143502
activity,28.6457735,77.2159424
activity,28.6498358,77.1910731
activity,28.5426369,77.2002862
activity,28.5375036,77.1928788
activity,28.6002822,77.2056608
activity,28.5548397,77.2182514
activity,28.591437,77.1664962
activity,28.5906068,77.1670812
activity,28.5905185,77.1669203
activity,28.6475443,77.1201646
activity,28.5491835,77.1837252
activity,28.639392,77.2084666
activity,28.6402059,77.2043407
activity,28.5297847,77.2010712
activity,28.5320163,77.2025384
activity,28.5668786,77.2232512
activity,28.5379713,77.2016415
activity,28.5368476,77.2015199
activity,28.5657441,77.1894655
activity,28.5680044,77.1897212
activity,28.5674952,77.1896633
activity,28.5677255,77.1896892
activity,28.5672339,77.1896035
activity,28.567368,77.189639
activity,28.5681167,77.1897526
activity,28.5681844,77.1897543
activity,28.567851,77.1897103
activity,28.566983,77.1896052
activity,28.5649061,77.1892834
activity,28.6462606,77.1173518
activity,28.6466462,77.1179879
activity,28.6462795,77.1173995
activity,28.597776,77.1320813
activity,28.6334613,77.206242
activity,28.6324913,77.2067022
activity,28.6324933,77.2067303
activity,28.6325006,77.2065113
activity,28.633412,77.206076
activity,28.6324883,77.2066743
activity,28.6334048,77.206228
activity,28.6332864,77.2062025
activity,28.6325167,77.2062667
activity,28.6325221,77.2061957
activity,28.6335536,77.2062167
activity,28.6335502,77.2062593
activity,28.6335443,77.2063025
activity,28.6335408,77.2063429
activity,28.633533,77.2063856
activity,28.6335364,77.2064271
activity,28.633528,77.2064788
activity,28.6326159,77.2062024
activity,28.6326102,77.2063181
activity,28.6326067,77.2063906
activity,28.6326142,77.2062373
activity,28.6326076,77.2063713
activity,28.6326049,77.2064282
activity,28.6326122,77.2062778
activity,28.6326424,77.2066112
activity,28.6326508,77.2065207
activity,28.6326564,77.2064474
activity,28.6326458,77.2066552
activity,28.6326056,77.2067705
activity,28.6334914,77.2062402
activity,28.6326706,77.2062053
activity,28.6326625,77.2063464
activity,28.6332799,77.2062415
activity,28.6326643,77.2062803
activity,28.6326609,77.2064035
activity,28.6332364,77.2082862
activity,28.6332206,77.2073056
activity,28.6332151,77.2061779
activity,28.6326896,77.2072356
activity,28.6334186,77.2071308
activity,28.632819,77.2070805
activity,28.6335356,77.2065442
activity,28.6335515,77.206498
activity,28.6333982,77.206952
activity,28.6328593,77.2086314
activity,28.6331589,77.2086691
activity,28.6330762,77.2086634
activity,28.6333383,77.208659
activity,28.6329257,77.2086364
activity,28.6327401,77.2086242
activity,28.633125,77.2086705
activity,28.6328172,77.2086299
activity,28.632595,77.2086075
activity,28.6330218,77.2084316
activity,28.6325303,77.2079304
activity,28.6325726,77.2086114
activity,28.6325417,77.2086098
activity,28.6332082,77.2083897
activity,28.6325303,77.2086096
activity,28.6326356,77.2072579
activity,28.6334489,77.2071336
activity,28.6331005,77.207108
activity,28.6332542,77.2071538
activity,28.6334571,77.2073231
activity,28.6326238,77.2070333
activity,28.6327301,77.2073057
activity,28.6327329,77.2070534
activity,28.6331886,77.2073052
activity,28.6334305,77.2062362
activity,28.6325292,77.2062302
activity,28.6331812,77.2061737
activity,28.6325042,77.2064566
activity,28.6324936,77.2066109
activity,28.632514,77.2063043
activity,28.6325127,77.2061642
activity,28.6324903,77.2067647
activity,28.6325051,77.2064292
activity,28.6324978,77.2065694
activity,28.632493,77.206594
activity,28.6324877,77.2066318
activity,28.6325074,77.2064737
activity,28.632811,77.207257
activity,28.6332674,77.2073013
activity,28.6328049,77.2072974
activity,28.6328989,77.2072985
activity,28.6329667,77.2072479
activity,28.63331,77.2073634
activity,28.6324107,77.2096025
activity,28.6349905,77.2040339
activity,28.6351463,77.2039828
activity,28.5462946,77.1967626
activity,28.5463792,77.196784
activity,28.5971542,77.1348412
activity,28.6487098,77.1779798
activity,28.6486832,77.1778933
activity,28.6485832,77.1777873
activity,28.6486884,77.1779636
activity,28.6103924,77.1379852
activity,28.5807685,77.2229855
activity,28.619897,77.1368586
activity,28.6016729,77.2243295
activity,28.6442313,77.1452582
activity,28.5793317,77.1828926
activity,28.5789382,77.1831983
activity,28.5793239,77.1874936
activity,28.5788501,77.1833277
activity,28.5801009,77.1880635
activity,28.5790129,77.1830818
activity,28.5802169,77.1880629
activity,28.5789926,77.183119
activity,28.5801861,77.1880644
activity,28.5772969,77.1809496
activity,28.5787994,77.1833864
activity,28.5512592,77.1709353
activity,28.6317787,77.2211047
activity,28.6317484,77.2211454
activity,28.6312805,77.2215169
activity,28.6311219,77.221319
activity,28.631734,77.2209927
activity,28.6315763,77.2207631
activity,28.6318028,77.2210568
activity,28.6314429,77.2205803
activity,28.6316637,77.2208871
activity,28.6317728,77.2210319
activity,28.6314595,77.2205689
activity,28.6316962,77.2209454
activity,28.631407,77.2205042
activity,28.6317502,77.2209446
activity,28.6319331,77.2211028
activity,28.6306943,77.2203656
activity,28.6307787,77.2207013
activity,28.6307586,77.2206195
activity,28.6307669,77.2206409
activity,28.6307529,77.2206002
activity,28.6308652,77.2203632
activity,28.5475148,77.216397
activity,28.6289031,77.2224657
activity,28.6368318,77.2249161
activity,28.564941,77.1857606
activity,28.6242806,77.1401946
activity,28.6170989,77.1405361
activity,28.6256619,77.1391761
activity,28.6207219,77.1362269
activity,28.6209017,77.1396542
activity,28.621396,77.1375455
activity,28.6130201,77.131338
activity,28.5741516,77.1172733
activity,28.5741041,77.1170658
activity,28.5740587,77.1171416
activity,28.5813305,77.1784042
activity,28.6429094,77.1713081
activity,28.5621244,77.2076578
activity,28.562139,77.2076539
activity,28.57877,77.1617993
activity,28.5406422,77.2186909
activity,28.5410435,77.2192909
activity,28.6023239,77.1864616
activity,28.6023688,77.1863791
activity,28.5515124,77.1215206
activity,28.5477617,77.2165258
activity,28.5432567,77.2097708
activity,28.6410473,77.214
activity,28.5884944,77.1687102
activity,28.5440627,77.207132
activity,28.5439726,77.2050778
activity,28.6460767,77.1875244
activity,28.6429879,77.2117488
activity,28.546311,77.2154275
activity,28.5465825,77.2152001
activity,28.5490111,77.2161917
activity,28.5498687,77.2154821
activity,28.5471917,77.2143841
activity,28.5468878,77.2147802
activity,28.5465999,77.2155222
activity,28.5475461,77.2164352
activity,28.5475273,77.2164131
activity,28.5475039,77.2162199
activity,28.5466373,77.2149626
activity,28.5475375,77.216425
activity,28.548725,77.2164571
activity,28.5484011,77.2156627
activity,28.5491371,77.2160128
activity,28.5491145,77.2159769
activity,28.5490335,77.215908
activity,28.5489016,77.2157812
activity,28.5482519,77.2163272
activity,28.5492564,77.2155326
activity,28.54758,77.21596
activity,28.5460135,77.2142134
activity,28.5474113,77.2158197
activity,28.5482666,77.215338
activity,28.5475698,77.2160972
activity,28.5489881,77.2163072
activity,28.5488312,77.2160912
activity,28.5489385,77.2159844
activity,28.5488441,77.2157417
activity,28.5474592,77.2158592
activity,28.5565777,77.2061812
activity,28.5486132,77.2154554
activity,28.5483074,77.2159645
activity,28.5482218,77.2160822
activity,28.546817,77.2149114
activity,28.594099,77.1802814
activity,28.5472919,77.2157183
activity,28.5466624,77.1274254
activity,28.5770558,77.2216979
activity,28.5950905,77.1979808
activity,28.5948908,77.1984828
activity,28.5590088,77.1640353
activity,28.5626375,77.1939015
activity,28.642225,77.2143627
activity,28.6340185,77.21805
activity,28.5571896,77.1641697
activity,28.6422224,77.2182015
activity,28.5517155,77.2039045
activity,28.6416703,77.2175176
activity,28.5514089,77.2046294
activity,28.6341907,77.2177562
activity,28.6312797,77.2198098
activity,28.6342088,77.2177456
activity,28.6323003,77.2219381
activity,28.6344003,77.2182706
activity,28.6312377,77.219808
activity,28.6349064,77.2184207
activity,28.631255,77.2198079
activity,28.6277225,77.2220165
activity,28.635234,77.2184556
activity,28.6277525,77.2219948
activity,28.6303919,77.2198183
activity,28.6469534,77.1597986
activity,28.6468657,77.1594238
activity,28.6315592,77.2162083
activity,28.5538117,77.1946836
activity,28.5542542,77.1942544
activity,28.6337956,77.2223968
activity,28.6353724,77.2202686
activity,28.635255,77.2208232
activity,28.6353,77.2207415
activity,28.6353706,77.2204849
activity,28.6353738,77.2203147
activity,28.6353628,77.219632
activity,28.6328464,77.2227087
activity,28.6236688,77.224047
activity,28.649593,77.1560578
activity,28.5474536,77.1255532
activity,28.6318635,77.222533
activity,28.6329288,77.223194
activity,28.632603,77.2171778
activity,28.6334932,77.2234567
activity,28.6334943,77.2234701
activity,28.6335057,77.2234983
activity,28.6335253,77.2236119
activity,28.6335226,77.2235985
activity,28.6335532,77.2237392
activity,28.6335679,77.2238311
activity,28.6328646,77.2231355
activity,28.6329388,77.2231356
activity,28.6320671,77.2225796
activity,28.6329515,77.2173834
activity,28.6318871,77.222517
activity,28.6320301,77.2225665
activity,28.6330563,77.2231285
activity,28.6329635,77.2233895
activity,28.6329476,77.2232468
activity,28.6336893,77.219023
activity,28.6336248,77.2233697
activity,28.6337651,77.2231494
activity,28.6336733,77.2231622
activity,28.6326908,77.2225729
activity,28.6336134,77.2233046
activity,28.6329268,77.2231044
activity,28.6324961,77.2173963
activity,28.6326649,77.2171294
activity,28.6335707,77.2230459
activity,28.6327999,77.2173775
activity,28.632939,77.2242469
activity,28.6329308,77.2168858
activity,28.6336028,77.223173
activity,28.6338042,77.2235875
activity,28.6338189,77.2235804
activity,28.6338315,77.2235829
activity,28.6339448,77.2235478
activity,28.6339764,77.2235473
activity,28.6340063,77.2235391
activity,28.6340446,77.2235362
activity,28.6340897,77.2235113
activity,28.6341432,77.2235103
activity,28.63415,77.2235415
activity,28.6341529,77.2235665
activity,28.6334264,77.2230987
activity,28.63343,77.2231218
activity,28.6334187,77.2231
activity,28.633438,77.2231536
activity,28.6334456,77.2231898
activity,28.633443,77.2231713
activity,28.6334381,77.2231932
activity,28.6334513,77.2232141
activity,28.6334572,77.2232519
activity,28.6334639,77.2232888
activity,28.6332271,77.217229
activity,28.6330205,77.2171782
activity,28.6335191,77.2235836
activity,28.6333041,77.2247239
activity,28.633323,77.2246838
activity,28.6335007,77.2235008
activity,28.6335142,77.2235476
activity,28.6335369,77.2236727
activity,28.6335312,77.2236354
activity,28.6335243,77.2242187
activity,28.6337083,77.2241398
activity,28.6335058,77.2247017
activity,28.6335378,77.2246446
activity,28.6335672,77.2246146
activity,28.6335854,77.2245489
activity,28.6335998,77.2245197
activity,28.6336632,77.2245218
activity,28.6336431,77.2244797
activity,28.6336801,77.2245632
activity,28.6336951,77.2245346
activity,28.6337152,77.2245111
activity,28.6337033,77.2243333
activity,28.6337064,77.2242412
activity,28.6334989,77.2247346
activity,28.6337999,77.2241569
activity,28.6339804,77.2240998
activity,28.6339986,77.224077
activity,28.6337622,77.2240841
activity,28.634013,77.2240391
activity,28.6338676,77.2240413
activity,28.6337221,77.2240741
activity,28.6337748,77.2238285
activity,28.633766,77.223927
activity,28.6337259,77.2239641
activity,28.6337246,77.2237828
activity,28.6338162,77.2238099
activity,28.6338732,77.2239213
activity,28.6339221,77.223897
activity,28.6339942,77.2238856
activity,28.6341717,77.2238149
activity,28.6339177,77.2237885
activity,28.6338005,77.223922
activity,28.6338333,77.2233872
activity,28.6338577,77.2234123
activity,28.6341284,77.2236211
activity,28.6337583,77.223456
activity,28.6337373,77.2236946
activity,28.6337646,77.223684
activity,28.6337848,77.2236858
activity,28.6337989,77.2236822
activity,28.633715,77.2235991
activity,28.6337338,77.223598
activity,28.6337553,77.2235991
activity,28.6337684,77.2235965
activity,28.6337869,77.2235915
activity,28.6330357,77.2169568
activity,28.6040234,77.1980115
activity,28.6041828,77.1980217
activity,28.6033426,77.1995226
activity,28.6345627,77.218982
activity,28.6342818,77.2190172
activity,28.6342575,77.2190255
activity,28.6305886,77.2143659
activity,28.6212304,77.1110177
activity,28.6175389,77.1115454
activity,28.6230611,77.1104406
activity,28.6172826,77.1111582
activity,28.6229548,77.1105701
activity,28.6241568,77.1110243
activity,28.6227318,77.1104585
activity,28.6174999,77.1114953
activity,28.6225981,77.1105691
activity,28.6171051,77.1109373
activity,28.6238766,77.1110136
activity,28.6336902,77.2169732
activity,28.6458129,77.2160698
activity,28.64567,77.2166863
activity,28.6449068,77.2178432
activity,28.6449927,77.2178382
activity,28.6335284,77.222573
activity,28.5280397,77.2073124
activity,28.6403066,77.128591
activity,28.6176018,77.111892
activity,28.6143707,77.1072337
activity,28.6143684,77.1073574
activity,28.5735819,77.2072324
activity,28.6105726,77.1030791
activity,28.6310651,77.1155973
activity,28.6179805,77.1110048
activity,28.6197695,77.1138165
activity,28.6309089,77.2169884
activity,28.6309429,77.2169602
activity,28.6310194,77.2168714
activity,28.6309886,77.2169136
activity,28.5699766,77.1972612
activity,28.632759,77.216097
activity,28.6334709,77.2180369
activity,28.6336003,77.216541
activity,28.6298677,77.2208292
activity,28.6335007,77.2179714
activity,28.561395,77.1931811
activity,28.5612258,77.1938059
activity,28.5612592,77.1936953
activity,28.561364,77.1936544
activity,28.5628499,77.1916943
activity,28.5613118,77.1935741
activity,28.5612725,77.1932705
activity,28.5613534,77.1937001
activity,28.561334,77.1937503
activity,28.5614329,77.1933415
activity,28.5613042,77.1935966
activity,28.5745308,77.209002
activity,28.5745555,77.2088846
activity,28.5747779,77.209055
activity,28.5747613,77.2090273
activity,28.5744499,77.2089689
activity,28.5744312,77.2087551
activity,28.5578492,77.1641345
activity,28.5739833,77.2099485
activity,28.574061,77.2099042
activity,28.572924,77.2105537
activity,28.573843,77.2098835
activity,28.5740261,77.2099067
activity,28.5739791,77.2099879
activity,28.5738681,77.2099164
activity,28.5737688,77.2098909
activity,28.5744481,77.2086382
activity,28.573656,77.2081094
activity,28.5737653,77.2082815
activity,28.5738998,77.2083567
activity,28.5736454,77.208064
activity,28.5736733,77.2081612
activity,28.5740367,77.2081768
activity,28.5737362,77.2082606
activity,28.5740572,77.2082829
activity,28.5740226,77.2080876
activity,28.5737986,77.2082953
activity,28.5744152,77.208783
activity,28.574114,77.2084878
activity,28.5739451,77.208399
activity,28.5740466,77.2082334
activity,28.5740237,77.2084439
activity,28.5742822,77.208566
activity,28.574068,77.2083292
activity,28.568627,77.2243754
activity,28.5504878,77.1215682
activity,28.569598,77.2109841
activity,28.5700703,77.21307
activity,28.5702744,77.2100367
activity,28.5721685,77.2096231
activity,28.5700741,77.2129916
activity,28.570078,77.2129453
activity,28.5700743,77.2130324
activity,28.5457335,77.16926
activity,28.5614727,77.1553731
activity,28.5615407,77.1554728
activity,28.5485495,77.1668724
activity,28.6314625,77.2187964
activity,28.6333792,77.2195535
activity,28.6326875,77.2196631
activity,28.6447222,77.2190456
activity,28.5732889,77.2070032
activity,28.5733236,77.2069144
activity,28.5734362,77.2069059
activity,28.5731126,77.2058567
activity,28.5730494,77.2064099
activity,28.5730076,77.2087963
activity,28.5729826,77.2060806
activity,28.5729834,77.2064042
activity,28.57296,77.2063561
activity,28.5729442,77.2058359
activity,28.5729636,77.2062814
activity,28.5733531,77.207117
activity,28.5733535,77.2072259
activity,28.5731655,77.2066241
activity,28.5730888,77.2059196
activity,28.5731699,77.2065465
activity,28.5732449,77.2087261
activity,28.5730464,77.2058437
activity,28.573113,77.2064254
activity,28.5735237,77.2067147
activity,28.5729765,77.2062133
activity,28.5733456,77.2065845
activity,28.5733747,77.2067057
activity,28.5734277,77.2068065
activity,28.5734349,77.2070709
activity,28.5735303,77.2065957
activity,28.573436,77.2069913
activity,28.5729907,77.2060315
activity,28.5745119,77.2100189
activity,28.6221354,77.1077437
activity,28.5577613,77.1640644
activity,28.5294354,77.2192969
activity,28.5296128,77.2194312
activity,28.5294957,77.2192727
activity,28.5296317,77.2195041
activity,28.5294247,77.2196204
activity,28.5294444,77.2193331
activity,28.5295005,77.219601
activity,28.5294509,77.2193605
activity,28.5294387,77.2193156
activity,28.5294596,77.2196112
activity,28.5296405,77.2195434
activity,28.5295722,77.2195812
activity,28.5294082,77.2195697
activity,28.5296059,77.2195729
activity,28.5295353,77.2195905
activity,28.5292895,77.2194109
activity,28.5295753,77.2193166
activity,28.5733019,77.2097179
activity,28.5732962,77.2100368
activity,28.5732953,77.2097961
activity,28.5733009,77.2096376
activity,28.5732966,77.2098694
activity,28.5733002,77.2097541
activity,28.5732942,77.2099375
activity,28.5732935,77.210003
activity,28.573295,77.2098441
activity,28.6442894,77.2190827
activity,28.6442278,77.219098
activity,28.6443002,77.2190801
activity,28.6443117,77.2190774
activity,28.6442416,77.2190943
activity,28.6442785,77.2190845
activity,28.6441958,77.2191059
activity,28.6442673,77.2190868
activity,28.6442557,77.2190899
activity,28.6442118,77.219102
activity,28.6280631,77.2198664
activity,28.6173918,77.213635
activity,28.6454765,77.2108098
activity,28.5734015,77.2175961
activity,28.5735673,77.2169546
activity,28.5734998,77.2173707
activity,28.573564,77.2170765
activity,28.5735612,77.2171054
activity,28.5736051,77.2167123
activity,28.5734703,77.2174547
activity,28.5735183,77.2173198
activity,28.5734326,77.2175316
activity,28.5735933,77.2168262
activity,28.5733738,77.2176666
activity,28.5734858,77.2174165
activity,28.5733861,77.2176325
activity,28.5735553,77.2171467
activity,28.5734492,77.2174884
activity,28.565574,77.181266
activity,28.6416057,77.2245951
activity,28.5703491,77.2159192
activity,28.6338607,77.2170799
activity,28.5389517,77.2137279
activity,28.6324554,77.219095
activity,28.6323787,77.2192562
activity,28.6325442,77.2191323
activity,28.6324966,77.2191142
activity,28.6355464,77.2209662
activity,28.6473645,77.1882894
activity,28.5919597,77.1620034
activity,28.5920653,77.1619536
activity,28.5919444,77.1618039
activity,28.5545537,77.194819
activity,28.5641329,77.1273422
activity,28.5815529,77.1991152
activity,28.5438492,77.2100484
activity,28.572342,77.1666886
activity,28.5725563,77.167351
activity,28.5725047,77.1667595
activity,28.5725722,77.1674241
activity,28.5727819,77.1675565
activity,28.572368,77.1668178
activity,28.5726553,77.1667303
activity,28.5724128,77.1670758
activity,28.5724481,77.1668226
activity,28.571678,77.1665201
activity,28.5724839,77.1667896
activity,28.5723981,77.1666412
activity,28.5724558,77.167166
activity,28.5724945,77.1666898
activity,28.5724213,77.1670916
activity,28.5723908,77.1670207
activity,28.5726402,77.1666987
activity,28.5724682,77.1671913
activity,28.5724839,77.1672173
activity,28.5728224,77.1675378
activity,28.5725246,77.1673093
activity,28.5725377,77.1673468
activity,28.5725539,77.1673864
activity,28.5726123,77.166624
activity,28.5725874,77.1674693
activity,28.5724584,77.1666481
activity,28.572399,77.1670543
activity,28.5729256,77.1673879
activity,28.5728668,77.1675148
activity,28.5725026,77.1667206
activity,28.5724284,77.1671095
activity,28.572636,77.1676216
activity,28.572497,77.1672443
activity,28.5726298,77.1666602
activity,28.5722084,77.1665916
activity,28.5724388,77.1671337
activity,28.5723487,77.1667829
activity,28.5723989,77.1664926
activity,28.5723626,77.166659
activity,28.5727321,77.1675779
activity,28.5729467,77.1674407
activity,28.556007,77.2097552
activity,28.555918,77.2096309
activity,28.5795281,77.199025
activity,28.6423982,77.2240308
activity,28.5619776,77.1938201
activity,28.565028,77.1893048
activity,28.5660633,77.1903503
activity,28.5663474,77.1914658
activity,28.5650946,77.1887646
activity,28.5632882,77.1941329
activity,28.5622327,77.193852
activity,28.5634858,77.194178
activity,28.5623718,77.1938691
activity,28.5627247,77.1939389
activity,28.562522,77.1938957
activity,28.5646149,77.1920074
activity,28.5616967,77.1940569
activity,28.5616512,77.1940367
activity,28.5616987,77.1939777
activity,28.5627694,77.1944787
activity,28.5646423,77.1927721
activity,28.5625285,77.1946949
activity,28.5617395,77.1940887
activity,28.5614891,77.1939063
activity,28.5616206,77.1939513
activity,28.5611288,77.1934539
activity,28.5616472,77.1939604
activity,28.5628001,77.1936913
activity,28.5628115,77.1935375
activity,28.5627979,77.1938997
activity,28.5628044,77.1938165
activity,28.5628032,77.1937473
activity,28.5615898,77.1939446
activity,28.5628266,77.1931482
activity,28.5626781,77.1948994
activity,28.5626618,77.1949799
activity,28.5627911,77.194611
activity,28.5626422,77.1951683
activity,28.5626225,77.1952909
activity,28.5626557,77.195057
activity,28.5615574,77.1939323
activity,28.5611289,77.1927476
activity,28.5627318,77.193694
activity,28.5627324,77.1936458
activity,28.5627324,77.1936678
activity,28.5614541,77.1927534
activity,28.5627249,77.1937818
activity,28.5627241,77.1939042
activity,28.562733,77.1936215
activity,28.5627237,77.1938685
activity,28.5619123,77.1939115
activity,28.5613651,77.1929437
activity,28.5619992,77.1935617
activity,28.5620483,77.1932042
activity,28.5618994,77.1939567
activity,28.5614742,77.1926535
activity,28.5613939,77.1928756
activity,28.5619623,77.1937324
activity,28.561436,77.1927605
activity,28.5619919,77.1938481
activity,28.5626021,77.1939033
activity,28.5626695,77.1939039
activity,28.562546,77.1938962
activity,28.5622593,77.1938542
activity,28.562067,77.1932781
activity,28.5619811,77.1933076
activity,28.5619379,77.1937181
activity,28.561976,77.1937393
activity,28.5619683,77.1937911
activity,28.5619679,77.1938024
activity,28.5620566,77.193366
activity,28.5612032,77.193373
activity,28.5611876,77.1935098
activity,28.5608459,77.1943488
activity,28.5608481,77.1945877
activity,28.5608771,77.1946232
activity,28.561472,77.1947449
activity,28.561403,77.1947506
activity,28.5615433,77.1948773
activity,28.5618555,77.195319
activity,28.561594,77.1945593
activity,28.561569,77.1946232
activity,28.5615314,77.1946784
activity,28.5618571,77.1947922
activity,28.5620289,77.1938521
activity,28.5619189,77.195339
activity,28.5616904,77.1959918
activity,28.5616893,77.1959253
activity,28.5616541,77.1959853
activity,28.561733,77.1960723
activity,28.5617274,77.1960065
activity,28.5616924,77.195865
activity,28.5616502,77.1960465
activity,28.5619233,77.196525
activity,28.5618834,77.1960831
activity,28.5618165,77.194017
activity,28.5618037,77.1961922
activity,28.5617793,77.1942895
activity,28.5616764,77.1944574
activity,28.5607989,77.193532
activity,28.561123,77.1934801
activity,28.5614684,77.1926905
activity,28.5620989,77.1973755
activity,28.5614439,77.1934409
activity,28.5613181,77.193361
activity,28.561095,77.1936063
activity,28.5612503,77.1972308
activity,28.5613146,77.1967945
activity,28.5612944,77.196887
activity,28.5612458,77.1971266
activity,28.5612729,77.1969813
activity,28.5607423,77.1972351
activity,28.5632516,77.1203343
activity,28.5646699,77.1197967
activity,28.5646511,77.1196014
activity,28.5646497,77.1194613
activity,28.5646339,77.1192627
activity,28.561387,77.1936003
activity,28.5618236,77.1941061
activity,28.5613234,77.192936
activity,28.5631219,77.1941272
activity,28.5740524,77.2102187
activity,28.5737177,77.2099527
activity,28.5741539,77.2100593
activity,28.5739802,77.2100463
activity,28.5737246,77.2102458
activity,28.5739764,77.2102898
activity,28.5738713,77.2100669
activity,28.5737057,77.2103223
activity,28.5740221,77.2100978
activity,28.5740057,77.2102551
activity,28.5741021,77.2101032
activity,28.5737906,77.2102241
activity,28.6339856,77.2181024
activity,28.6337597,77.2166244
activity,28.633809,77.2183847
activity,28.6339573,77.2181513
activity,28.6343326,77.2175488
activity,28.6343714,77.2174692
activity,28.6338866,77.2182107
activity,28.6342419,77.2176775
activity,28.5724939,77.2177226
activity,28.6028466,77.2215874
activity,28.5287277,77.216715
activity,28.5282393,77.2199717
activity,28.5283838,77.2187341
activity,28.5281484,77.2195683
activity,28.5281024,77.2200011
activity,28.6237939,77.2237424
activity,28.5559519,77.2059782
activity,28.5576879,77.2088173
activity,28.5567454,77.205592
activity,28.5525239,77.2182179
activity,28.6343745,77.2222795
activity,28.6350989,77.2218903
activity,28.6319736,77.2225505
activity,28.547469,77.2115707
activity,28.5476792,77.1263139
activity,28.6345234,77.2200636
activity,28.559737,77.2102045
activity,28.5304288,77.1497547
activity,28.5736643,77.2171543
activity,28.566098,77.1764341
activity,28.5735598,77.2175438
activity,28.5737345,77.2176811
activity,28.5743733,77.1895887
activity,28.5738596,77.2174532
activity,28.5660456,77.1764988
activity,28.5642229,77.185314
activity,28.5737756,77.2176649
activity,28.5738964,77.2169125
activity,28.5737703,77.2176109
activity,28.5794434,77.2106015
activity,28.573868,77.216639
activity,28.5738127,77.216731
activity,28.5683794,77.2179372
activity,28.5683587,77.2162299
activity,28.5684833,77.219493
activity,28.5736605,77.2169182
activity,28.5737874,77.2171546
activity,28.5736492,77.2171946
activity,28.5739002,77.216743
activity,28.5735864,77.2168544
activity,28.5737016,77.2170022
activity,28.5737904,77.217085
activity,28.573785,77.2171965
activity,28.5735803,77.2166265
activity,28.5735957,77.2167769
activity,28.5736056,77.2171748
activity,28.5681708,77.2220361
activity,28.5735641,77.2169944
activity,28.5737578,77.2167236
activity,28.573694,77.2171524
activity,28.573621,77.2168635
activity,28.5737048,77.2170569
activity,28.5729134,77.2127178
activity,28.5690258,77.2214101
activity,28.5683165,77.2192563
activity,28.5688913,77.2225005
activity,28.5689969,77.2213029
activity,28.5683685,77.2172175
activity,28.5690021,77.2211276
activity,28.5689922,77.2215184
activity,28.5681906,77.2218379
activity,28.5677546,77.2246827
activity,28.5683968,77.2191782
activity,28.5688978,77.222416
activity,28.5689891,77.2216573
activity,28.5689907,77.2215448
activity,28.5689909,77.2206525
activity,28.5689969,77.2213913
activity,28.5692524,77.2173941
activity,28.5689998,77.2210557
activity,28.569096,77.2192253
activity,28.5692498,77.2175696
activity,28.5691069,77.2195955
activity,28.5676795,77.2246649
activity,28.5689793,77.2230455
activity,28.5691376,77.2189775
activity,28.5689554,77.2208205
activity,28.5692015,77.2184892
activity,28.5689236,77.2229109
activity,28.568958,77.2222483
activity,28.5689252,77.2230174
activity,28.5686066,77.2246709
activity,28.5682672,77.2211501
activity,28.5683308,77.217754
activity,28.5692806,77.2173983
activity,28.5692189,77.2180988
activity,28.5691322,77.2193732
activity,28.5683475,77.2176432
activity,28.569232,77.2176978
activity,28.5691999,77.2183412
activity,28.5690314,77.2198507
activity,28.5683018,77.2181448
activity,28.5691075,77.2191474
activity,28.5689393,77.222443
activity,28.5688401,77.223304
activity,28.5691451,77.2208287
activity,28.5689458,77.2223211
activity,28.568261,77.2177804
activity,28.5683417,77.2192411
activity,28.5683172,77.218276
activity,28.5689869,77.2207102
activity,28.5691655,77.2187903
activity,28.5688442,77.2234092
activity,28.5835951,77.2226531
activity,28.5815631,77.2227133
activity,28.5775078,77.2200762
activity,28.5818966,77.2226489
activity,28.5804688,77.2228736
activity,28.5836941,77.2239034
activity,28.58467,77.2232501
activity,28.5846883,77.223349
activity,28.5801209,77.2176458
activity,28.5821546,77.2228293
activity,28.5846865,77.2233962
activity,28.5846872,77.2233038
activity,28.583612,77.2235287
activity,28.5803307,77.2208616
activity,28.5846596,77.2231354
activity,28.5803404,77.2207556
activity,28.5822647,77.220577
activity,28.5813767,77.2150777
activity,28.5831939,77.2206465
activity,28.5837947,77.2126214
activity,28.5840114,77.2151743
activity,28.5682857,77.218514
activity,28.5737115,77.2175402
activity,28.5737206,77.2175019
activity,28.568199,77.2223253
activity,28.5688221,77.2235005
activity,28.572828,77.2174042
activity,28.5678445,77.2240662
activity,28.5734757,77.2175436
activity,28.5733592,77.217695
activity,28.5690045,77.2223193
activity,28.5864158,77.2181383
activity,28.5765257,77.2105653
activity,28.586512,77.2181166
activity,28.5835935,77.223402
activity,28.5600609,77.194788
activity,28.561407,77.1936877
activity,28.5602774,77.1948131
activity,28.5617336,77.1920627
activity,28.5617682,77.1925635
activity,28.5615943,77.1932676
activity,28.5808596,77.2176264
activity,28.5469923,77.1262743
activity,28.5835878,77.2232627
activity,28.5836101,77.2237007
activity,28.5728239,77.2161335
activity,28.6043042,77.1246363
activity,28.5806923,77.2246742
activity,28.5735854,77.2174873
activity,28.5736807,77.2174903
activity,28.5688579,77.2233598
activity,28.5739068,77.2172543
activity,28.5736957,77.2174533
activity,28.5679346,77.2199423
activity,28.5735056,77.2175623
activity,28.5735255,77.2176749
activity,28.5736235,77.2174045
activity,28.5736064,77.2174533
activity,28.5882156,77.1195329
activity,28.5725625,77.1406875
activity,28.5725625,77.1406875
activity,28.5411845,77.1547521
activity,28.5406657,77.1548187
activity,28.5416581,77.1555561
activity,28.5412611,77.1555505
activity,28.54078,77.1551524
activity,28.5412368,77.1550459
activity,28.5676052,77.1889014
activity,28.540928,77.1552595
activity,28.5415565,77.155064
activity,28.5407047,77.1549511
activity,28.5418904,77.1553447
activity,28.5414272,77.1551108
activity,28.5411133,77.1550841
activity,28.5409146,77.1544417
activity,28.5416452,77.1549804
activity,28.5413411,77.1543307
activity,28.5411432,77.1552187
activity,28.5407546,77.1548386
activity,28.5406569,77.1548372
activity,28.5409614,77.1550964
activity,28.540852,77.1549426
activity,28.5412871,77.1550801
activity,28.5411577,77.1551041
activity,28.5405333,77.1549667
activity,28.5407834,77.1548708
activity,28.5417742,77.1553761
activity,28.5408077,77.1551635
activity,28.5738582,77.1897089
activity,28.5411538,77.1552459
activity,28.5406688,77.1550667
activity,28.5410151,77.1551492
activity,28.5404055,77.1548142
activity,28.5412512,77.1553495
activity,28.5407028,77.1549119
activity,28.5412143,77.1547526
activity,28.5410586,77.1551769
activity,28.5411488,77.1550686
activity,28.5408216,77.1548841
activity,28.5412381,77.155256
activity,28.540851,77.1552363
activity,28.541749,77.1546227
activity,28.5414497,77.1554863
activity,28.5414856,77.1556312
activity,28.5407446,77.1548646
activity,28.5415317,77.1551942
activity,28.541397,77.1548055
activity,28.5409237,77.1544977
activity,28.5409001,77.15527
activity,28.5412482,77.1552703
activity,28.5409093,77.1549186
activity,28.5418968,77.155585
activity,28.5410929,77.15505
activity,28.5415802,77.1553592
activity,28.5405354,77.1548012
activity,28.5415053,77.155368
activity,28.5412015,77.1553228
activity,28.5406529,77.1546162
activity,28.5410732,77.1550459
activity,28.5414301,77.1548259
activity,28.5407994,77.1546006
activity,28.5748217,77.1897786
activity,28.5416199,77.155317
activity,28.5407398,77.1548333
activity,28.5418472,77.1553097
activity,28.540984,77.1552976
activity,28.5410228,77.1549939
activity,28.5415643,77.1550802
activity,28.5633918,77.1862857
activity,28.5412017,77.1550193
activity,28.5409912,77.1548584
activity,28.5414989,77.154874
activity,28.5417572,77.1552402
activity,28.5408967,77.1549243
activity,28.5410976,77.154591
activity,28.5413932,77.1549195
activity,28.5404957,77.1548545
activity,28.5656179,77.1812991
activity,28.5410317,77.1553307
activity,28.5415838,77.1553521
activity,28.5407426,77.1551163
activity,28.5418364,77.1553304
activity,28.5419842,77.1555393
activity,28.5407281,77.1543356
activity,28.5415777,77.154491
activity,28.5409104,77.1552672
activity,28.540859,77.1549122
activity,28.5419614,77.1553966
activity,28.5410984,77.1552071
activity,28.5407727,77.1548566
activity,28.5407429,77.1545376
activity,28.5410984,77.1550259
activity,28.5409846,77.154653
activity,28.5411029,77.1553853
activity,28.5408496,77.1552363
activity,28.5409643,77.155274
activity,28.541291,77.1552822
activity,28.5413738,77.1556573
activity,28.541164,77.1554291
activity,28.5413144,77.1552013
activity,28.5416256,77.154989
activity,28.5410915,77.1546211
activity,28.5412241,77.1552242
activity,28.5416115,77.1553154
activity,28.5407836,77.1547001
activity,28.5409987,77.1548697
activity,28.5410259,77.1553287
activity,28.5412409,77.1549275
activity,28.541584,77.1553644
activity,28.541267,77.1548979
activity,28.5404775,77.1548387
activity,28.5793831,77.2149839
activity,28.5412051,77.1551518
activity,28.5413719,77.155178
activity,28.5415502,77.1549574
activity,28.5412513,77.1552475
activity,28.5407693,77.155132
activity,28.540375,77.1548801
activity,28.5410812,77.1547585
activity,28.5410902,77.1545991
activity,28.5411578,77.1554209
activity,28.5406753,77.1550653
activity,28.5414766,77.1549351
activity,28.540993,77.1548727
activity,28.5414644,77.1548478
activity,28.5408681,77.155036
activity,28.565733,77.1814
activity,28.5413674,77.1547814
activity,28.5413153,77.1551303
activity,28.5418007,77.1552707
activity,28.5407292,77.1551015
activity,28.5408512,77.1552315
activity,28.5415305,77.1548967
activity,28.5793585,77.2151639
activity,28.5413085,77.1548239
activity,28.5409613,77.1552836
activity,28.5414739,77.1549318
activity,28.5411611,77.1554284
activity,28.5411037,77.154689
activity,28.5407932,77.1551766
activity,28.5406768,77.1548141
activity,28.5410121,77.1550018
activity,28.5413867,77.1553507
activity,28.5687939,77.1890992
activity,28.5417661,77.1551771
activity,28.5412083,77.1552136
activity,28.5413098,77.1548511
activity,28.541451,77.1549701
activity,28.5405776,77.1547782
activity,28.5409732,77.1552927
activity,28.5410436,77.1549898
activity,28.5657836,77.1814207
activity,28.5413759,77.1554456
activity,28.5656885,77.1813576
activity,28.5658165,77.1814512
activity,28.5409736,77.1552957
activity,28.5416813,77.1551843
activity,28.5407048,77.1550906
activity,28.5404736,77.1548059
activity,28.5412042,77.1547321
activity,28.541022,77.1553316
activity,28.5411528,77.1551162
activity,28.5550772,77.1669886
activity,28.5410387,77.1549923
activity,28.5415819,77.1549368
activity,28.5410362,77.1546407
activity,28.5642244,77.1856004
activity,28.5411886,77.154909
activity,28.5408756,77.1552119
activity,28.6278892,77.1003721
activity,28.5933179,77.1270895
activity,28.586476,77.1371696
activity,28.5869462,77.1358496
activity,28.546388,77.1960267
activity,28.5462569,77.1967987
activity,28.5971051,77.132431
activity,28.6381264,77.1803061
activity,28.6431769,77.1702268
activity,28.5881876,77.1686887
activity,28.6456214,77.1839858
activity,28.6451059,77.1838525
activity,28.6082276,77.2016137
activity,28.6091442,77.1412725
activity,28.6071005,77.1435793
activity,28.5695569,77.1934709
activity,28.5750511,77.1785463
activity,28.569575,77.2009982
activity,28.5874754,77.1473115
activity,28.6006875,77.1374375
activity,28.5951006,77.1328015
activity,28.5511649,77.1705216
activity,28.5744592,77.2098937
activity,28.5746226,77.2099318
activity,28.574554,77.2099177
activity,28.5746673,77.2099444
activity,28.574485,77.2099009
activity,28.5745738,77.2099238
activity,28.5744131,77.2098833
activity,28.5743312,77.2098797
activity,28.5745205,77.2099088
activity,28.6347602,77.2202941
activity,28.6344287,77.221415
activity,28.6191775,77.2249253
activity,28.5686207,77.2242942
activity,28.5679255,77.2196692
activity,28.5695219,77.220014
activity,28.5678809,77.2207047
activity,28.6019828,77.1860162
activity,28.6320205,77.2162872
activity,28.6320644,77.2162776
activity,28.6319868,77.217227
activity,28.6319723,77.2171834
activity,28.6319378,77.2170958
activity,28.6320644,77.2162776
activity,28.6327008,77.2173605
activity,28.6327415,77.2173606
activity,28.6326607,77.2171801
activity,28.6327285,77.2173599
activity,28.6326381,77.2173662
activity,28.6329087,77.2174006
activity,28.6328439,77.2160757
activity,28.6295377,77.2193412
activity,28.6271809,77.219818
activity,28.6275849,77.2198223
activity,28.6282691,77.2198392
activity,28.6280625,77.2030625
activity,28.568293,77.2192799
activity,28.5689369,77.2226511
activity,28.5681878,77.2222176
activity,28.5681479,77.2218326
activity,28.5689096,77.2225551
activity,28.5678752,77.2208659
activity,28.5678942,77.2207532
activity,28.5692437,77.2199316
activity,28.5681312,77.2209907
activity,28.5678869,77.2207928
activity,28.5695102,77.2205979
activity,28.5681344,77.2211773
activity,28.5692771,77.2232858
activity,28.569064,77.2206436
activity,28.5695465,77.2210868
activity,28.5679066,77.2199431
activity,28.5691913,77.2206548
activity,28.56713,77.2211473
activity,28.5679226,77.2199835
activity,28.5700052,77.2211032
activity,28.5693693,77.2199382
activity,28.5677225,77.2192894
activity,28.5678652,77.2200235
activity,28.5678936,77.2195729
activity,28.5693419,77.2208205
activity,28.5678569,77.2206104
activity,28.5692269,77.2206643
activity,28.5696215,77.2196508
activity,28.5679323,77.2199041
activity,28.5689843,77.2208142
activity,28.569786,77.2197957
activity,28.5679456,77.2193269
activity,28.5693984,77.2206578
activity,28.5679778,77.2211555
activity,28.5679166,77.2204062
activity,28.569136,77.2207032
activity,28.5678749,77.2204909
activity,28.5691592,77.220643
activity,28.5679026,77.2205364
activity,28.5679376,77.2193756
activity,28.5694628,77.2198205
activity,28.5679354,77.2194401
activity,28.5691954,77.2199313
activity,28.5697203,77.2196692
activity,28.5679124,77.2205066
activity,28.5680984,77.2209928
activity,28.567935,77.2193121
activity,28.567815,77.2200216
activity,28.5694225,77.2234043
activity,28.5679097,77.2199067
activity,28.5690043,77.2231624
activity,28.5679275,77.2197631
activity,28.5702281,77.2220998
activity,28.5701463,77.2213583
activity,28.5694292,77.2206624
activity,28.5679611,77.2192978
activity,28.5693685,77.2206516
activity,28.5694617,77.2198529
activity,28.5695135,77.2202323
activity,28.5678262,77.2191671
activity,28.5679199,77.2203361
activity,28.5692746,77.2196272
activity,28.5679261,77.2198377
activity,28.5692419,77.2197617
activity,28.5679389,77.2192984
activity,28.5679265,77.2200275
activity,28.5716164,77.2184703
activity,28.5556746,77.1837932
activity,28.5695176,77.2205083
activity,28.568174,77.2192652
activity,28.5679428,77.2198593
activity,28.5679053,77.2195874
activity,28.5679134,77.2204372
activity,28.5683163,77.2192922
activity,28.5692491,77.2206626
activity,28.568174,77.2192978
activity,28.5692625,77.2198854
activity,28.5698024,77.2195638
activity,28.5678345,77.2200205
activity,28.5693538,77.2206468
activity,28.5678925,77.2203253
activity,28.5683978,77.2192924
activity,28.5675346,77.2212042
activity,28.5694359,77.219947
activity,28.5693269,77.2199389
activity,28.5690394,77.2222077
activity,28.569275,77.2208389
activity,28.5703727,77.2198506
activity,28.5691899,77.2196154
activity,28.5679279,77.2202209
activity,28.5716049,77.2185268
activity,28.5679408,77.2194905
activity,28.5683435,77.2192952
activity,28.5678818,77.2205131
activity,28.5679403,77.2196734
activity,28.5678898,77.2195911
activity,28.5695144,77.2203644
activity,28.5679624,77.2191647
activity,28.567941,77.2195821
activity,28.5679255,77.2197407
activity,28.5678267,77.2191407
activity,28.5691669,77.2232405
activity,28.5677539,77.2211553
activity,28.5678995,77.2199906
activity,28.5692614,77.2199334
activity,28.5689781,77.2206711
activity,28.5679167,77.2203067
activity,28.5695081,77.2202735
activity,28.5694651,77.2197751
activity,28.5679426,77.2198262
activity,28.5697982,77.2196166
activity,28.5677916,77.2200245
activity,28.5679042,77.2196625
activity,28.5681502,77.2192664
activity,28.5676221,77.2212395
activity,28.5678708,77.2191378
activity,28.5697775,77.2199578
activity,28.5692107,77.2208288
activity,28.5696976,77.2197944
activity,28.5678847,77.2209786
activity,28.5679223,77.219589
activity,28.5678896,77.2191322
activity,28.5689884,77.2207656
activity,28.5681487,77.2192943
activity,28.5689727,77.220756
activity,28.5701386,77.221321
activity,28.56908,77.2193256
activity,28.5691245,77.2206443
activity,28.5680804,77.2192674
activity,28.5692286,77.2196243
activity,28.5679559,77.2192544
activity,28.5679583,77.2192005
activity,28.5679124,77.2206151
activity,28.5678926,77.2200271
activity,28.567887,77.2209427
activity,28.5679102,77.2191341
activity,28.5673865,77.2212583
activity,28.568064,77.2192947
activity,28.567621,77.221063
activity,28.5679164,77.2195709
activity,28.5694791,77.2210901
activity,28.5697691,77.2204444
activity,28.5695722,77.2209015
activity,28.5680013,77.221183
activity,28.5695351,77.2198477
activity,28.5681057,77.2210132
activity,28.5679567,77.219326
activity,28.5689915,77.220744
activity,28.5679397,77.2195082
activity,28.5679572,77.2192366
activity,28.5672602,77.2212185
activity,28.5694079,77.220827
activity,28.567945,77.2194362
activity,28.5700654,77.2210866
activity,28.5678884,77.2205821
activity,28.569516,77.2201801
activity,28.5672072,77.221179
activity,28.5678853,77.2204166
activity,28.5735116,77.2178141
activity,28.573592,77.2178704
activity,28.635068,77.2201149
activity,28.5800575,77.1895665
activity,28.5681927,77.2225403
activity,28.5565729,77.2022267
activity,28.5883294,77.1771462
activity,28.5995161,77.1864342
activity,28.5779564,77.1957496
activity,28.5779549,77.1957922
activity,28.5779508,77.1956258
activity,28.5779574,77.1957035
activity,28.5994092,77.1863883
activity,28.5779522,77.1954965
activity,28.5779515,77.1955818
activity,28.5778308,77.1960093
activity,28.5779449,77.1954519
activity,28.5779512,77.1955396
activity,28.5266215,77.1871206
activity,28.570759,77.2199408
activity,28.5799733,77.2214366
activity,28.5679308,77.2199991
activity,28.5738235,77.217205
activity,28.5678991,77.2204836
activity,28.5681027,77.219296
activity,28.5739246,77.2170406
activity,28.5682496,77.2209946
activity,28.5679022,77.2203378
activity,28.5738306,77.2171225
activity,28.5739161,77.2171179
activity,28.5738345,77.2170717
activity,28.573896,77.2169368
activity,28.5678801,77.2203888
activity,28.5739131,77.2171552
activity,28.5679002,77.220304
activity,28.5739075,77.2171888
activity,28.5744287,77.210184
activity,28.5748126,77.2102197
activity,28.5747997,77.2103027
activity,28.5746027,77.210249
activity,28.5743048,77.2099963
activity,28.5744662,77.2102691
activity,28.574745,77.2101527
activity,28.5743889,77.2100142
activity,28.574269,77.2101756
activity,28.5747072,77.2100352
activity,28.5743407,77.2100014
activity,28.5745358,77.2101549
activity,28.5745629,77.209998
activity,28.5744242,77.2100952
activity,28.5743364,77.2103164
activity,28.5745307,77.2100439
activity,28.5747062,77.2102373
activity,28.5742819,77.2100968
activity,28.574755,77.2100487
activity,28.5744406,77.2099826
activity,28.574958,77.2101969
activity,28.5749137,77.2101225
activity,28.5745227,77.210214
activity,28.5747781,77.2101642
activity,28.5744102,77.2100165
activity,28.5747804,77.2099697
activity,28.5743813,77.2099619
activity,28.574443,77.210348
activity,28.5746953,77.2103234
activity,28.5747192,77.2100866
activity,28.5744261,77.2102069
activity,28.5748875,77.2100641
activity,28.5748728,77.2102934
activity,28.5746797,77.2102441
activity,28.5747501,77.2103096
activity,28.5747877,77.2101075
activity,28.5748047,77.210277
activity,28.5750267,77.2101572
activity,28.574562,77.2102195
activity,28.5745577,77.2102634
activity,28.5747391,77.2100508
activity,28.5743047,77.2103012
activity,28.5749098,77.2100045
activity,28.5749032,77.2101907
activity,28.5748763,77.2102705
activity,28.5743271,77.2100686
activity,28.5746437,77.2101423
activity,28.5748272,77.2101511
activity,28.5745114,77.2101057
activity,28.5748831,77.2102402
activity,28.5743402,77.2102559
activity,28.5742578,77.2102238
activity,28.57481,77.2102481
activity,28.574677,77.2101053
activity,28.574952,77.2100162
activity,28.5742633,77.2101042
activity,28.574303,77.2100998
activity,28.5744336,77.2101396
activity,28.5741625,77.2099476
activity,28.5749495,77.2101365
activity,28.5748641,77.21006
activity,28.5742694,77.2101455
activity,28.5743886,77.2100862
activity,28.5747025,77.2101447
activity,28.5743317,77.2101098
activity,28.574353,77.2100751
activity,28.5749296,77.2100081
activity,28.5744561,77.2101011
activity,28.5746159,77.2101244
activity,28.5745025,77.21004
activity,28.5743543,77.2101248
activity,28.5749862,77.2102066
activity,28.5743473,77.2101575
activity,28.574798,77.2100495
activity,28.5748426,77.2100532
activity,28.5749216,77.2100745
activity,28.5750188,77.2100302
activity,28.5747114,77.209955
activity,28.5742904,77.2102402
activity,28.5743001,77.2100429
activity,28.5748857,77.2099988
activity,28.5746034,77.2100063
activity,28.5744684,77.2103519
activity,28.5750476,77.2100512
activity,28.5746887,77.2101451
activity,28.5746887,77.2100309
activity,28.5747232,77.2101466
activity,28.5746402,77.210065
activity,28.5743203,77.210149
activity,28.5749881,77.2101471
activity,28.5748741,77.2101872
activity,28.5749819,77.2100214
activity,28.5743098,77.2099298
activity,28.5744071,77.2099757
activity,28.5745074,77.209998
activity,28.5742551,77.2102889
activity,28.5747218,77.2100422
activity,28.5749061,77.2100726
activity,28.5746861,77.2101951
activity,28.5748602,77.2100002
activity,28.5745748,77.2101644
activity,28.574481,77.2100981
activity,28.5747321,77.2099621
activity,28.5745214,77.2100022
activity,28.5748753,77.2101132
activity,28.5747673,77.2102074
activity,28.5744657,77.2099872
activity,28.5746478,77.2100194
activity,28.5744832,77.2100346
activity,28.5747838,77.2103592
activity,28.5748727,77.2103188
activity,28.574378,77.2100081
activity,28.5743924,77.2102606
activity,28.5745758,77.2101194
activity,28.5746898,77.2099497
activity,28.5749525,77.2100853
activity,28.5746312,77.2103025
activity,28.574639,77.2102365
activity,28.5745467,77.2101131
activity,28.5746607,77.2101833
activity,28.5745934,77.2100561
activity,28.5744115,77.2103389
activity,28.574632,77.2100174
activity,28.5745542,77.210054
activity,28.574813,77.2099861
activity,28.5747218,77.2101987
activity,28.5747536,77.2100874
activity,28.5741748,77.2100121
activity,28.5747899,77.2103243
activity,28.5746695,77.2100247
activity,28.5744836,77.209995
activity,28.574605,77.2101716
activity,28.5747425,77.2103482
activity,28.5745358,77.2100079
activity,28.5745996,77.2103854
activity,28.5749321,77.2101929
activity,28.5743151,77.2101654
activity,28.5419137,77.1677984
activity,28.5399865,77.1673584
activity,28.5392401,77.1856988
activity,28.5396322,77.1858225
activity,28.5396894,77.1864095
activity,28.5385075,77.1382348
activity,28.5623892,77.1571419
activity,28.5311975,77.2183131
activity,28.5342679,77.2125141
activity,28.5334408,77.2149167
activity,28.5974914,77.1802865
activity,28.5403284,77.2018505
activity,28.5403386,77.2020201
activity,28.6352161,77.2127416
activity,28.6443735,77.2249697
activity,28.6179701,77.2018757
activity,28.628701,77.2067793
activity,28.6028328,77.2154101
activity,28.5944092,77.1784679
activity,28.5920649,77.1772092
activity,28.5888439,77.1772031
activity,28.5852266,77.1988157
activity,28.5294543,77.1770719
activity,28.5266459,77.1767527
activity,28.5432528,77.1776636
activity,28.6295156,77.2165658
activity,28.5664077,77.1993434
activity,28.6263083,77.2090851
activity,28.6190387,77.2046887
activity,28.6408907,77.2135005
activity,28.5334024,77.1370539
activity,28.6240769,77.2013774
activity,28.6257601,77.2074849
activity,28.6256025,77.2103895
activity,28.5310009,77.2141134
activity,28.5304645,77.2131775
activity,28.6334733,77.1840874
activity,28.5533448,77.1999646
activity,28.6444011,77.196325
activity,28.6442264,77.1948873
activity,28.635607,77.1873174
activity,28.641498,77.1914825
activity,28.6418715,77.1765823
activity,28.628004,77.2232083
activity,28.5543635,77.2001874
activity,28.5395974,77.1391416
activity,28.533738,77.1444926
activity,28.528608,77.1543963
activity,28.5293729,77.1540527
activity,28.5314498,77.1443776
activity,28.5351884,77.1126433
activity,28.5435328,77.1567003
activity,28.5424742,77.1560024
activity,28.6478693,77.1814068
activity,28.6093626,77.1045341
activity,28.5625769,77.2179594
activity,28.5254002,77.2070077
activity,28.5301228,77.2128976
activity,28.6457005,77.1936515
activity,28.6464777,77.1944998
activity,28.6450051,77.1890223
activity,28.6003904,77.1691866
activity,28.5757158,77.1396557
activity,28.5832414,77.1383963
activity,28.5834955,77.1365076
activity,28.5824726,77.1360055
activity,28.570276,77.160041
activity,28.5988392,77.182057
activity,28.5607959,77.2143147
activity,28.6097075,77.1006411
activity,28.6396923,77.2098045
activity,28.6385862,77.1127876
activity,28.6287359,77.1056935
activity,28.6281398,77.1077889
activity,28.6287256,77.1068066
activity,28.6204973,77.1057473
activity,28.6254743,77.1102381
activity,28.6231219,77.1160131
activity,28.6255642,77.1186242
activity,28.6250054,77.1180961
activity,28.6262712,77.1114213
activity,28.6266215,77.1188926
activity,28.5542801,77.168949
activity,28.5523626,77.1702408
activity,28.6466766,77.127376
activity,28.6499358,77.1287047
activity,28.6492722,77.1309824
activity,28.6461143,77.1091608
activity,28.6398423,77.1140614
activity,28.6424447,77.1061135
activity,28.6482087,77.1327454
activity,28.5773901,77.1608643
activity,28.5786273,77.1612088
activity,28.5764616,77.1597272
activity,28.6460991,77.2222072
activity,28.6493215,77.1784239
activity,28.5705117,77.2247601
activity,28.5395594,77.2168492
activity,28.538959,77.2143451
activity,28.5776603,77.1700347
activity,28.5787838,77.1696716
activity,28.5405611,77.2172541
activity,28.6495682,77.108616
activity,28.6293072,77.2059977
activity,28.5448664,77.1897772
activity,28.6290356,77.207324
activity,28.6293521,77.2090975
activity,28.5274552,77.215779
activity,28.5894671,77.225086
activity,28.6321525,77.1158147
activity,28.5329115,77.2193578
activity,28.6495432,77.1547068
activity,28.5431318,77.2224675
activity,28.6474711,77.1998727
activity,28.6455264,77.1984623
activity,28.6464442,77.1991613
activity,28.6457129,77.1997539
activity,28.6454337,77.20805
activity,28.6437273,77.2083234
activity,28.6445245,77.2085425
activity,28.5618915,77.221445
activity,28.6423449,77.1016545
activity,28.5719972,77.1762291
activity,28.5717751,77.1778302
activity,28.5682475,77.1654104
activity,28.5677085,77.1658732
activity,28.6450251,77.216155
activity,28.6269475,77.2222384
activity,28.56249,77.1860721
activity,28.5265957,77.1563216
activity,28.5267916,77.156225
activity,28.5562018,77.2084081
activity,28.5528562,77.1298474
activity,28.6029592,77.2215172
activity,28.5515697,77.1738172
activity,28.5496314,77.1679008
activity,28.5497474,77.1680952
activity,28.5487257,77.1664223
activity,28.5483005,77.1669596
activity,28.5483576,77.1668802
activity,28.5484001,77.1668067
activity,28.5309161,77.1454021
activity,28.5830508,77.1727741
activity,28.586995,77.168713
activity,28.5845532,77.1788413
activity,28.5842221,77.1787532
activity,28.5805907,77.179592
activity,28.5814933,77.1787327
activity,28.5841789,77.1785336
activity,28.583868,77.2228226
activity,28.5877738,77.2170186
activity,28.588001,77.218862
activity,28.5833917,77.2188512
activity,28.5832604,77.1913943
activity,28.5834512,77.1910237
activity,28.6456736,77.1886305
activity,28.5801729,77.2028898
activity,28.5830397,77.1924498
activity,28.5961379,77.2048642
activity,28.5962459,77.2044647
activity,28.6431278,77.1881256
activity,28.6313455,77.2060721
activity,28.6310247,77.2056465
activity,28.5640425,77.1606353
activity,28.5614397,77.1676573
activity,28.5901427,77.1575606
activity,28.6481999,77.1998518
activity,28.6444356,77.1988127
activity,28.643943,77.2094345
activity,28.5707726,77.1634031
activity,28.5620807,77.1424899
activity,28.5529711,77.213205
activity,28.6340104,77.11143
activity,28.637257,77.1129
activity,28.6384346,77.1142062
activity,28.6390885,77.1140316
activity,28.5303845,77.1546584
activity,28.5358647,77.2113476
activity,28.6476926,77.1207682
activity,28.6269037,77.2130023
activity,28.5329137,77.2071264
activity,28.6447347,77.2168833
activity,28.6292409,77.2126215
activity,28.6181396,77.2193015
activity,28.6349704,77.1098331
activity,28.6344696,77.1116215
activity,28.6342856,77.1102314
activity,28.6463103,77.2243237
activity,28.5644685,77.1893076
activity,28.6401563,77.2181968
activity,28.5425515,77.198105
activity,28.6266788,77.2197393
activity,28.5521322,77.2108563
activity,28.5502522,77.2004353
activity,28.5623615,77.1877268
activity,28.5678863,77.2236951
activity,28.5679985,77.2231881
activity,28.539378,77.2137577
activity,28.5389106,77.212286
activity,28.5457738,77.1879024
activity,28.6182322,77.2048712
activity,28.5499739,77.2053873
activity,28.5831929,77.1936271
activity,28.6329579,77.1837263
activity,28.5910107,77.1667741
activity,28.639187,77.166281
activity,28.6290954,77.2181663
activity,28.6391979,77.1662773
activity,28.5385045,77.2079097
activity,28.5467422,77.1767781
activity,28.5445144,77.1638116
activity,28.5406057,77.1682067
activity,28.5373766,77.1640661
activity,28.540632,77.169212
activity,28.5900197,77.1630136
activity,28.5887216,77.1670547
activity,28.5850489,77.1543724
activity,28.5851988,77.1539977
activity,28.6018446,77.1243718
activity,28.5793605,77.1221157
activity,28.575071,77.1238137
activity,28.5783676,77.1485651
activity,28.544876,77.2159817
activity,28.5429471,77.220552
activity,28.5692337,77.1617078
activity,28.5600452,77.1699214
activity,28.560289,77.1696696
activity,28.62667,77.1126417
activity,28.5866309,77.2166124
activity,28.5851937,77.1808155
activity,28.5931923,77.1648483
activity,28.5887059,77.1940327
activity,28.6294951,77.1997034
activity,28.5474555,77.1256565
activity,28.6439763,77.1926384
activity,28.5648427,77.2213918
activity,28.6187359,77.2072591
activity,28.649944,77.1575497
activity,28.6502689,77.1577075
activity,28.6295166,77.2135488
activity,28.5339621,77.2131314
activity,28.5626366,77.2245171
activity,28.5660647,77.1640297
activity,28.5461933,77.1294189
activity,28.5767748,77.114029
activity,28.5282652,77.2245027
activity,28.5368341,77.2138353
activity,28.5247411,77.1851449
activity,28.5640084,77.1908567
activity,28.62646,77.2088277
activity,28.5485981,77.1995739
activity,28.6313536,77.1008731
activity,28.6392793,77.1130498
activity,28.6379385,77.1136892
activity,28.6366438,77.1121279
activity,28.6348232,77.1141173
activity,28.6341783,77.1111791
activity,28.6368615,77.112093
activity,28.6366716,77.1125885
activity,28.6366566,77.1126212
activity,28.6365605,77.1120805
activity,28.6381234,77.1130325
activity,28.6357557,77.1164134
activity,28.6311556,77.1107333
activity,28.6417325,77.1838717
activity,28.6175134,77.2052504
activity,28.5603646,77.2014946
activity,28.5406777,77.1822761
activity,28.5371216,77.1842049
activity,28.6293548,77.1370107
activity,28.6433815,77.1778547
activity,28.5856594,77.165223
activity,28.543932,77.1932549
activity,28.5465097,77.1966184
activity,28.5419893,77.1859993
activity,28.5491221,77.1809919
activity,28.5473426,77.1830024
activity,28.5463289,77.18242
activity,28.5482299,77.184329
activity,28.5493631,77.1850142
activity,28.5493437,77.1850731
activity,28.5488008,77.1856382
activity,28.5458001,77.1878541
activity,28.5465053,77.1866799
activity,28.5465747,77.1867536
activity,28.5464828,77.1867338
activity,28.5464592,77.1867922
activity,28.54656,77.1868225
activity,28.5456996,77.1824434
activity,28.5429565,77.2001445
activity,28.5428691,77.1988216
activity,28.5427885,77.1987819
activity,28.5426471,77.1987166
activity,28.5426417,77.1991445
activity,28.5454394,77.1918206
activity,28.5454264,77.1917785
activity,28.5454129,77.1917399
activity,28.5447291,77.1916293
activity,28.5446129,77.191682
activity,28.5454911,77.1922355
activity,28.5438909,77.1933776
activity,28.638363,77.1985507
activity,28.6418383,77.1981476
activity,28.5295305,77.1490659
activity,28.6303997,77.2149983
activity,28.5570951,77.1667825
activity,28.5588371,77.1639568
activity,28.6331963,77.2197435
activity,28.5888356,77.2244413
activity,28.536229,77.2191239
activity,28.6344864,77.2207921
activity,28.593212,77.2214836
activity,28.5799657,77.2199574
activity,28.5623424,77.194203
activity,28.564094,77.2196983
activity,28.6337784,77.2210359
activity,28.6316251,77.2163527
activity,28.6425108,77.1741778
activity,28.6342957,77.2201094
activity,28.6343276,77.2202392
activity,28.6342632,77.2204345
activity,28.6307005,77.2160054
activity,28.6305622,77.2156902
activity,28.6345944,77.2206395
activity,28.6347534,77.2184888
activity,28.5362992,77.1611544
activity,28.5844138,77.1908182
activity,28.532157,77.2228764
activity,28.6445732,77.1945177
activity,28.5665467,77.2201697
activity,28.5921094,77.1260755
activity,28.5923469,77.1254517
activity,28.5925752,77.1248651
activity,28.5874768,77.1685078
activity,28.6401003,77.2087169
activity,28.5955441,77.1213161
activity,28.5882708,77.1684925
activity,28.5882358,77.1682565
activity,28.5918853,77.1181976
activity,28.5949978,77.1211037
activity,28.5969124,77.1355655
activity,28.5973355,77.1231972
activity,28.5975824,77.1225362
activity,28.5931894,77.1203618
activity,28.5929605,77.1200511
activity,28.6065324,77.1285918
activity,28.607859,77.1311044
activity,28.5969837,77.1241205
activity,28.5378313,77.1534173
activity,28.5375585,77.1532348
activity,28.5923249,77.1203476
activity,28.5901439,77.1171161
activity,28.5900978,77.1196435
activity,28.5933773,77.1211771
activity,28.6314032,77.221819
activity,28.5887684,77.1191066
activity,28.5870217,77.1182582
activity,28.5927445,77.1205738
activity,28.5938628,77.1204618
activity,28.5966758,77.1331402
activity,28.6097663,77.1074159
activity,28.59218,77.1204231
activity,28.5706021,77.1859363
activity,28.5758493,77.1948733
activity,28.5777944,77.1948261
activity,28.5748016,77.19636
activity,28.5757206,77.1963761
activity,28.5766974,77.1948608
activity,28.5732522,77.193656
activity,28.5772329,77.1948423
activity,28.5821051,77.1163971
activity,28.637818,77.2114912
activity,28.6366489,77.2107623
activity,28.5944796,77.1204339
activity,28.5937922,77.1201008
activity,28.5930634,77.1207254
activity,28.5537221,77.1943715
activity,28.6331143,77.2214914
activity,28.632757,77.2215303
activity,28.6328524,77.2215283
activity,28.6328519,77.2215281
activity,28.6333371,77.2214312
activity,28.6326153,77.2215244
activity,28.632809,77.2215294
activity,28.6327069,77.2215299
activity,28.5323062,77.1453347
activity,28.6348663,77.2177598
activity,28.6253611,77.1926868
activity,28.6014565,77.1239808
activity,28.6296595,77.2213555
activity,28.5959831,77.1460603
activity,28.5958742,77.1461791
activity,28.5916207,77.1255625
activity,28.596296,77.1397252
activity,28.5731788,77.1207828
activity,28.6086566,77.1391354
activity,28.5948314,77.1315579
activity,28.6491423,77.1932302
activity,28.5647705,77.1866316
activity,28.5633059,77.1880569
activity,28.5633871,77.1882931
activity,28.5440388,77.2013609
activity,28.6242325,77.2059591
activity,28.5932764,77.2225753
activity,28.588261,77.2174826
activity,28.5666109,77.1942205
activity,28.59082,77.2219209
activity,28.5315803,77.1040148
activity,28.6066207,77.1416597
activity,28.632327,77.1986361
activity,28.606008,77.1359887
activity,28.6166109,77.1375832
activity,28.5548512,77.2182649
activity,28.5557144,77.2164121
activity,28.6129117,77.1398641
activity,28.596886,77.1219579
activity,28.59663,77.1218594
activity,28.5771748,77.1211534
activity,28.583397,77.1728396
activity,28.5290343,77.2159707
activity,28.5280671,77.2205073
activity,28.5295669,77.219735
activity,28.5271241,77.2201763
activity,28.527604,77.2191042
activity,28.5277547,77.2156728
activity,28.5449853,77.1852458
activity,28.5455575,77.1941444
activity,28.627548,77.2051145
activity,28.6385772,77.20553
activity,28.6361721,77.2039027
activity,28.6378371,77.206385
activity,28.6376275,77.2064836
activity,28.6323856,77.2126777
activity,28.6397917,77.2032066
activity,28.640719,77.203153
activity,28.6386112,77.2031028
activity,28.6375255,77.2022821
activity,28.6371797,77.2014005
activity,28.636311,77.2003627
activity,28.642139,77.2027801
activity,28.5291568,77.2024725
activity,28.5382668,77.2043618
activity,28.5386363,77.2044028
activity,28.5373537,77.2003214
activity,28.6103867,77.1382444
activity,28.5761506,77.1740875
activity,28.5970688,77.1326217
activity,28.5974783,77.1219268
activity,28.5920966,77.1946163
activity,28.5981239,77.1319979
activity,28.5570669,77.2080404
activity,28.6329172,77.2105108
activity,28.6350794,77.2039274
activity,28.6174254,77.1946567
activity,28.5967972,77.1341472
activity,28.5633678,77.1855635
activity,28.581381,77.2234228
activity,28.5814695,77.2242766
activity,28.6236789,77.1385482
activity,28.6215654,77.1395623
activity,28.5662211,77.1978151
activity,28.5678627,77.2105672
activity,28.6361149,77.1929927
activity,28.6335045,77.200947
activity,28.5657239,77.1888611
activity,28.6196084,77.1372241
activity,28.6399812,77.190404
activity,28.5422329,77.2209546
activity,28.5468778,77.214043
activity,28.5733981,77.120549
activity,28.5491282,77.2116185
activity,28.5499596,77.2145302
activity,28.6488005,77.2081072
activity,28.6501414,77.1211773
activity,28.6201595,77.2236649
activity,28.6187155,77.2101494
activity,28.6475698,77.2086055
activity,28.6337362,77.2178181
activity,28.6213633,77.1110907
activity,28.6453817,77.2162089
activity,28.6269494,77.2197446
activity,28.6270536,77.2197474
activity,28.6369929,77.2181323
activity,28.6336855,77.216587
activity,28.569163,77.2195704
activity,28.5694958,77.2195788
activity,28.5727418,77.2103487
activity,28.5726335,77.2103415
activity,28.6483362,77.1418321
activity,28.6468352,77.1403256
activity,28.6419728,77.2198775
activity,28.6172436,77.2135076
activity,28.6310249,77.2218734
activity,28.6290518,77.2188985
activity,28.6346461,77.218215
activity,28.562504,77.1973067
activity,28.5286361,77.2193321
activity,28.5288876,77.2195155
activity,28.528845,77.2196136
activity,28.5283888,77.2187361
activity,28.528622,77.2192666
activity,28.5284007,77.2193215
activity,28.5283354,77.2189539
activity,28.5284745,77.2186875
activity,28.528796,77.219543
activity,28.5293559,77.2194834
activity,28.5602296,77.2099221
activity,28.5810724,77.2196248
activity,28.572678,77.1969116
activity,28.5730277,77.1970022
activity,28.5730287,77.1970567
activity,28.5953793,77.1771575
activity,28.5738721,77.1927711
activity,28.6482565,77.1736471
activity,28.6345495,77.2191454
activity,28.5538007,77.1798642
activity,28.5657722,77.1673247
activity,28.6313322,77.2204564
activity,28.6313504,77.2205072
activity,28.5884147,77.1768377
activity,28.6019462,77.1997888
activity,28.5275922,77.1867383
activity,28.5411727,77.1549079
activity,28.5287117,77.2189918
activity,28.5279619,77.2168419
activity,28.5804937,77.1481101
activity,28.5465323,77.2064585
activity,28.7314747,77.1839327
activity,28.7561213,77.147976
activity,28.7653022,77.144597
activity,28.7641611,77.1465098
activity,28.6740388,77.1037651
activity,28.6630585,77.2206204
activity,28.6633196,77.2185803
activity,28.6537629,77.2056378
activity,28.7026476,77.1583077
activity,28.7496454,77.1167453
activity,28.6501699,77.1234549
activity,28.650891,77.1209433
activity,28.6530735,77.1232875
activity,28.6500773,77.1211301
activity,28.6536021,77.1189692
activity,28.6509785,77.1206104
activity,28.6537296,77.132445
activity,28.6537988,77.1324402
activity,28.6961415,77.152883
activity,28.7008618,77.1151548
activity,28.6826588,77.1578285
activity,28.7376563,77.1166344
activity,28.6712618,77.1342091
activity,28.6704182,77.1331706
activity,28.6706967,77.1340584
activity,28.6686219,77.1338794
activity,28.6699013,77.1326211
activity,28.6721011,77.1337166
activity,28.6705878,77.1338365
activity,28.6691241,77.1350452
activity,28.6704978,77.1326497
activity,28.6705911,77.1339317
activity,28.6706413,77.1340058
activity,28.6700091,77.13376
activity,28.670083,77.1331034
activity,28.6704645,77.1287499
activity,28.6677379,77.1393322
activity,28.669552,77.1427218
activity,28.6785602,77.1003075
activity,28.6776074,77.1002235
activity,28.6773173,77.1041577
activity,28.676031,77.1072725
activity,28.6757409,77.1066654
activity,28.6750003,77.1058706
activity,28.6739957,77.1271291
activity,28.6746734,77.1300259
activity,28.6701456,77.1360823
activity,28.6692325,77.1497669
activity,28.672466,77.1525081
activity,28.6544805,77.1542998
activity,28.6523388,77.1570734
activity,28.6535437,77.1658655
activity,28.652348,77.1655973
activity,28.6541792,77.1660801
activity,28.6699715,77.142078
activity,28.7043878,77.1407177
activity,28.6601885,77.1462516
activity,28.6896388,77.1560501
activity,28.6967023,77.2116936
activity,28.7074313,77.2246535
activity,28.6757026,77.1976427
activity,28.6910615,77.2075455
activity,28.6724708,77.1547603
activity,28.7551761,77.1344924
activity,28.7212501,77.1093964
activity,28.730428,77.1213536
activity,28.7581039,77.1316427
activity,28.7474738,77.1194361
activity,28.7117187,77.2155308
activity,28.7180141,77.1103196
activity,28.657401,77.2231422
activity,28.6943167,77.2040527
activity,28.6950914,77.204247
activity,28.6948338,77.2042758
activity,28.7375082,77.1364288
activity,28.7374777,77.1361351
activity,28.6925244,77.1120128
activity,28.6927134,77.1114558
activity,28.7055816,77.2119768
activity,28.7058631,77.2121825
activity,28.6862239,77.1913
activity,28.6847133,77.1897443
activity,28.6850756,77.1908709
activity,28.6934864,77.2108906
activity,28.6786683,77.2072566
activity,28.6787262,77.2069718
activity,28.678833,77.2068704
activity,28.6785742,77.207262
activity,28.6787342,77.2066236
activity,28.6931761,77.2109983
activity,28.7395682,77.1191981
activity,28.7149158,77.2160182
activity,28.7127023,77.2154568
activity,28.7138437,77.2160495
activity,28.7144613,77.2170585
activity,28.6939915,77.1081266
activity,28.7140551,77.1159961
activity,28.69579,77.1403379
activity,28.6950378,77.1405503
activity,28.6896904,77.1351273
activity,28.6955776,77.1390954
activity,28.6870073,77.134753
activity,28.6892728,77.1332391
activity,28.6887399,77.134831
activity,28.6851622,77.1288564
activity,28.6852169,77.1314226
activity,28.6846669,77.1300781
activity,28.6847116,77.1301961
activity,28.6837456,77.1328985
activity,28.6843068,77.1284111
activity,28.684308,77.128328
activity,28.6846057,77.1322748
activity,28.684748,77.1300888
activity,28.6847739,77.1297804
activity,28.6847869,77.1297361
activity,28.6849945,77.1324834
activity,28.6850986,77.1325109
activity,28.6851022,77.1287772
activity,28.6851939,77.1316204
activity,28.6856563,77.1317974
activity,28.6866104,77.1323486
activity,28.6866716,77.1323164
activity,28.6836786,77.1358422
activity,28.69823,77.2044712
activity,28.6929644,77.2056247
activity,28.6579313,77.2232559
activity,28.6996363,77.1454907
activity,28.6804,77.2058387
activity,28.6626757,77.2150403
activity,28.6576906,77.208325
activity,28.6622022,77.1069248
activity,28.6578826,77.1460252
activity,28.6507071,77.1206055
activity,28.6838443,77.1302511
activity,28.6840867,77.1273147
activity,28.6869377,77.1222176
activity,28.6723785,77.1529427
activity,28.6737578,77.143128
activity,28.688357,77.1218252
activity,28.6883445,77.1218091
activity,28.6882438,77.1212148
activity,28.6882544,77.1214711
activity,28.6887873,77.1271218
activity,28.6891334,77.1259071
activity,28.6884465,77.1238183
activity,28.6883534,77.1216542
activity,28.7009228,77.1359545
activity,28.7015222,77.1351148
activity,28.6917127,77.1167138
activity,28.6918581,77.1168424
activity,28.7028399,77.1231657
activity,28.7034912,77.1000205
activity,28.7011545,77.1163405
activity,28.6981024,77.115816
activity,28.7057871,77.1022914
activity,28.7117973,77.1023916
activity,28.7168703,77.1142763
activity,28.7150994,77.1160674
activity,28.7165032,77.1137155
activity,28.7051428,77.1699743
activity,28.6933157,77.1517261
activity,28.692716,77.1516171
activity,28.6572038,77.2228524
activity,28.6572751,77.2201752
activity,28.7359418,77.1281505
activity,28.7369367,77.126039
activity,28.6628679,77.124514
activity,28.6672719,77.1192683
activity,28.6628309,77.1295389
activity,28.6689849,77.1424226
activity,28.6696114,77.2051028
activity,28.6715328,77.2005269
activity,28.6714056,77.2002527
activity,28.6731902,77.2002904
activity,28.6738932,77.2016645
activity,28.6752346,77.1939022
activity,28.6756449,77.1986064
activity,28.6747875,77.2017075
activity,28.6761787,77.199741
activity,28.6762756,77.1999356
activity,28.6579615,77.2233418
activity,28.6580412,77.223216
activity,28.6565174,77.2246065
activity,28.657558,77.2231804
activity,28.6823173,77.2060242
activity,28.7145169,77.1529575
activity,28.713696,77.1546761
activity,28.7396725,77.1193927
activity,28.7394555,77.1193392
activity,28.7397795,77.1195329
activity,28.736244,77.1286132
activity,28.7393172,77.1206528
activity,28.7366798,77.1276322
activity,28.738611,77.1215482
activity,28.7386408,77.1214996
activity,28.7385379,77.1214922
activity,28.7388408,77.1212083
activity,28.739206,77.1207726
activity,28.7389023,77.1211106
activity,28.7383821,77.1219994
activity,28.7389946,77.1210837
activity,28.7381832,77.122153
activity,28.7364236,77.1207824
activity,28.7364315,77.1210048
activity,28.7364658,77.1209198
activity,28.7363305,77.1284258
activity,28.7386759,77.1247396
activity,28.7364974,77.128777
activity,28.7370886,77.129468
activity,28.7386291,77.1248986
activity,28.7396141,77.1233459
activity,28.7364588,77.1250173
activity,28.7194752,77.1097988
activity,28.74089,77.1330149
activity,28.7408172,77.133125
activity,28.7413557,77.1323967
activity,28.7407466,77.133232
activity,28.7406101,77.1334386
activity,28.7412506,77.1325362
activity,28.7392311,77.1306159
activity,28.7391855,77.118418
activity,28.7343884,77.1241974
activity,28.7342137,77.1242988
activity,28.7343445,77.1241508
activity,28.7391895,77.1351639
activity,28.7390615,77.1353427
activity,28.740424,77.1216834
activity,28.7367974,77.1291872
activity,28.7395318,77.123207
activity,28.7345767,77.1250875
activity,28.734744,77.1248235
activity,28.7373021,77.1249013
activity,28.7394895,77.1232675
activity,28.7346232,77.1241352
activity,28.7393538,77.1182573
activity,28.7395318,77.1203743
activity,28.6641199,77.1594616
activity,28.7347872,77.1192424
activity,28.7349852,77.1195497
activity,28.7350339,77.1195844
activity,28.7362121,77.12079
activity,28.6673165,77.2201688
activity,28.6621608,77.2068111
activity,28.6650237,77.2145536
activity,28.6939117,77.1026607
activity,28.7151123,77.2068019
activity,28.6682825,77.1373251
activity,28.653096,77.1237821
activity,28.6683675,77.1372486
activity,28.6528915,77.192125
activity,28.6536714,77.1916577
activity,28.6778452,77.2054951
activity,28.6578827,77.1888491
activity,28.6537063,77.189157
activity,28.7135177,77.1095424
activity,28.7301431,77.1327411
activity,28.6520416,77.1566174
activity,28.6959475,77.2159162
activity,28.6864539,77.1519609
activity,28.7028152,77.192844
activity,28.7065133,77.1852815
activity,28.6854999,77.1487473
activity,28.6889696,77.2095968
activity,28.685271,77.2098448
activity,28.6547263,77.1377879
activity,28.6523726,77.1561668
activity,28.6507461,77.1253301
activity,28.6982924,77.2070234
activity,28.698597,77.20547
activity,28.6989193,77.2053774
activity,28.6989398,77.2053311
activity,28.6930943,77.2048245
activity,28.6931302,77.2048022
activity,28.6928183,77.204993
activity,28.6928074,77.2050008
activity,28.7210617,77.2171553
activity,28.6624722,77.1853223
activity,28.6594663,77.1912379
activity,28.657125,77.1960191
activity,28.669849,77.1026183
activity,28.6591084,77.2127493
activity,28.6621326,77.2120005
activity,28.6649179,77.2151133
activity,28.6602835,77.2131021
activity,28.6577484,77.2152058
activity,28.6590026,77.2127144
activity,28.6622332,77.2120361
activity,28.6672051,77.2163975
activity,28.6610711,77.2117518
activity,28.6591305,77.2127601
activity,28.6601611,77.2130942
activity,28.657461,77.2156872
activity,28.6565626,77.215738
activity,28.6623176,77.2154479
activity,28.6520332,77.220882
activity,28.6564901,77.1837331
activity,28.7069273,77.1072435
activity,28.6539476,77.1910033
activity,28.6539198,77.191078
activity,28.6520236,77.192417
activity,28.6522781,77.1918029
activity,28.6514487,77.1591527
activity,28.6513365,77.159332
activity,28.6731492,77.1704827
activity,28.6923651,77.1526673
activity,28.6919943,77.1541664
activity,28.6928509,77.1528561
activity,28.6928833,77.152833
activity,28.6567781,77.2234579
activity,28.6594215,77.190059
activity,28.6825138,77.2056697
activity,28.6599133,77.2235649
activity,28.7117234,77.1177571
activity,28.7194201,77.1096302
activity,28.7023935,77.2074733
activity,28.7021079,77.2090961
activity,28.7029756,77.2059397
activity,28.7014595,77.207078
activity,28.7032438,77.2096282
activity,28.702617,77.2075501
activity,28.7026547,77.2066703
activity,28.7137306,77.2163336
activity,28.7134361,77.2161665
activity,28.7135899,77.2167691
activity,28.7136906,77.216454
activity,28.7137706,77.2168936
activity,28.7139863,77.2164524
activity,28.7134535,77.2161753
activity,28.7139677,77.2165599
activity,28.7137038,77.1093751
activity,28.6955647,77.1883218
activity,28.7008342,77.1361351
activity,28.7007225,77.1362772
activity,28.7007413,77.1362383
activity,28.6556314,77.2006596
activity,28.7144056,77.1296923
activity,28.6894512,77.177879
activity,28.6910247,77.1197309
activity,28.7246928,77.1518297
activity,28.7118409,77.1140943
activity,28.7029695,77.1558293
activity,28.7117425,77.1189585
activity,28.6960958,77.1527752
activity,28.6722893,77.2174669
activity,28.6797211,77.194019
activity,28.675894,77.159071
activity,28.6730994,77.1647662
activity,28.6717457,77.1558613
activity,28.6613296,77.1415821
activity,28.6607192,77.1421639
activity,28.657434,77.142548
activity,28.6549169,77.1402357
activity,28.6538198,77.1361832
activity,28.65228,77.1407967
activity,28.6504554,77.1426681
activity,28.7094086,77.112844
activity,28.7278904,77.1294083
activity,28.7185808,77.1250359
activity,28.7187798,77.1252694
activity,28.7104326,77.1131248
activity,28.710397,77.1132755
activity,28.7169884,77.1144367
activity,28.6574827,77.1457326
activity,28.7060642,77.1896896
activity,28.7346851,77.1135715
activity,28.696229,77.1340257
activity,28.7172809,77.1215023
activity,28.7012989,77.1356965
activity,28.6824981,77.2002125
activity,28.7000929,77.1355929
activity,28.7091384,77.1353944
activity,28.7352203,77.1312599
activity,28.6611478,77.149371
activity,28.6984782,77.1387326
activity,28.7058693,77.1897311
activity,28.6938158,77.1722361
activity,28.6596548,77.2088148
activity,28.7087148,77.1116283
activity,28.6821519,77.1990491
activity,28.6771739,77.1962043
activity,28.6875592,77.1856137
activity,28.6875898,77.1857224
activity,28.6877239,77.1860362
activity,28.6877225,77.1863852
activity,28.6874682,77.1849301
activity,28.6874041,77.1838507
activity,28.6871508,77.1835083
activity,28.6871104,77.18348
activity,28.6870707,77.1834513
activity,28.6872379,77.1836492
activity,28.6872072,77.1836084
activity,28.6869603,77.183296
activity,28.6818094,77.1846778
activity,28.6840184,77.1827017
activity,28.6922478,77.1777771
activity,28.6923631,77.1778173
activity,28.6923866,77.1780345
activity,28.6922784,77.1779809
activity,28.6920972,77.1778012
activity,28.6919537,77.1781552
activity,28.6802394,77.1853246
activity,28.6801078,77.1944623
activity,28.6820625,77.1844173
activity,28.6833867,77.1688294
activity,28.6830196,77.1690824
activity,28.6836524,77.1714766
activity,28.6835329,77.1716311
activity,28.6836221,77.1715193
activity,28.6835319,77.1718947
activity,28.6798884,77.186336
activity,28.6809143,77.1764423
activity,28.68297,77.1784205
activity,28.6912153,77.1764302
activity,28.6912789,77.1762869
activity,28.6877948,77.1741473
activity,28.6913534,77.1761506
activity,28.6916593,77.1755879
activity,28.6923966,77.1745933
activity,28.6926444,77.1743691
activity,28.6913806,77.174696
activity,28.6781383,77.188526
activity,28.6930879,77.1734676
activity,28.6926987,77.1727905
activity,28.6934192,77.1715787
activity,28.6937863,77.1714974
activity,28.6738437,77.1697399
activity,28.6736257,77.1700293
activity,28.68817,77.1841782
activity,28.6964837,77.1796544
activity,28.6960699,77.1795941
activity,28.696102,77.1798238
activity,28.6963196,77.1793168
activity,28.6904539,77.1603499
activity,28.6792447,77.1954975
activity,28.6787581,77.1951278
activity,28.6800664,77.1943915
activity,28.6801043,77.1955561
activity,28.6791582,77.1943175
activity,28.6810071,77.1972921
activity,28.6811314,77.1978529
activity,28.6811125,77.1977943
activity,28.6817774,77.1980647
activity,28.6814938,77.198686
activity,28.681665,77.1986779
activity,28.6819146,77.1990905
activity,28.6821322,77.1989909
activity,28.6919808,77.2073916
activity,28.6919142,77.2073932
activity,28.6921292,77.2070129
activity,28.6923095,77.2065901
activity,28.6921585,77.2069261
activity,28.6907944,77.2079158
activity,28.6829678,77.2067584
activity,28.6763738,77.2026689
activity,28.7330379,77.1286156
activity,28.7258907,77.1435129
activity,28.7117643,77.1624115
activity,28.711728,77.1624768
activity,28.7268363,77.1573718
activity,28.6531263,77.1562904
activity,28.653231,77.1561147
activity,28.6590329,77.1467793
activity,28.6842429,77.1382405
activity,28.6836946,77.1357568
activity,28.6840234,77.1291894
activity,28.6964486,77.1842968
activity,28.7264716,77.17127
activity,28.726795,77.172629
activity,28.7016641,77.1337189
activity,28.7748113,77.1718034
activity,28.6565672,77.2238129
activity,28.6564863,77.224811
activity,28.6568022,77.2236461
activity,28.654317,77.1274401
activity,28.6539755,77.127697
activity,28.6528063,77.1273471
activity,28.7228398,77.1345663
activity,28.7278625,77.1701929
activity,28.7028326,77.1680278
activity,28.6721321,77.1814996
activity,28.6571715,77.2210422
activity,28.656953,77.2146288
activity,28.7248053,77.1704805
activity,28.7247918,77.1701232
activity,28.7233544,77.1720957
activity,28.7251623,77.1721004
activity,28.7244787,77.1703668
activity,28.7245317,77.1724978
activity,28.7235217,77.1712666
activity,28.724821,77.1701075
activity,28.7254948,77.1704435
activity,28.7243716,77.1726465
activity,28.7246014,77.1702275
activity,28.7238148,77.1686636
activity,28.7230364,77.1693601
activity,28.7218922,77.1702244
activity,28.7223785,77.1698714
activity,28.7229601,77.1700813
activity,28.6504443,77.1923023
activity,28.6504097,77.1922798
activity,28.7309246,77.172428
activity,28.729215,77.1738013
activity,28.7290317,77.1737135
activity,28.7286709,77.1741275
activity,28.7324034,77.1734914
activity,28.732065,77.1737714
activity,28.7296215,77.1752874
activity,28.7305028,77.1749286
activity,28.730006,77.1751606
activity,28.730059,77.1750222
activity,28.7304306,77.1749861
activity,28.730196,77.1748293
activity,28.7301682,77.1751971
activity,28.7344289,77.1745198
activity,28.7332992,77.17323
activity,28.7331499,77.1729695
activity,28.7332052,77.1730713
activity,28.7331735,77.1730105
activity,28.7332669,77.1731704
activity,28.7308736,77.1769705
activity,28.7313536,77.1776862
activity,28.726531,77.1712207
activity,28.7268614,77.1709985
activity,28.7272701,77.1706691
activity,28.726511,77.1713844
activity,28.7286955,77.1716581
activity,28.7270456,77.1722535
activity,28.7296414,77.1709466
activity,28.7271448,77.1724604
activity,28.7295703,77.1709881
activity,28.7281415,77.1722631
activity,28.727263,77.1726745
activity,28.7271148,77.1723901
activity,28.7296082,77.1709597
activity,28.728234,77.1718834
activity,28.729945,77.1707212
activity,28.7302913,77.170443
activity,28.7306004,77.1693363
activity,28.730623,77.168946
activity,28.7305729,77.1685116
activity,28.7287804,77.1717985
activity,28.729069,77.1737131
activity,28.7291396,77.1736264
activity,28.727035,77.1654897
activity,28.7272879,77.1646416
activity,28.724623,77.1679108
activity,28.7259956,77.1640723
activity,28.7345324,77.1678719
activity,28.7354528,77.1679292
activity,28.7347438,77.1681592
activity,28.7343679,77.1684723
activity,28.7347093,77.168264
activity,28.7347906,77.1681638
activity,28.7349359,77.1679022
activity,28.7342374,77.1680183
activity,28.7331429,77.1681414
activity,28.7331052,77.1681859
activity,28.7330496,77.1679149
activity,28.7328186,77.1680802
activity,28.732612,77.1675431
activity,28.7293228,77.1666572
activity,28.7283784,77.1676264
activity,28.7284401,77.1672648
activity,28.725288,77.1659148
activity,28.7246228,77.1663972
activity,28.7245913,77.1647672
activity,28.7250301,77.1654254
activity,28.7284079,77.1638788
activity,28.7291525,77.1637661
activity,28.7291674,77.1646615
activity,28.7288667,77.1630183
activity,28.7289383,77.1630529
activity,28.7319579,77.1694699
activity,28.7294654,77.1623911
activity,28.7298623,77.1621745
activity,28.7290084,77.1627219
activity,28.7298008,77.162149
activity,28.730482,77.1618221
activity,28.7304506,77.161779
activity,28.7304991,77.1618763
activity,28.7322951,77.1610431
activity,28.731982,77.1612881
activity,28.7321689,77.1607982
activity,28.7318461,77.1606858
activity,28.7312974,77.1610322
activity,28.7320751,77.1604659
activity,28.7323807,77.1611728
activity,28.7313807,77.1609799
activity,28.7316846,77.1607512
activity,28.7325795,77.1612139
activity,28.7324068,77.160915
activity,28.7323679,77.1608578
activity,28.7329808,77.1619557
activity,28.7329598,77.1619715
activity,28.729015,77.1648767
activity,28.7296684,77.1643006
activity,28.7298004,77.1643124
activity,28.7289459,77.1648385
activity,28.7301369,77.1639534
activity,28.729003,77.1648857
activity,28.7289874,77.1649013
activity,28.7301777,77.1640105
activity,28.7300439,77.1638349
activity,28.7297264,77.1641519
activity,28.7301542,77.1640267
activity,28.7292735,77.1646909
activity,28.7301206,77.1639666
activity,28.7291123,77.1647096
activity,28.7302576,77.1639537
activity,28.7290325,77.1647698
activity,28.7303472,77.1637491
activity,28.7312479,77.163111
activity,28.7320041,77.1625612
activity,28.7325669,77.162163
activity,28.7324166,77.162273
activity,28.7326297,77.1621166
activity,28.7309012,77.1634922
activity,28.7320713,77.1624113
activity,28.7306983,77.1636398
activity,28.7319542,77.1626109
activity,28.7303486,77.1638963
activity,28.7317564,77.1627455
activity,28.7305108,77.1635713
activity,28.7303714,77.1636018
activity,28.7306923,77.1634197
activity,28.7315287,77.1629143
activity,28.7326406,77.162203
activity,28.732085,77.1624373
activity,28.731997,77.1626839
activity,28.7314862,77.1628942
activity,28.7305602,77.1633984
activity,28.7228015,77.167094
activity,28.7228857,77.1670429
activity,28.7257918,77.1738083
activity,28.7258788,77.173002
activity,28.7251023,77.1742961
activity,28.7252128,77.1742531
activity,28.7258865,77.1747069
activity,28.7266845,77.1734284
activity,28.7259348,77.1739913
activity,28.7264021,77.1752083
activity,28.7264913,77.1755024
activity,28.7262852,77.1737264
activity,28.7267223,77.1734036
activity,28.7259204,77.1739961
activity,28.7318969,77.1686603
activity,28.7314318,77.169107
activity,28.7318461,77.1688018
activity,28.7314371,77.1691243
activity,28.7318171,77.1687255
activity,28.7322003,77.1666191
activity,28.7323942,77.1664845
activity,28.7324193,77.1666116
activity,28.7323227,77.1663482
activity,28.7261039,77.1757856
activity,28.7261039,77.175404
activity,28.7259479,77.1752799
activity,28.7286464,77.1761994
activity,28.7083094,77.1559464
activity,28.7004006,77.1843559
activity,28.7040408,77.1582589
activity,28.7072002,77.159657
activity,28.7285036,77.176951
activity,28.7277702,77.1762193
activity,28.7278297,77.1763252
activity,28.7282091,77.176539
activity,28.7277154,77.1760467
activity,28.7278283,77.1762311
activity,28.7278971,77.1764232
activity,28.7281678,77.1764884
activity,28.7285976,77.1769746
activity,28.727037,77.1759391
activity,28.7278517,77.1763527
activity,28.7286462,77.1779757
activity,28.7278862,77.1782205
activity,28.7234195,77.1711708
activity,28.7274508,77.1787342
activity,28.7267642,77.1783731
activity,28.7270941,77.1790387
activity,28.7281713,77.1775602
activity,28.7272958,77.1782274
activity,28.7225497,77.1655681
activity,28.722724,77.1668102
activity,28.7223155,77.1697157
activity,28.7217469,77.1691371
activity,28.7223865,77.1663359
activity,28.7223222,77.169747
activity,28.7218487,77.1693673
activity,28.7219778,77.1694581
activity,28.7216534,77.1695425
activity,28.7226838,77.1666781
activity,28.7227903,77.16692
activity,28.7218795,77.1693737
activity,28.7209337,77.1684253
activity,28.7210683,77.1686167
activity,28.7211202,77.1686145
activity,28.7217719,77.1682935
activity,28.721083,77.1686256
activity,28.7200473,77.1678278
activity,28.7199368,77.1678557
activity,28.7204949,77.1682732
activity,28.7202814,77.1681427
activity,28.7209969,77.1694487
activity,28.7215045,77.1690681
activity,28.7213661,77.1689595
activity,28.720425,77.16873
activity,28.7201466,77.1684492
activity,28.7228187,77.1672561
activity,28.7222476,77.1696391
activity,28.720157,77.1684474
activity,28.7208999,77.1694924
activity,28.7219437,77.169297
activity,28.721817,77.1693137
activity,28.7220395,77.16948
activity,28.7202665,77.1685764
activity,28.7198933,77.1680567
activity,28.7230399,77.1673641
activity,28.7243163,77.1682228
activity,28.7243991,77.1681702
activity,28.7240739,77.1661379
activity,28.7236379,77.1687467
activity,28.7237586,77.1685912
activity,28.7243354,77.1660777
activity,28.7235469,77.1669192
activity,28.7234325,77.1655647
activity,28.7233912,77.1656629
activity,28.7233832,77.1658233
activity,28.723407,77.1654923
activity,28.7319878,77.1676637
activity,28.732408,77.1681145
activity,28.7323588,77.1664169
activity,28.7335313,77.1670311
activity,28.7323157,77.1684852
activity,28.7322036,77.1706382
activity,28.7238755,77.1662724
activity,28.7238743,77.1663681
activity,28.722588,77.1656427
activity,28.7207739,77.1702351
activity,28.7209134,77.1706381
activity,28.7208831,77.1705117
activity,28.7199115,77.1704823
activity,28.7209109,77.1706397
activity,28.7200079,77.1703615
activity,28.7194795,77.1703739
activity,28.7190197,77.1699301
activity,28.7198299,77.1712227
activity,28.732121,77.16482
activity,28.7311447,77.1653771
activity,28.7323881,77.1644392
activity,28.7303399,77.1659698
activity,28.7321101,77.1646372
activity,28.7307493,77.1658606
activity,28.7333737,77.1637344
activity,28.7332963,77.1638004
activity,28.7324851,77.1643723
activity,28.7329272,77.1642133
activity,28.7335055,77.1630837
activity,28.7334929,77.1636315
activity,28.732413,77.1644222
activity,28.73336,77.1637475
activity,28.7328724,77.1643092
activity,28.732826,77.1644332
activity,28.7279072,77.1617092
activity,28.7280126,77.1617151
activity,28.7313437,77.1604457
activity,28.7313982,77.1604057
activity,28.7273975,77.1631025
activity,28.7276958,77.162385
activity,28.7277156,77.1624669
activity,28.7276726,77.1625074
activity,28.7235897,77.165837
activity,28.727329,77.1620355
activity,28.7273851,77.1620006
activity,28.727351,77.1620215
activity,28.7410987,77.1660389
activity,28.7439332,77.1666395
activity,28.7440337,77.1666418
activity,28.7413451,77.1659427
activity,28.7184776,77.1697907
activity,28.7289581,77.1733823
activity,28.7289507,77.1733902
activity,28.7313196,77.1699356
activity,28.7315433,77.171268
activity,28.7315433,77.1710795
activity,28.731671,77.1718959
activity,28.6798308,77.1999608
activity,28.6848676,77.1962728
activity,28.6943452,77.1943027
activity,28.7067426,77.1843879
activity,28.7147611,77.1768681
activity,28.7154052,77.1778619
activity,28.7147981,77.1771631
activity,28.7145312,77.1785494
activity,28.7172861,77.1704775
activity,28.7175542,77.1701869
activity,28.7176148,77.1709596
activity,28.7190587,77.170957
activity,28.7189921,77.170899
activity,28.6990132,77.2050992
activity,28.7186994,77.1725939
activity,28.7191,77.1734661
activity,28.7188753,77.1728384
activity,28.6756668,77.2076534
activity,28.6781295,77.2080839
activity,28.6781342,77.2081093
activity,28.6781389,77.2081362
activity,28.6781389,77.208167
activity,28.7201488,77.1727167
activity,28.7218532,77.1727146
activity,28.7195471,77.1740878
activity,28.7192005,77.174816
activity,28.7194818,77.1747062
activity,28.7190207,77.1750924
activity,28.7402963,77.1626812
activity,28.7407761,77.1626894
activity,28.7406287,77.1627748
activity,28.7404222,77.1629037
activity,28.7406926,77.1625755
activity,28.7406356,77.1627691
activity,28.740675,77.1626304
activity,28.7400286,77.1628737
activity,28.7400154,77.1625351
activity,28.7400685,77.1629043
activity,28.7402485,77.1622848
activity,28.7407553,77.1619305
activity,28.7404992,77.1621337
activity,28.740646,77.1616837
activity,28.7406444,77.1613683
activity,28.740504,77.1611267
activity,28.7408028,77.1611619
activity,28.740735,77.1611904
activity,28.7404929,77.1609982
activity,28.7406841,77.1624392
activity,28.7409847,77.1612136
activity,28.7409272,77.1622232
activity,28.7410119,77.161426
activity,28.7408626,77.1614157
activity,28.7410148,77.1619978
activity,28.7411179,77.161157
activity,28.7409352,77.1619126
activity,28.7412381,77.1622577
activity,28.7414218,77.162634
activity,28.7414215,77.1626733
activity,28.7408987,77.162491
activity,28.7409539,77.1622121
activity,28.7399561,77.1613344
activity,28.7401909,77.1616256
activity,28.7396471,77.1622892
activity,28.7396559,77.1623534
activity,28.7397325,77.161328
activity,28.7400144,77.1610078
activity,28.7169178,77.1707499
activity,28.7142373,77.1728974
activity,28.7168692,77.1708067
activity,28.7134486,77.1735919
activity,28.7138478,77.1732043
activity,28.7131133,77.1728325
activity,28.7131638,77.1729233
activity,28.7396425,77.1619462
activity,28.7421661,77.1626227
activity,28.7419828,77.1627082
activity,28.7434238,77.166172
activity,28.739314,77.1600303
activity,28.7392925,77.1600913
activity,28.7395622,77.1611129
activity,28.7396629,77.1616865
activity,28.7400848,77.161144
activity,28.7403084,77.1619979
activity,28.7400888,77.1611524
activity,28.7238166,77.1681578
activity,28.6505059,77.2211136
activity,28.6508835,77.2208886
activity,28.714353,77.1768852
activity,28.7146352,77.1787741
activity,28.7145992,77.1768999
activity,28.7142972,77.1768474
activity,28.7143352,77.1793274
activity,28.7181257,77.1720414
activity,28.718721,77.1728625
activity,28.7183774,77.1720718
activity,28.7234099,77.1657065
activity,28.7333773,77.1697176
activity,28.7413792,77.1615742
activity,28.7413177,77.1611544
activity,28.7415186,77.1615827
activity,28.7177056,77.1700544
activity,28.7162813,77.1737463
activity,28.7143205,77.1728184
activity,28.7158551,77.1735214
activity,28.7139658,77.1731264
activity,28.7162504,77.1737787
activity,28.7148197,77.1722827
activity,28.714663,77.1724584
activity,28.7167011,77.1733993
activity,28.7172984,77.1722533
activity,28.7400126,77.1340093
activity,28.7415578,77.1321707
activity,28.7424534,77.1320311
activity,28.7417255,77.1330596
activity,28.7416944,77.1334358
activity,28.7406117,77.1343247
activity,28.7236828,77.1732359
activity,28.7049252,77.1895997
activity,28.7451312,77.1657522
activity,28.7444039,77.1656529
activity,28.7449235,77.1654671
activity,28.7462287,77.166795
activity,28.6975909,77.2072301
activity,28.7066112,77.1843337
activity,28.7154608,77.1738866
activity,28.7140584,77.1799272
activity,28.7148239,77.1768218
activity,28.745528,77.1699739
activity,28.7546649,77.163391
activity,28.754325,77.1634577
activity,28.7548078,77.1628043
activity,28.7541739,77.1629476
activity,28.7549203,77.1634635
activity,28.7546762,77.1632858
activity,28.7535154,77.1633598
activity,28.7536039,77.1627035
activity,28.7537515,77.1627529
activity,28.7533337,77.1639074
activity,28.7533527,77.163365
activity,28.7535842,77.1627782
activity,28.7533446,77.1639875
activity,28.7319119,77.170874
activity,28.7541867,77.1619348
activity,28.7544299,77.1626075
activity,28.7543788,77.1617225
activity,28.7544856,77.1622234
activity,28.7546872,77.1617128
activity,28.7393961,77.1487337
activity,28.7230215,77.1673398
activity,28.7225393,77.1656074
activity,28.7532682,77.161714
activity,28.7538187,77.1626123
activity,28.7534815,77.1616166
activity,28.7534802,77.1618425
activity,28.7536915,77.162267
activity,28.7528296,77.1616791
activity,28.7532598,77.1617664
activity,28.7526962,77.1625761
activity,28.7532476,77.1616553
activity,28.7535458,77.1618675
activity,28.7535536,77.1616592
activity,28.7539714,77.1617248
activity,28.7535436,77.1618138
activity,28.7542203,77.1618185
activity,28.7527885,77.1617544
activity,28.7538838,77.1626011
activity,28.7539423,77.1627311
activity,28.753483,77.1616634
activity,28.7539665,77.1617715
activity,28.7261865,77.1737916
activity,28.7260887,77.1735982
activity,28.7227489,77.1730941
activity,28.7227299,77.1730533
activity,28.7230912,77.1741628
activity,28.7224058,77.1732585
activity,28.7250199,77.1610882
activity,28.7249127,77.1612408
activity,28.7248254,77.1608015
activity,28.7243486,77.160455
activity,28.7246496,77.1607863
activity,28.7247748,77.1608709
activity,28.7245698,77.1606082
activity,28.7313139,77.1593343
activity,28.7312647,77.1591471
activity,28.7200029,77.1779355
activity,28.7199059,77.1786256
activity,28.7226552,77.1695055
activity,28.7231425,77.169275
activity,28.724014,77.1683621
activity,28.7230079,77.1693886
activity,28.7551751,77.1631194
activity,28.7523487,77.161398
activity,28.7525187,77.1620209
activity,28.7521862,77.1612643
activity,28.7518977,77.1621135
activity,28.7296765,77.1667316
activity,28.7526426,77.1630683
activity,28.7526856,77.1628177
activity,28.7523066,77.1637382
activity,28.7433969,77.1614767
activity,28.743316,77.1605654
activity,28.7433946,77.1613464
activity,28.740805,77.1658627
activity,28.741366,77.1660869
activity,28.7404709,77.1658628
activity,28.7437054,77.160185
activity,28.7436096,77.1601827
activity,28.7435786,77.1601833
activity,28.7437869,77.1602993
activity,28.7436714,77.1601854
activity,28.7438961,77.1606342
activity,28.7433648,77.1601656
activity,28.7432969,77.1596436
activity,28.7433912,77.1587589
activity,28.74318,77.1588565
activity,28.7455363,77.1564401
activity,28.7441418,77.1595133
activity,28.7455706,77.1565878
activity,28.7330394,77.1758523
activity,28.7455964,77.1603265
activity,28.7458063,77.1602071
activity,28.745863,77.1602091
activity,28.748233,77.1578186
activity,28.7484736,77.1574716
activity,28.7465611,77.1598012
activity,28.7482598,77.1595685
activity,28.7482684,77.1590059
activity,28.7483392,77.1595388
activity,28.74656,77.1596283
activity,28.7504382,77.1581574
activity,28.7466081,77.159762
activity,28.7477354,77.1584606
activity,28.7467667,77.158808
activity,28.7464015,77.15834
activity,28.7469944,77.1585809
activity,28.7470724,77.1587462
activity,28.6568737,77.224514
activity,28.6568061,77.2238005
activity,28.6568221,77.2238605
activity,28.656874,77.2244364
activity,28.6563053,77.224223
activity,28.6569038,77.2241443
activity,28.6567549,77.2231623
activity,28.6564171,77.224138
activity,28.6567781,77.2242219
activity,28.6564771,77.2241513
activity,28.6565028,77.2247365
activity,28.6565486,77.2238755
activity,28.7472041,77.1564602
activity,28.7466092,77.1574391
activity,28.7477785,77.1565337
activity,28.7466291,77.1587367
activity,28.7481599,77.1566508
activity,28.7466262,77.1602243
activity,28.7472146,77.156647
activity,28.7186759,77.1758611
activity,28.7192869,77.1757957
activity,28.7182459,77.1754413
activity,28.7201841,77.1778744
activity,28.7127757,77.1757613
activity,28.7192948,77.1785294
activity,28.7486167,77.154503
activity,28.748765,77.1569815
activity,28.7491434,77.1546566
activity,28.7487705,77.1573002
activity,28.7490357,77.15452
activity,28.7486875,77.1545668
activity,28.7126877,77.1783813
activity,28.7127497,77.1783414
activity,28.7125363,77.1784823
activity,28.7127089,77.1788822
activity,28.7463244,77.1535239
activity,28.746317,77.153739
activity,28.7468126,77.1535353
activity,28.7468558,77.1545301
activity,28.7463329,77.1536037
activity,28.7467003,77.1528034
activity,28.7470752,77.1538602
activity,28.7489967,77.1540178
activity,28.7500223,77.1524906
activity,28.7496437,77.1518788
activity,28.7497016,77.1522324
activity,28.7502586,77.1526051
activity,28.7490038,77.1533686
activity,28.7506304,77.1520393
activity,28.7494343,77.1519549
activity,28.748913,77.1544515
activity,28.7497043,77.151958
activity,28.7497906,77.1527162
activity,28.7504315,77.1527758
activity,28.7502225,77.1528397
activity,28.7443556,77.1538361
activity,28.7513779,77.1603133
activity,28.7512926,77.1593402
activity,28.7508176,77.1593421
activity,28.7515786,77.1603101
activity,28.7510188,77.1593364
activity,28.7506124,77.1581088
activity,28.7519929,77.1604662
activity,28.7508903,77.1597976
activity,28.7495495,77.1601179
activity,28.7487283,77.1602653
activity,28.7473664,77.1608938
activity,28.7452671,77.1606438
activity,28.7453241,77.1610976
activity,28.7465303,77.1604672
activity,28.7458912,77.1608526
activity,28.7453194,77.1612007
activity,28.7464955,77.1616804
activity,28.746588,77.1616608
activity,28.7465125,77.1608896
activity,28.7452593,77.1612878
activity,28.7464975,77.1616364
activity,28.7324715,77.1653286
activity,28.7324615,77.1652642
activity,28.7322424,77.164875
activity,28.7322366,77.1649128
activity,28.7444627,77.1623227
activity,28.7444236,77.1629254
activity,28.7434605,77.1632682
activity,28.7447333,77.1623274
activity,28.7445739,77.1615135
activity,28.7435204,77.1612108
activity,28.7448798,77.1621668
activity,28.7427655,77.1631385
activity,28.743813,77.1625466
activity,28.7447681,77.1618845
activity,28.7452318,77.1614978
activity,28.7433243,77.1625275
activity,28.7438147,77.163167
activity,28.7412755,77.1644386
activity,28.7397315,77.1606571
activity,28.7414933,77.1608916
activity,28.7412916,77.1608514
activity,28.7417159,77.1612551
activity,28.7393272,77.1605597
activity,28.7417153,77.1607527
activity,28.7393198,77.160487
activity,28.7414915,77.160818
activity,28.7450119,77.1642112
activity,28.7479646,77.1649312
activity,28.7447086,77.1639596
activity,28.7456185,77.1640199
activity,28.7433702,77.1641369
activity,28.7484503,77.1646806
activity,28.7434386,77.1637753
activity,28.7433776,77.1638711
activity,28.7242475,77.112521
activity,28.7595052,77.1765962
activity,28.7611887,77.1762037
activity,28.7610024,77.1752227
activity,28.7588574,77.1771919
activity,28.7609709,77.1763851
activity,28.759517,77.1764875
activity,28.7594451,77.1753668
activity,28.761095,77.1768169
activity,28.7595161,77.17551
activity,28.7597971,77.1777997
activity,28.7594292,77.1774581
activity,28.7613702,77.1764349
activity,28.7601559,77.177318
activity,28.7583857,77.1740649
activity,28.7449649,77.1603122
activity,28.7447957,77.1604029
activity,28.7455083,77.162888
activity,28.7458657,77.1615666
activity,28.7452384,77.1603162
activity,28.7448654,77.1603111
activity,28.7163972,77.1741104
activity,28.7168001,77.1749342
activity,28.7168922,77.1748748
activity,28.7168275,77.1749982
activity,28.7162629,77.1738733
activity,28.7162813,77.1739063
activity,28.7168161,77.1749655
activity,28.7466106,77.1611552
activity,28.7464847,77.1620633
activity,28.7466071,77.1611125
activity,28.7593948,77.1786063
activity,28.7599416,77.17875
activity,28.7188196,77.1125072
activity,28.7169998,77.114111
activity,28.7464673,77.1621963
activity,28.7475701,77.1624323
activity,28.7484812,77.1628542
activity,28.747622,77.1626748
activity,28.7458104,77.1618302
activity,28.7475983,77.16292
activity,28.7476539,77.1624035
activity,28.7469205,77.1626144
activity,28.7452453,77.162057
activity,28.747206,77.1624266
activity,28.7463605,77.162197
activity,28.7464501,77.1623458
activity,28.735558,77.1616162
activity,28.7355678,77.1617256
activity,28.7332309,77.1640181
activity,28.7356567,77.1614565
activity,28.7330917,77.1639384
activity,28.7362167,77.160995
activity,28.7328292,77.1641284
activity,28.7362712,77.1600103
activity,28.7358887,77.1636739
activity,28.7364671,77.1610443
activity,28.7507968,77.1732123
activity,28.7501047,77.1745297
activity,28.7508322,77.1751945
activity,28.750204,77.1745446
activity,28.7508345,77.1751436
activity,28.7512166,77.1753283
activity,28.7512116,77.1802894
activity,28.7513072,77.179843
activity,28.7507796,77.1780474
activity,28.7509316,77.1780303
activity,28.7513644,77.1785892
activity,28.7513638,77.1797248
activity,28.7512073,77.1803899
activity,28.7423423,77.1661409
activity,28.7424105,77.1661194
activity,28.7419924,77.166115
activity,28.7417951,77.1660982
activity,28.7420785,77.166103
activity,28.7415115,77.1659145
activity,28.7417952,77.1659585
activity,28.741373,77.1662199
activity,28.7415048,77.1659576
activity,28.7338624,77.1650819
activity,28.7335151,77.1657206
activity,28.7341184,77.1662684
activity,28.7337188,77.1653534
activity,28.7337467,77.1652802
activity,28.7350476,77.1677968
activity,28.733597,77.1657487
activity,28.7508457,77.1803762
activity,28.7523542,77.1796642
activity,28.7516546,77.1774537
activity,28.7521506,77.1790439
activity,28.7514711,77.1781479
activity,28.7528798,77.1781021
activity,28.7529089,77.1779766
activity,28.7522921,77.1781784
activity,28.7515313,77.179626
activity,28.7530261,77.1745177
activity,28.7543551,77.1786404
activity,28.7525172,77.1741203
activity,28.746381,77.1656208
activity,28.7464698,77.1655988
activity,28.7463893,77.1657824
activity,28.7414864,77.1659575
activity,28.7418229,77.165955
activity,28.7418575,77.165957
activity,28.7414626,77.1659555
activity,28.723214,77.166735
activity,28.7518072,77.1707499
activity,28.7152231,77.1799737
activity,28.750272,77.1685412
activity,28.7511399,77.168971
activity,28.7503442,77.1685447
activity,28.7504677,77.1690421
activity,28.7503641,77.1688869
activity,28.7503454,77.1691259
activity,28.7508133,77.1690426
activity,28.7503568,77.1683676
activity,28.7500498,77.169104
activity,28.7552884,77.1604483
activity,28.7551896,77.1604508
activity,28.7552244,77.1605651
activity,28.7554852,77.1614078
activity,28.7552548,77.1607811
activity,28.7137373,77.1797712
activity,28.7134775,77.1796626
activity,28.7348307,77.1714224
activity,28.7331065,77.1705618
activity,28.7342399,77.1718406
activity,28.7345956,77.1710619
activity,28.7343847,77.1715236
activity,28.7337481,77.1716488
activity,28.73451,77.1713121
activity,28.7341576,77.1717652
activity,28.7256539,77.1647085
activity,28.7280223,77.1714146
activity,28.7274748,77.1716754
activity,28.7276758,77.1716886
activity,28.7275338,77.1717963
activity,28.7278528,77.1720057
activity,28.727926,77.1702806
activity,28.7277898,77.1718905
activity,28.7274818,77.1716885
activity,28.7273358,77.1705868
activity,28.727873,77.1707573
activity,28.7273778,77.1711036
activity,28.7275063,77.1716752
activity,28.7282208,77.1718737
activity,28.7280546,77.1714652
activity,28.7276237,77.1719471
activity,28.7179763,77.1714868
activity,28.7179551,77.171419
activity,28.7444963,77.1678909
activity,28.7443622,77.1678798
activity,28.7442708,77.1662331
activity,28.7441438,77.1678356
activity,28.7437871,77.16717
activity,28.7335796,77.1832522
activity,28.7327933,77.1835806
activity,28.720433,77.1666754
activity,28.7454725,77.165017
activity,28.7456816,77.1645874
activity,28.7461466,77.1652395
activity,28.745013,77.1646701
activity,28.7424544,77.1601559
activity,28.7428584,77.1602633
activity,28.7446253,77.1692641
activity,28.7447885,77.1693764
activity,28.7352003,77.1108968
activity,28.7289459,77.1472623
activity,28.7277402,77.1453662
activity,28.6986924,77.1857709
activity,28.7033741,77.1811087
activity,28.6988761,77.1855925
activity,28.6944038,77.1540314
activity,28.7099347,77.2159972
activity,28.7106676,77.2143743
activity,28.7108458,77.2148449
activity,28.7180676,77.1716228
activity,28.7180838,77.1716447
activity,28.718036,77.171563
activity,28.7173276,77.1708087
activity,28.7180443,77.1719025
activity,28.7003967,77.2083966
activity,28.7009772,77.2086763
activity,28.6995451,77.2080109
activity,28.6995996,77.20803
activity,28.6994957,77.2079851
activity,28.7005536,77.2085253
activity,28.7020531,77.209223
activity,28.7019603,77.2091698
activity,28.701443,77.208942
activity,28.7004638,77.2084785
activity,28.6988678,77.2076675
activity,28.6988139,77.2076305
activity,28.7035313,77.2102231
activity,28.7048146,77.2117284
activity,28.7143003,77.212136
activity,28.6984828,77.2079148
activity,28.7048478,77.1727953
activity,28.7526134,77.1517753
activity,28.6815109,77.2067795
activity,28.7275121,77.114326
activity,28.7340307,77.1152737
activity,28.7344501,77.1143753
activity,28.731936,77.1182976
activity,28.7305693,77.116993
activity,28.7342799,77.1135027
activity,28.7344764,77.1137379
activity,28.7348022,77.1135772
activity,28.7343677,77.1134743
activity,28.7346737,77.1137354
activity,28.7349627,77.1146848
activity,28.7347137,77.1139991
activity,28.7346806,77.1139579
activity,28.7346157,77.1137026
activity,28.73557,77.1137477
activity,28.7362473,77.1127243
activity,28.7131784,77.2157108
activity,28.7125069,77.2153434
activity,28.7344272,77.1153256
activity,28.7348446,77.1142127
activity,28.7348683,77.1141707
activity,28.7200216,77.1083551
activity,28.7199956,77.1083853
activity,28.7200142,77.1082999
activity,28.7362379,77.1090571
activity,28.656507,77.1495315
activity,28.7161846,77.1142271
activity,28.6564932,77.149594
activity,28.714682,77.1163209
activity,28.714792,77.1161604
activity,28.7358921,77.1092907
activity,28.7358444,77.1093624
activity,28.73587,77.109328
activity,28.7358962,77.1095895
activity,28.7357502,77.1094978
activity,28.7357915,77.1094377
activity,28.712974,77.1185905
activity,28.7338502,77.1094899
activity,28.7370321,77.1100326
activity,28.7388572,77.1177864
activity,28.7394198,77.1178817
activity,28.7450701,77.1352554
activity,28.7354776,77.1098994
activity,28.7354588,77.1099316
activity,28.741353,77.1195483
activity,28.7351125,77.1104309
activity,28.7354937,77.1098793
activity,28.735263,77.1102211
activity,28.7352248,77.1102512
activity,28.7353572,77.110097
activity,28.735077,77.1104742
activity,28.7354098,77.110017
activity,28.7351513,77.1103758
activity,28.6603963,77.1439029
activity,28.6596042,77.1466446
activity,28.6596343,77.1439584
activity,28.6587251,77.1437719
activity,28.7377009,77.1163143
activity,28.737646,77.116263
activity,28.737777,77.116388
activity,28.7378659,77.1164805
activity,28.7378334,77.1164412
activity,28.7360207,77.1104694
activity,28.7406133,77.1220127
activity,28.7393825,77.1238587
activity,28.7407953,77.121245
activity,28.7448399,77.1357862
activity,28.7372148,77.1106829
activity,28.7368357,77.111193
activity,28.7375709,77.1101997
activity,28.7372017,77.1108033
activity,28.7436135,77.1220251
activity,28.7409181,77.1191886
activity,28.7403194,77.1186635
activity,28.7413103,77.1195171
activity,28.7393943,77.1178261
activity,28.71632,77.1130145
activity,28.7363096,77.1119494
activity,28.7361825,77.1122669
activity,28.7362783,77.1120246
activity,28.7362249,77.1122166
activity,28.7363285,77.1119272
activity,28.7362876,77.111975
activity,28.7361691,77.1122915
activity,28.705239,77.1299253
activity,28.7050206,77.1299643
activity,28.7104673,77.1362961
activity,28.7105986,77.1364075
activity,28.7105449,77.1363557
activity,28.7131782,77.1381322
activity,28.7133067,77.1381672
activity,28.7130892,77.1380841
activity,28.7133881,77.1382054
activity,28.7125089,77.1377004
activity,28.7128528,77.1380001
activity,28.7129869,77.138035
activity,28.7001373,77.1412257
activity,28.6999071,77.1451896
activity,28.6952497,77.1505177
activity,28.7001171,77.1516868
activity,28.6836795,77.1476511
activity,28.6535931,77.1555406
activity,28.6529534,77.156403
activity,28.6529034,77.1564469
activity,28.6882268,77.1939259
activity,28.72728,77.1632506
activity,28.748511,77.1306102
activity,28.7506425,77.1165275
activity,28.7319529,77.1419899
activity,28.7306042,77.1431508
activity,28.7233819,77.12746
activity,28.7147763,77.1164177
activity,28.7233819,77.1275493
activity,28.6939522,77.1304674
activity,28.7417805,77.151141
activity,28.7417982,77.1511802
activity,28.7418176,77.1511063
activity,28.6934131,77.1737673
activity,28.6847334,77.2097917
activity,28.6834184,77.2120927
activity,28.6848791,77.2243612
activity,28.6787062,77.2084278
activity,28.6795004,77.2120304
activity,28.6852282,77.2099701
activity,28.6915549,77.1771146
activity,28.6954727,77.2131405
activity,28.6952877,77.2151961
activity,28.6867195,77.2085322
activity,28.6635554,77.2081231
activity,28.6657314,77.2082925
activity,28.6801175,77.2083486
activity,28.6800269,77.2082984
activity,28.679949,77.2082812
activity,28.6798848,77.2082568
activity,28.6798263,77.2082234
activity,28.6797377,77.2081894
activity,28.6794724,77.2081321
activity,28.6794497,77.2081235
activity,28.6793923,77.2081239
activity,28.6793682,77.2081153
activity,28.6793485,77.2081084
activity,28.6789667,77.2079898
activity,28.6788463,77.2079533
activity,28.6787588,77.2079536
activity,28.6801966,77.2083643
activity,28.6802593,77.2083236
activity,28.6802992,77.2082884
activity,28.6803699,77.2082595
activity,28.6803971,77.2082409
activity,28.6804189,77.2082182
activity,28.6804479,77.2081789
activity,28.6804707,77.2081599
activity,28.6804917,77.2081434
activity,28.6805175,77.2081255
activity,28.6805401,77.2081056
activity,28.6805698,77.2080543
activity,28.6806214,77.2080022
activity,28.6806658,77.2079761
activity,28.6808378,77.2078407
activity,28.681021,77.2077292
activity,28.6808483,77.2077863
activity,28.6808393,77.2077709
activity,28.6808199,77.2077599
activity,28.6808079,77.2077429
activity,28.6808049,77.2077063
activity,28.6784119,77.2072462
activity,28.7141578,77.2103733
activity,28.6797783,77.2082074
activity,28.6798041,77.2082169
activity,28.6797548,77.2081979
activity,28.6823443,77.2065607
activity,28.6816654,77.2071517
activity,28.681111,77.2076097
activity,28.6822096,77.20671
activity,28.6820244,77.206835
activity,28.6812905,77.207453
activity,28.6811828,77.2075503
activity,28.681922,77.2069301
activity,28.6822271,77.206687
activity,28.6821152,77.2067842
activity,28.6820669,77.206825
activity,28.6814805,77.2072753
activity,28.6817634,77.2070771
activity,28.6813457,77.2074125
activity,28.6816975,77.2071261
activity,28.681427,77.2073149
activity,28.6818287,77.2070194
activity,28.6823835,77.2065349
activity,28.6821363,77.2067661
activity,28.6821503,77.2067491
activity,28.6822776,77.2066224
activity,28.6821981,77.20672
activity,28.6819882,77.2068623
activity,28.6823147,77.2065846
activity,28.6822586,77.2066433
activity,28.6824147,77.2065141
activity,28.6581569,77.1274355
activity,28.6789186,77.2079772
activity,28.739708,77.2187078
activity,28.666544,77.1350438
activity,28.6665538,77.135032
activity,28.6665613,77.1351403
activity,28.6665499,77.1351256
activity,28.7440311,77.1423951
activity,28.7440306,77.1423318
activity,28.7440368,77.1424192
activity,28.6636,77.2069986
activity,28.6575262,77.2033099
activity,28.6512729,77.2046862
activity,28.7420502,77.1508737
activity,28.7421327,77.150825
activity,28.7425827,77.1503931
activity,28.7425508,77.1504222
activity,28.682588,77.1978042
activity,28.6825199,77.1978506
activity,28.6825591,77.1978201
activity,28.6825047,77.1978621
activity,28.7437135,77.1457607
activity,28.7435961,77.1458919
activity,28.7436122,77.1458485
activity,28.6772584,77.2080467
activity,28.6773326,77.2080069
activity,28.6583791,77.2033814
activity,28.6584589,77.2033458
activity,28.7444514,77.1450578
activity,28.6671115,77.2089132
activity,28.6670601,77.2088903
activity,28.667168,77.2089294
activity,28.6672034,77.20895
activity,28.6775104,77.2080437
activity,28.6670225,77.2088748
activity,28.6669797,77.2087908
activity,28.6669717,77.2088369
activity,28.6776017,77.2079372
activity,28.6776204,77.2079361
activity,28.6776375,77.2079384
activity,28.6776556,77.2079377
activity,28.6776759,77.2079421
activity,28.7020305,77.1171002
activity,28.7150114,77.1166223
activity,28.7147527,77.1162173
activity,28.7149515,77.1159504
activity,28.7148291,77.1161113
activity,28.7149809,77.1159001
activity,28.719684,77.1098444
activity,28.7150541,77.116547
activity,28.7151011,77.1164799
activity,28.7151387,77.1164102
activity,28.7179597,77.1256408
activity,28.7189446,77.1256076
activity,28.7124023,77.1360008
activity,28.7124235,77.1361108
activity,28.7124929,77.1359995
activity,28.7124917,77.1361792
activity,28.721839,77.1365795
activity,28.7214232,77.1364272
activity,28.7213867,77.1364822
activity,28.7213639,77.1365627
activity,28.7140471,77.1295818
activity,28.7140775,77.1296098
activity,28.7343622,77.1220979
activity,28.7363831,77.1207629
activity,28.7160627,77.1143886
activity,28.7162256,77.1141644
activity,28.7161351,77.1142898
activity,28.7164464,77.1138079
activity,28.6947465,77.2144013
activity,28.6950587,77.213817
activity,28.6950706,77.213781
activity,28.6672427,77.1189519
activity,28.7168475,77.1138609
activity,28.6925154,77.2087354
activity,28.6897782,77.2073813
activity,28.6897266,77.2073613
activity,28.6925567,77.2087564
activity,28.6929255,77.2089366
activity,28.6896631,77.2073242
activity,28.6963213,77.2107223
activity,28.6961596,77.210224
activity,28.6817504,77.2091805
activity,28.6928937,77.169959
activity,28.6860305,77.2081809
activity,28.6867975,77.2058973
activity,28.6500678,77.120692
activity,28.6545835,77.189109
activity,28.653992,77.1898706
activity,28.6533614,77.19226
activity,28.6517334,77.1943078
activity,28.6517481,77.1942974
activity,28.6846424,77.2087382
activity,28.6851224,77.2089432
activity,28.6936483,77.217524
activity,28.7238775,77.1129027
activity,28.724129,77.1131312
activity,28.7236926,77.1147846
activity,28.6525177,77.1993811
activity,28.7209366,77.1409453
activity,28.7209425,77.140908
activity,28.6840754,77.2215681
activity,28.682945,77.2069957
activity,28.6819367,77.2062114
activity,28.682468,77.2061461
activity,28.6995629,77.2082188
activity,28.697835,77.2065652
activity,28.6980627,77.2047863
activity,28.6977965,77.2066565
activity,28.6977872,77.2067036
activity,28.6984817,77.2044551
activity,28.6980324,77.2043795
activity,28.6985607,77.20442
activity,28.6983436,77.2074686
activity,28.6980064,77.2051049
activity,28.6979926,77.2050985
activity,28.6980505,77.2051236
activity,28.6980624,77.2051284
activity,28.6980542,77.2049056
activity,28.6980482,77.2049209
activity,28.6976266,77.2043197
activity,28.6985755,77.2075777
activity,28.6986073,77.207599
activity,28.7008455,77.2085572
activity,28.6974241,77.2042869
activity,28.6974106,77.2045851
activity,28.6978779,77.2043446
activity,28.6983843,77.2044356
activity,28.6981681,77.2043954
activity,28.6980682,77.2047549
activity,28.6980629,77.2049035
activity,28.6980547,77.2048366
activity,28.6984605,77.2044185
activity,28.6980375,77.2050505
activity,28.6980814,77.2043895
activity,28.6982076,77.2055105
activity,28.6982076,77.2055105
activity,28.6982076,77.2055105
activity,28.6984334,77.2044502
activity,28.6981111,77.2043917
activity,28.6977837,77.2043438
activity,28.6999263,77.2084101
activity,28.7001895,77.2083206
activity,28.6983059,77.2044274
activity,28.6982091,77.2055086
activity,28.6982255,77.2054649
activity,28.697997,77.2063453
activity,28.6983297,77.2044365
activity,28.6981987,77.205543
activity,28.6981916,77.2055621
activity,28.6969582,77.2045139
activity,28.6966286,77.2044698
activity,28.6964695,77.2044288
activity,28.6963881,77.2044186
activity,28.6962565,77.2044004
activity,28.6979872,77.2043723
activity,28.69737,77.2042589
activity,28.6982517,77.2044116
activity,28.6982082,77.2044033
activity,28.6981881,77.2055468
activity,28.6974804,77.2042885
activity,28.6984123,77.2044391
activity,28.6973371,77.2045777
activity,28.6972492,77.2045621
activity,28.6972045,77.2045597
activity,28.6970855,77.2045354
activity,28.6970411,77.2045299
activity,28.70149,77.2089776
activity,28.6986644,77.2079742
activity,28.6996644,77.2081009
activity,28.6982536,77.2051952
activity,28.6982103,77.205179
activity,28.6981359,77.205134
activity,28.6981013,77.2051206
activity,28.6980568,77.2051132
activity,28.6979316,77.2043684
activity,28.6982793,77.2044234
activity,28.6978332,77.2043551
activity,28.69757,77.2046194
activity,28.6975223,77.2046067
activity,28.6975384,77.2046093
activity,28.6973691,77.2042734
activity,28.6978103,77.2043496
activity,28.6980517,77.2043836
activity,28.6974572,77.2042833
activity,28.6980727,77.204727
activity,28.6977973,77.2046606
activity,28.6977214,77.2046484
activity,28.6977587,77.204655
activity,28.6976223,77.2046353
activity,28.697496,77.204602
activity,28.6974395,77.2045891
activity,28.6972905,77.2045752
activity,28.6967097,77.2044808
activity,28.6965888,77.2044607
activity,28.6965108,77.2044434
activity,28.6964285,77.2044235
activity,28.6963405,77.2044115
activity,28.6978663,77.2064293
activity,28.6975049,77.2043
activity,28.69467,77.2037998
activity,28.6946091,77.2038785
activity,28.6946689,77.1539111
activity,28.6946853,77.1539211
activity,28.6946801,77.1539173
activity,28.6946754,77.1539144
activity,28.6946591,77.1539216
activity,28.694877,77.1346958
activity,28.6575382,77.2037215
activity,28.6575673,77.2037096
activity,28.6575908,77.2037014
activity,28.6572841,77.2034121
activity,28.6568792,77.2249681
activity,28.7168369,77.1143111
activity,28.7169911,77.1143857
activity,28.7216606,77.1364633
activity,28.7213274,77.1366049
activity,28.7218743,77.1365494
activity,28.721424,77.1367138
activity,28.7216074,77.1364322
activity,28.7219417,77.136377
activity,28.7214531,77.1366455
activity,28.7235021,77.130605
activity,28.7221616,77.1336698
activity,28.7236495,77.1303268
activity,28.7239701,77.1305187
activity,28.7246401,77.1296258
activity,28.7221596,77.1331315
activity,28.722797,77.1321846
activity,28.7236164,77.1309502
activity,28.7248276,77.1292878
activity,28.720366,77.1350807
activity,28.7225482,77.1325305
activity,28.7225423,77.1325248
activity,28.7186053,77.1388926
activity,28.7189436,77.1373476
activity,28.7187939,77.1378403
activity,28.7190714,77.1371054
activity,28.7219378,77.1334698
activity,28.7222783,77.1338608
activity,28.6727562,77.1820731
activity,28.722248,77.136343
activity,28.722502,77.134041
activity,28.7199165,77.1357007
activity,28.7231533,77.1344976
activity,28.6860347,77.210448
activity,28.6868135,77.2114501
activity,28.7198733,77.1403783
activity,28.7198275,77.1403728
activity,28.7349375,77.1369029
activity,28.7083197,77.1252733
activity,28.7088301,77.124896
activity,28.7091704,77.1317317
activity,28.7083197,77.1252733
activity,28.7088301,77.124896
activity,28.7090387,77.1314063
activity,28.7090164,77.1316017
activity,28.7089722,77.1311784
activity,28.7089909,77.1315781
activity,28.7062307,77.1225209
activity,28.7090718,77.1314383
activity,28.7211424,77.1340158
activity,28.7190516,77.1374912
activity,28.6898591,77.2151079
activity,28.6899187,77.2151484
activity,28.6899272,77.2151284
activity,28.6897533,77.2150646
activity,28.6879759,77.2144729
activity,28.7189169,77.1403755
activity,28.7192742,77.1404461
activity,28.7220254,77.1366157
activity,28.6564446,77.2243483
activity,28.656878,77.2245555
activity,28.6568238,77.2236487
activity,28.6568822,77.223841
activity,28.6587843,77.2244556
activity,28.65898,77.2236079
activity,28.6580466,77.2249284
activity,28.6587564,77.2238928
activity,28.6587599,77.2240571
activity,28.6588425,77.2236264
activity,28.6580636,77.2232946
activity,28.6587821,77.224527
activity,28.658102,77.2233002
activity,28.6588441,77.22359
activity,28.6587675,77.2237125
activity,28.658848,77.2235495
activity,28.723261,77.127649
activity,28.7232856,77.1277872
activity,28.7232597,77.1277669
activity,28.7234375,77.1276237
activity,28.7232956,77.1276803
activity,28.7233649,77.1274841
activity,28.7228392,77.1281135
activity,28.7235332,77.1273577
activity,28.7210144,77.1314377
activity,28.7230684,77.1277876
activity,28.7234649,77.1277305
activity,28.7235116,77.1278059
activity,28.7236228,77.1277781
activity,28.7237872,77.1276483
activity,28.7237666,77.1275505
activity,28.6849744,77.2075779
activity,28.686068,77.2082003
activity,28.692024,77.2115618
activity,28.6922914,77.2116603
activity,28.6921196,77.2116113
activity,28.7226303,77.1285092
activity,28.722654,77.1285396
activity,28.7235947,77.1292437
activity,28.7228486,77.1287058
activity,28.7146174,77.1291396
activity,28.7150335,77.1190705
activity,28.7069435,77.1231494
activity,28.7080009,77.1240565
activity,28.7079332,77.1239996
activity,28.7078916,77.1239595
activity,28.7078173,77.1239043
activity,28.7075329,77.1236717
activity,28.7076968,77.123805
activity,28.7076402,77.1237587
activity,28.7075748,77.1237043
activity,28.707226,77.1238075
activity,28.7071657,77.1237534
activity,28.7070423,77.1236588
activity,28.7069421,77.1235506
activity,28.7068184,77.1234337
activity,28.7068102,77.1234231
activity,28.7068687,77.1234812
activity,28.7068017,77.1234144
activity,28.7069235,77.1235356
activity,28.70696,77.1235641
activity,28.7081033,77.1247971
activity,28.7082133,77.1242497
activity,28.7081768,77.124208
activity,28.7070783,77.1263328
activity,28.7071191,77.12628
activity,28.7072732,77.123427
activity,28.708383,77.1244518
activity,28.707728,77.1242451
activity,28.7077829,77.1243056
activity,28.7075559,77.124101
activity,28.7074828,77.1240377
activity,28.7075945,77.1241327
activity,28.7076688,77.1241945
activity,28.7077498,77.1242747
activity,28.7075203,77.1240697
activity,28.7081444,77.1241896
activity,28.7071741,77.123763
activity,28.7071537,77.1237444
activity,28.7072099,77.1237942
activity,28.707614,77.1237384
activity,28.7074232,77.1235387
activity,28.7073522,77.1234628
activity,28.7073134,77.123475
activity,28.7081724,77.1242179
activity,28.7066378,77.1269159
activity,28.7072898,77.1234414
activity,28.7064583,77.1271182
activity,28.708013,77.1244841
activity,28.7081599,77.1246146
activity,28.7080954,77.1245563
activity,28.7080361,77.124503
activity,28.7080299,77.1244958
activity,28.7081379,77.1245907
activity,28.7080614,77.1245225
activity,28.7081352,77.124198
activity,28.7081378,77.1241797
activity,28.7081512,77.1242004
activity,28.7066844,77.1268827
activity,28.7075446,77.1236821
activity,28.7071673,77.1233286
activity,28.7065931,77.1228326
activity,28.7065321,77.1227778
activity,28.7066195,77.122859
activity,28.7064872,77.1227385
activity,28.7065637,77.1228041
activity,28.7079465,77.1240142
activity,28.7078783,77.123948
activity,28.7084458,77.1243611
activity,28.7092104,77.1232173
activity,28.7077241,77.1253461
activity,28.7081658,77.1246807
activity,28.7087807,77.123808
activity,28.7094916,77.1228166
activity,28.7086935,77.1239344
activity,28.7089167,77.1236199
activity,28.7077838,77.1252399
activity,28.7067038,77.122947
activity,28.7067375,77.1229755
activity,28.7060105,77.1226913
activity,28.7059841,77.1226691
activity,28.706027,77.1227111
activity,28.7069679,77.1231718
activity,28.7071388,77.1233169
activity,28.7071588,77.123182
activity,28.7070981,77.1232786
activity,28.7070036,77.1232051
activity,28.7059627,77.1228639
activity,28.7059898,77.1228826
activity,28.7097037,77.1225424
activity,28.7088676,77.1236882
activity,28.7093966,77.1229571
activity,28.7085371,77.1242298
activity,28.7092807,77.1231138
activity,28.7088139,77.1237707
activity,28.708754,77.1238524
activity,28.7064557,77.1227103
activity,28.7064701,77.1227222
activity,28.7063834,77.1226387
activity,28.7062492,77.1225372
activity,28.706335,77.1226039
activity,28.7063598,77.1226203
activity,28.7085775,77.1240958
activity,28.7092702,77.1231336
activity,28.708838,77.1237328
activity,28.7096471,77.1225512
activity,28.7102283,77.1214734
activity,28.7081582,77.1246952
activity,28.7095182,77.122773
activity,28.709612,77.1226161
activity,28.7097056,77.12239
activity,28.7075507,77.1256111
activity,28.7086099,77.1240543
activity,28.7087263,77.1238839
activity,28.7063234,77.121837
activity,28.7094828,77.1228285
activity,28.709247,77.123253
activity,28.7081756,77.1246705
activity,28.7100721,77.121935
activity,28.7073216,77.1262403
activity,28.70001,77.1176694
activity,28.6999119,77.1176992
activity,28.7068773,77.1234767
activity,28.7069137,77.123524
activity,28.7068648,77.1235123
activity,28.706821,77.1234786
activity,28.7216982,77.2232043
activity,28.7129702,77.1089419
activity,28.6508524,77.1197453
activity,28.6942624,77.2097821
activity,28.6938298,77.2097237
activity,28.6852025,77.2126412
activity,28.7244275,77.1299804
activity,28.7240551,77.130576
activity,28.7156776,77.1351663
activity,28.7157691,77.1351518
activity,28.7158472,77.135137
activity,28.7127164,77.1732671
activity,28.7125083,77.1736109
activity,28.7065258,77.184652
activity,28.7068948,77.1811514
activity,28.7071217,77.1803362
activity,28.6909442,77.2141132
activity,28.6836246,77.2043232
activity,28.6827998,77.2069478
activity,28.6801085,77.202895
activity,28.6836797,77.2013614
activity,28.6836626,77.2012168
activity,28.68361,77.2011427
activity,28.683545,77.2010157
activity,28.6834087,77.2014814
activity,28.683319,77.2013808
activity,28.6833437,77.2013879
activity,28.6835156,77.2010563
activity,28.6832787,77.2013261
activity,28.6831308,77.2010523
activity,28.683101,77.201016
activity,28.683101,77.201016
activity,28.6830856,77.2010008
activity,28.6830836,77.2009762
activity,28.6830075,77.2008137
activity,28.6832982,77.2007938
activity,28.6829466,77.2007584
activity,28.6829587,77.2007254
activity,28.6830872,77.2005251
activity,28.6829323,77.2006941
activity,28.6829058,77.2006774
activity,28.6830548,77.2004973
activity,28.6828848,77.2006493
activity,28.6799307,77.2027529
activity,28.6875302,77.2141533
activity,28.687421,77.2141066
activity,28.6827697,77.2004701
activity,28.6829673,77.2002812
activity,28.6826424,77.2002574
activity,28.6825696,77.2001553
activity,28.6825548,77.2001244
activity,28.6825294,77.200141
activity,28.6825273,77.2000957
activity,28.6825273,77.2000957
activity,28.6824992,77.2000709
activity,28.6824683,77.2000204
activity,28.6824683,77.2000204
activity,28.6824252,77.1999654
activity,28.6824118,77.1999515
activity,28.6824106,77.1999375
activity,28.6823782,77.1999091
activity,28.6823702,77.1999028
activity,28.6819038,77.19912
activity,28.6819038,77.19912
activity,28.6818729,77.19907
activity,28.6817972,77.1989315
activity,28.6817761,77.1988851
activity,28.6817,77.1987753
activity,28.6816809,77.1987494
activity,28.6816622,77.1987141
activity,28.6827206,77.2058656
activity,28.6826613,77.2060829
activity,28.6831712,77.2050353
activity,28.6826472,77.2061239
activity,28.6839755,77.2035316
activity,28.6829759,77.2054072
activity,28.6826995,77.20601
activity,28.6838741,77.2037417
activity,28.6835986,77.2043897
activity,28.6821752,77.1990968
activity,28.6821752,77.1990968
activity,28.6822061,77.1991888
activity,28.6823972,77.1994302
activity,28.6823714,77.1993801
activity,28.6826261,77.1998317
activity,28.6826449,77.1998614
activity,28.6828056,77.2001099
activity,28.6805233,77.2034482
activity,28.6803844,77.203279
activity,28.6803463,77.2032211
activity,28.6803186,77.2031926
activity,28.6802954,77.203203
activity,28.6802528,77.2030881
activity,28.6802219,77.2030462
activity,28.6802682,77.2031249
activity,28.6801879,77.2030007
activity,28.6805115,77.2029236
activity,28.6805543,77.2031711
activity,28.6805903,77.2032346
activity,28.6806238,77.2032895
activity,28.680668,77.2033555
activity,28.6800815,77.2028587
activity,28.6800815,77.2028587
activity,28.6800346,77.2028935
activity,28.6820627,77.2055996
activity,28.6790757,77.2009643
activity,28.6790438,77.2009178
activity,28.6827575,77.2065023
activity,28.6840429,77.2047627
activity,28.6833742,77.2055133
activity,28.6711994,77.2004294
activity,28.6822358,77.2058439
activity,28.6824051,77.2061223
activity,28.6838728,77.2046369
activity,28.6840108,77.2042836
activity,28.6821898,77.2057506
activity,28.6822069,77.2057829
activity,28.6825518,77.2063251
activity,28.6825242,77.2062782
activity,28.6824667,77.2062065
activity,28.6837597,77.2049453
activity,28.682753,77.2064585
activity,28.6824866,77.2062335
activity,28.6790017,77.200832
activity,28.6823378,77.206021
activity,28.6843872,77.2038026
activity,28.6838925,77.2046119
activity,28.6791011,77.2010148
activity,28.6800535,77.2020054
activity,28.6828373,77.2064404
activity,28.6838958,77.2045325
activity,28.683914,77.2045564
activity,28.6827652,77.2065573
activity,28.6791272,77.2010661
activity,28.6838848,77.2046048
activity,28.6825094,77.2061773
activity,28.6503246,77.1209907
activity,28.6918315,77.2078104
activity,28.6560461,77.2118376
activity,28.7137084,77.1724464
activity,28.7163898,77.1701926
activity,28.725069,77.1628531
activity,28.7252922,77.1626981
activity,28.7296109,77.1604365
activity,28.729727,77.1602708
activity,28.7300868,77.159025
activity,28.7305368,77.1586401
activity,28.7303155,77.158746
activity,28.7116536,77.1099814
activity,28.7109713,77.1074776
activity,28.6937347,77.1485339
activity,28.7151763,77.1163627
activity,28.6501049,77.1211162
activity,28.6501275,77.1211043
activity,28.7147539,77.1161628
activity,28.7161912,77.1141839
activity,28.7162492,77.1140702
activity,28.7166134,77.1134566
activity,28.7141578,77.1101284
activity,28.7136289,77.1092311
activity,28.7034488,77.1312742
activity,28.7033862,77.1311669
activity,28.7181001,77.1262807
activity,28.7183362,77.1258382
activity,28.7184225,77.1258467
activity,28.6541134,77.1543472
activity,28.7140999,77.2161212
activity,28.7088473,77.1251883
activity,28.7176266,77.1279598
activity,28.7177898,77.125913
activity,28.717543,77.1280832
activity,28.7175818,77.1280189
activity,28.7174574,77.1282097
activity,28.6669828,77.2149501
activity,28.6664389,77.2151027
activity,28.6666353,77.2147242
activity,28.6918841,77.153897
activity,28.6934348,77.1509544
activity,28.6929344,77.1492711
activity,28.693423,77.1510447
activity,28.6935626,77.1508846
activity,28.6934889,77.1509918
activity,28.6935584,77.1509444
activity,28.6951785,77.1542295
activity,28.7208227,77.1312784
activity,28.7202954,77.1670596
activity,28.7522315,77.1491417
activity,28.7570432,77.1478397
activity,28.7622366,77.1459318
activity,28.7737521,77.1424593
activity,28.7302739,77.159844
activity,28.7050388,77.1902323
activity,28.7053371,77.1903654
activity,28.7053497,77.1903378
activity,28.7053866,77.1903532
activity,28.7061684,77.1903146
activity,28.7059031,77.1901959
activity,28.6787819,77.1943609
activity,28.6738257,77.1367331
activity,28.7385277,77.1538685
activity,28.7385277,77.1538685
activity,28.7064807,77.1231305
activity,28.706308,77.1229181
activity,28.7053816,77.122186
activity,28.7039853,77.120565
activity,28.7213017,77.1365824
activity,28.7213697,77.1366744
activity,28.6614755,77.1423707
activity,28.6674595,77.1367239
activity,28.7124514,77.1128773
activity,28.7125477,77.1127423
activity,28.7124998,77.1128017
activity,28.7126191,77.1126337
activity,28.6844721,77.1681135
activity,28.681321,77.1776697
activity,28.6822827,77.1542943
activity,28.6958376,77.1560653
activity,28.6958824,77.1560975
activity,28.6643482,77.158295
activity,28.7232405,77.1275437
activity,28.7232498,77.1275225
activity,28.723316,77.1273979
activity,28.7233757,77.1273145
activity,28.723348,77.1273573
activity,28.723456,77.127206
activity,28.7165559,77.113632
activity,28.7166012,77.1135682
activity,28.71419,77.1297178
activity,28.7142593,77.1297723
activity,28.71559,77.1309407
activity,28.7191662,77.1341453
activity,28.7053741,77.1903825
activity,28.7060706,77.1901311
activity,28.7087518,77.1911093
activity,28.7060609,77.1901748
activity,28.7059658,77.1899191
activity,28.7066575,77.1904409
activity,28.6946056,77.2151364
activity,28.6985553,77.2062476
activity,28.7055077,77.189958
activity,28.705229,77.1902886
activity,28.706,77.1897683
activity,28.7055605,77.1904352
activity,28.7057777,77.1906927
activity,28.7052826,77.1903129
activity,28.7053128,77.1903242
activity,28.7049244,77.1902332
activity,28.7054959,77.1904205
activity,28.7054959,77.1899914
activity,28.7042165,77.1894124
activity,28.7055318,77.1904244
activity,28.7052418,77.1898781
activity,28.7056054,77.1910013
activity,28.7048507,77.190144
activity,28.7041934,77.1896207
activity,28.7051722,77.1902667
activity,28.7039784,77.1901304
activity,28.7056028,77.1904574
activity,28.7039077,77.1902814
activity,28.7056114,77.1900319
activity,28.7043107,77.1893321
activity,28.7060427,77.1896648
activity,28.7041364,77.1897728
activity,28.7042706,77.1894492
activity,28.7036874,77.1909786
activity,28.70571,77.1900732
activity,28.7052575,77.1903026
activity,28.7047534,77.1901539
activity,28.7051988,77.1902753
activity,28.7060014,77.1898241
activity,28.7042473,77.1895598
activity,28.7054538,77.19039
activity,28.704209,77.1895396
activity,28.7056815,77.1900642
activity,28.7040872,77.18991
activity,28.7055769,77.1900147
activity,28.7056453,77.1905377
activity,28.705668,77.1900591
activity,28.7052635,77.1898854
activity,28.7055173,77.1899244
activity,28.7058904,77.1899273
activity,28.7058847,77.1901041
activity,28.7042385,77.1895706
activity,28.7056399,77.1905581
activity,28.7054556,77.1899665
activity,28.7053229,77.1899085
activity,28.7037084,77.1906614
activity,28.7058521,77.1900407
activity,28.7052949,77.1898977
activity,28.7038786,77.1903959
activity,28.7052178,77.1898713
activity,28.7048908,77.1897261
activity,28.7048483,77.1897076
activity,28.7056918,77.1908661
activity,28.7056147,77.1907518
activity,28.7048709,77.1897188
activity,28.705814,77.1905865
activity,28.7059334,77.1907229
activity,28.7056798,77.190772
activity,28.7056327,77.1905859
activity,28.7049831,77.1897306
activity,28.7042228,77.1896552
activity,28.7060559,77.1905549
activity,28.7058608,77.190465
activity,28.7060168,77.1905443
activity,28.704179,77.1896164
activity,28.7057975,77.1901042
activity,28.7057495,77.1900882
activity,28.7058549,77.1908406
activity,28.7056748,77.1908944
activity,28.7059441,77.1906696
activity,28.7051722,77.1898471
activity,28.7058236,77.1909355
activity,28.7041531,77.1896693
activity,28.705171,77.1898392
activity,28.7042579,77.1895308
activity,28.705871,77.1909533
activity,28.7038936,77.1902661
activity,28.705891,77.1904542
activity,28.7056339,77.1904862
activity,28.7051565,77.1898358
activity,28.7049855,77.190212
activity,28.7059172,77.1902019
activity,28.7057811,77.1906773
activity,28.7060307,77.1904952
activity,28.7060236,77.1905164
activity,28.7051393,77.1898241
activity,28.70581,77.190611
activity,28.705205,77.1898651
activity,28.7038558,77.190513
activity,28.7038464,77.1905387
activity,28.7041758,77.1897414
activity,28.704082,77.1899579
activity,28.704064,77.1900097
activity,28.7037648,77.190438
activity,28.7036779,77.1909969
activity,28.7037495,77.1908787
activity,28.7035926,77.1910876
activity,28.7039296,77.1902731
activity,28.705997,77.1899284
activity,28.7057036,77.191
activity,28.7060112,77.1910115
activity,28.7060319,77.1897106
activity,28.7057849,77.1906626
activity,28.706042,77.1910293
activity,28.705759,77.1907502
activity,28.7056786,77.1910056
activity,28.705723,77.1909257
activity,28.7057536,77.1908944
activity,28.7057187,77.1909469
activity,28.7057268,77.1908872
activity,28.7060833,77.1910459
activity,28.7057462,77.1908079
activity,28.7060279,77.1897284
activity,28.7061933,77.1910962
activity,28.7058246,77.190554
activity,28.7057714,77.190716
activity,28.7060489,77.1896728
activity,28.7051884,77.1903083
activity,28.7048123,77.1901211
activity,28.7048018,77.1901584
activity,28.7056134,77.1902775
activity,28.687412,77.2140913
activity,28.7057877,77.1908337
activity,28.7059588,77.1906037
activity,28.705947,77.1906589
activity,28.7058502,77.1900619
activity,28.7057582,77.1907527
activity,28.7058796,77.190878
activity,28.7056373,77.1904664
activity,28.705819,77.1908523
activity,28.7059201,77.1907678
activity,28.7055386,77.1906419
activity,28.6947623,77.2143492
activity,28.6950333,77.2138909
activity,28.6937217,77.2176548
activity,28.6949473,77.2141313
activity,28.6950473,77.2138513
activity,28.6950063,77.2139678
activity,28.6949889,77.2140467
activity,28.6949727,77.2140821
activity,28.6949802,77.2140595
activity,28.694961,77.2141067
activity,28.6950198,77.2139299
activity,28.6828376,77.2008343
activity,28.682813,77.2009814
activity,28.682745,77.2010331
activity,28.6870614,77.2137101
activity,28.7155019,77.1388645
activity,28.7164857,77.1391924
activity,28.7157866,77.1389415
activity,28.7148025,77.1386517
activity,28.7155686,77.1388818
activity,28.716188,77.1390823
activity,28.714717,77.1386328
activity,28.7149268,77.1386716
activity,28.7149638,77.1389327
activity,28.7138144,77.1383251
activity,28.7136008,77.138279
activity,28.700471,77.1405579
activity,28.7045152,77.1407343
activity,28.7005198,77.1405252
activity,28.7044805,77.1405458
activity,28.7044018,77.1406331
activity,28.7045316,77.1407238
activity,28.7044944,77.1407419
activity,28.7129902,77.1242114
activity,28.7152922,77.1264615
activity,28.715006,77.1261335
activity,28.7134,77.1245765
activity,28.7124502,77.1237111
activity,28.7138842,77.1250155
activity,28.713228,77.1244234
activity,28.7145376,77.1255687
activity,28.7117981,77.1231442
activity,28.7131553,77.1243611
activity,28.7132412,77.1244339
activity,28.7155554,77.1266274
activity,28.7132452,77.124548
activity,28.7151604,77.1264272
activity,28.7151986,77.126376
activity,28.7150799,77.1260783
activity,28.7141392,77.1252394
activity,28.7151969,77.1261761
activity,28.7147794,77.127201
activity,28.6950868,77.212865
activity,28.6952115,77.2144464
activity,28.6833181,77.201887
activity,28.6830862,77.2017498
activity,28.6834349,77.2015147
activity,28.6832376,77.2016634
activity,28.6830549,77.2018233
activity,28.6833878,77.2016043
activity,28.6831687,77.2019745
activity,28.6824381,77.2025415
activity,28.6824171,77.2023813
activity,28.6822028,77.2025083
activity,28.6822618,77.2025202
activity,28.6824777,77.2025182
activity,28.6829323,77.2022208
activity,28.6828738,77.2022472
activity,28.6824702,77.2023415
activity,28.6825118,77.2023152
activity,28.6833566,77.2016321
activity,28.6834458,77.2015615
activity,28.6834255,77.2015766
activity,28.6946639,77.2166463
activity,28.6947073,77.2165648
activity,28.694677,77.2166101
activity,28.6949882,77.2161522
activity,28.6946883,77.2165805
activity,28.6946273,77.2167737
activity,28.7247673,77.1337028
activity,28.7241244,77.1334178
activity,28.7250611,77.1336236
activity,28.6929874,77.2128726
activity,28.6947153,77.2166701
activity,28.6845609,77.2027062
activity,28.7208729,77.1408375
activity,28.7215788,77.1413766
activity,28.7209241,77.140846
activity,28.7207667,77.1408621
activity,28.6947367,77.2148508
activity,28.7069256,77.221249
activity,28.705033,77.2201501
activity,28.7001004,77.2212296
activity,28.6956505,77.220302
activity,28.7002004,77.2212594
activity,28.6955838,77.2202465
activity,28.6974402,77.2204231
activity,28.7052451,77.2202705
activity,28.7028985,77.1306814
activity,28.65232,77.1387815
activity,28.6913172,77.2163363
activity,28.6949289,77.2142714
activity,28.681697,77.2149042
activity,28.6815504,77.2146296
activity,28.6915106,77.2085555
activity,28.6915329,77.2084933
activity,28.6915795,77.2083611
activity,28.6914254,77.2087696
activity,28.6915571,77.2084273
activity,28.6949527,77.2161038
activity,28.6950008,77.2161196
activity,28.682834,77.2036412
activity,28.6814915,77.200403
activity,28.6819066,77.2047226
activity,28.6822937,77.2029272
activity,28.6814018,77.2015978
activity,28.6811982,77.2013041
activity,28.6824104,77.2029573
activity,28.6825561,77.2034232
activity,28.6821783,77.2028596
activity,28.6829054,77.2037595
activity,28.6824523,77.2042989
activity,28.6816005,77.2048337
activity,28.6819322,77.2047052
activity,28.6821989,77.2028561
activity,28.6819742,77.2024917
activity,28.6814672,77.2015921
activity,28.6826664,77.2036055
activity,28.6823387,77.2027097
activity,28.6828055,77.2036138
activity,28.6824882,77.2033013
activity,28.6819789,77.2046747
activity,28.6825203,77.2033605
activity,28.6812125,77.2007151
activity,28.6811438,77.201019
activity,28.6819582,77.2046928
activity,28.6814358,77.201524
activity,28.6817815,77.2048385
activity,28.6826285,77.2033179
activity,28.6811662,77.2012658
activity,28.6821264,77.2045673
activity,28.6812776,77.2006468
activity,28.6818984,77.2021653
activity,28.681064,77.2011059
activity,28.6825332,77.2031549
activity,28.6826352,77.2035648
activity,28.6810927,77.2011636
activity,28.6823841,77.2029185
activity,28.6818894,77.2047408
activity,28.6813493,77.2014786
activity,28.6816996,77.2021927
activity,28.6812381,77.2011694
activity,28.6816499,77.2047748
activity,28.6827384,77.2037538
activity,28.6818143,77.204684
activity,28.681279,77.2014092
activity,28.6812771,77.2012222
activity,28.6817591,77.2048548
activity,28.6827333,77.2038874
activity,28.6814046,77.2014401
activity,28.6817168,77.2022287
activity,28.6828863,77.2039342
activity,28.6824828,77.2030783
activity,28.6825709,77.2040137
activity,28.6825902,77.204161
activity,28.682581,77.2032193
activity,28.6816545,77.2018316
activity,28.6820345,77.2023704
activity,28.6823175,77.2028106
activity,28.6818602,77.2047726
activity,28.6811396,77.2012312
activity,28.6825082,77.2033388
activity,28.6817679,77.2022813
activity,28.6825478,77.2034071
activity,28.6826952,77.2036746
activity,28.6814205,77.2067885
activity,28.6814322,77.201769
activity,28.6815534,77.2003847
activity,28.6808847,77.2008797
activity,28.6808884,77.2008113
activity,28.6825263,77.2040633
activity,28.6816802,77.202131
activity,28.6813786,77.2005351
activity,28.6811785,77.2007447
activity,28.6817129,77.2047467
activity,28.6822477,77.202864
activity,28.6820103,77.20233
activity,28.6824487,77.2030315
activity,28.6826045,77.2035218
activity,28.6820187,77.2025676
activity,28.6825881,77.2034791
activity,28.6821427,77.2025118
activity,28.6811729,77.2010563
activity,28.6820443,77.2046241
activity,28.6814256,77.2005038
activity,28.6827895,77.2035864
activity,28.6824351,77.2029937
activity,28.6828333,77.203947
activity,28.6823338,77.2028438
activity,28.6827763,77.2035537
activity,28.682699,77.2034256
activity,28.6820596,77.2024245
activity,28.6819816,77.2046404
activity,28.6824632,77.203253
activity,28.6825375,77.2033849
activity,28.6806474,77.2074746
activity,28.6818914,77.206311
activity,28.6808789,77.2072943
activity,28.6813822,77.2067338
activity,28.6815266,77.2066962
activity,28.6809615,77.2074178
activity,28.6808529,77.2076203
activity,28.6808514,77.2072522
activity,28.6802144,77.2083567
activity,28.6807721,77.2072332
activity,28.6809672,77.2071551
activity,28.6813124,77.2068879
activity,28.6807595,77.2075201
activity,28.6808332,77.2071906
activity,28.6806608,77.2074917
activity,28.6810243,77.2073627
activity,28.6821755,77.2060589
activity,28.681898,77.2064069
activity,28.6816833,77.2064604
activity,28.6810944,77.2073032
activity,28.6816102,77.2066326
activity,28.6817895,77.2063714
activity,28.681063,77.2070772
activity,28.6817926,77.2064906
activity,28.6809894,77.20739
activity,28.6807645,77.207669
activity,28.6817054,77.206432
activity,28.6808844,77.2074804
activity,28.6815052,77.2067095
activity,28.6811121,77.2070424
activity,28.681571,77.2066703
activity,28.6808514,77.2076832
activity,28.6820748,77.2061459
activity,28.6813607,77.206843
activity,28.6815494,77.2066858
activity,28.6814074,77.2067109
activity,28.6806348,77.2074544
activity,28.6812141,77.2069645
activity,28.681036,77.2075437
activity,28.6807184,77.2075966
activity,28.6801753,77.2086324
activity,28.6810394,77.2073492
activity,28.6811444,77.206939
activity,28.680979,77.2070675
activity,28.6808764,77.2071518
activity,28.6815937,77.2066439
activity,28.6810521,77.2073351
activity,28.6810442,77.2070914
activity,28.6808929,77.2075939
activity,28.6811934,77.206978
activity,28.6819374,77.2062799
activity,28.6817553,77.2063942
activity,28.6817426,77.2064123
activity,28.6811478,77.2070169
activity,28.6819758,77.2063539
activity,28.6818601,77.2064299
activity,28.6808198,77.2073761
activity,28.6810152,77.2075176
activity,28.6807348,77.2076297
activity,28.6807843,77.2075539
activity,28.6809291,77.2071919
activity,28.6821509,77.20621
activity,28.681851,77.2063375
activity,28.6806754,77.2075159
activity,28.6810027,77.2074862
activity,28.6808535,77.2071725
activity,28.6819368,77.2063741
activity,28.6809332,77.2073725
activity,28.680839,77.2074153
activity,28.6808246,77.2075309
activity,28.6809567,77.2070878
activity,28.682,77.2062333
activity,28.681064,77.2075758
activity,28.6810749,77.2073203
activity,28.7217097,77.1368927
activity,28.7213189,77.1365797
activity,28.7035487,77.1312511
activity,28.6780916,77.1877417
activity,28.7272761,77.1499523
activity,28.7106975,77.1203008
activity,28.7015382,77.1656145
activity,28.7015113,77.165541
activity,28.7015651,77.1657154
activity,28.678937,77.2038888
activity,28.6786262,77.2038959
activity,28.6793518,77.2039109
activity,28.6792418,77.2037294
activity,28.6800128,77.2037585
activity,28.6793898,77.2038879
activity,28.6816888,77.2004703
activity,28.6787783,77.2037302
activity,28.6793847,77.2037532
activity,28.6794531,77.2038831
activity,28.6791273,77.2037373
activity,28.6788383,77.2037278
activity,28.6798964,77.2037484
activity,28.6787398,77.2038943
activity,28.6787735,77.2038942
activity,28.6792694,77.203894
activity,28.6798257,77.203872
activity,28.6791638,77.203896
activity,28.680443,77.2038819
activity,28.6793425,77.2037545
activity,28.6791808,77.2037304
activity,28.6792998,77.2037431
activity,28.6794899,77.2037451
activity,28.6798095,77.2037434
activity,28.6799776,77.2038714
activity,28.680317,77.2038752
activity,28.6790791,77.2038914
activity,28.6799025,77.2038794
activity,28.6795211,77.2038798
activity,28.6789485,77.2037332
activity,28.6786718,77.2038947
activity,28.6787088,77.2038922
activity,28.6798518,77.2037446
activity,28.6788288,77.2038897
activity,28.678628,77.2037268
activity,28.6818036,77.205951
activity,28.6799348,77.2038708
activity,28.6802043,77.2037649
activity,28.6802498,77.2038754
activity,28.678879,77.2038898
activity,28.6803468,77.2038748
activity,28.6790832,77.2037241
activity,28.6799731,77.2037527
activity,28.67902,77.2037378
activity,28.7200032,77.1745913
activity,28.7200415,77.1746499
activity,28.7200537,77.1746688
activity,28.7201207,77.1747757
activity,28.7200983,77.174741
activity,28.7203096,77.1750387
activity,28.7203255,77.1750698
activity,28.7206615,77.1755737
activity,28.6822594,77.2061663
activity,28.6816177,77.2071814
activity,28.6824113,77.2064096
activity,28.6821827,77.2067293
activity,28.6819382,77.20691
activity,28.6820932,77.2068047
activity,28.6823819,77.2063646
activity,28.6812559,77.2075099
activity,28.6823064,77.2062168
activity,28.6807237,77.2079427
activity,28.6835062,77.2080847
activity,28.6821657,77.2067385
activity,28.6807495,77.2079204
activity,28.6880393,77.2094174
activity,28.6823374,77.2062603
activity,28.6807946,77.2078859
activity,28.6815446,77.2072445
activity,28.6813845,77.2073843
activity,28.6809327,77.2078048
activity,28.6809598,77.207777
activity,28.6815684,77.2072222
activity,28.6812263,77.2075271
activity,28.6824436,77.2064393
activity,28.7208128,77.1758033
activity,28.6825613,77.2011898
activity,28.6824167,77.2013423
activity,28.682357,77.2013911
activity,28.682046,77.2015006
activity,28.6818051,77.2017125
activity,28.6816312,77.201799
activity,28.6816152,77.2017697
activity,28.6815353,77.2018375
activity,28.6816066,77.2017454
activity,28.6815804,77.2017161
activity,28.681529,77.2016219
activity,28.6821015,77.2024539
activity,28.6818464,77.2023717
activity,28.6816552,77.2024054
activity,28.6816508,77.2024334
activity,28.681616,77.202465
activity,28.6813843,77.2027475
activity,28.6813295,77.2027971
activity,28.6812739,77.2027213
activity,28.6812031,77.20278
activity,28.6825982,77.2016227
activity,28.682528,77.2016784
activity,28.6820919,77.2021713
activity,28.7207677,77.1759311
activity,28.7210752,77.176223
activity,28.6949961,77.2141208
activity,28.6923122,77.2143309
activity,28.6877353,77.2085489
activity,28.6949913,77.2141378
activity,28.6869564,77.2085688
activity,28.6950031,77.2141066
activity,28.7219178,77.1767989
activity,28.7212406,77.1773693
activity,28.7138047,77.1732426
activity,28.7221256,77.1410072
activity,28.7221107,77.1410006
activity,28.7221188,77.1410024
activity,28.7045567,77.1732738
activity,28.7164501,77.1121686
activity,28.7125416,77.1360969
activity,28.7124501,77.1360783
activity,28.7124414,77.1360659
activity,28.712463,77.1359747
activity,28.7032766,77.1310718
activity,28.7144472,77.1298381
activity,28.714142,77.1296732
activity,28.7142093,77.1297349
activity,28.7141634,77.1296955
activity,28.7698869,77.1861714
activity,28.6689154,77.1014986
activity,28.6748177,77.1037936
activity,28.6688947,77.1017685
activity,28.6806132,77.2042162
activity,28.6796894,77.2037368
activity,28.682067,77.205878
activity,28.6803808,77.2038751
activity,28.6812431,77.2043551
activity,28.6823542,77.2060518
activity,28.6812862,77.2047015
activity,28.6799994,77.2040175
activity,28.6800042,77.2039129
activity,28.6816766,77.2049848
activity,28.6813443,77.204498
activity,28.6807103,77.2042689
activity,28.6811843,77.2042726
activity,28.6815459,77.2048044
activity,28.6817184,77.2050513
activity,28.6815926,77.2051722
activity,28.6814924,77.2046811
activity,28.6818253,77.2055282
activity,28.68166,77.2052817
activity,28.681267,77.2043975
activity,28.6823202,77.2059909
activity,28.6813244,77.204748
activity,28.6812586,77.2046567
activity,28.6796346,77.2045891
activity,28.67995,77.2037531
activity,28.681529,77.2050624
activity,28.6805617,77.2041411
activity,28.6817979,77.2051702
activity,28.6818642,77.205597
activity,28.6820797,77.2059037
activity,28.6820305,77.2058247
activity,28.6804202,77.203781
activity,28.681767,77.2054246
activity,28.6811658,77.2045164
activity,28.6799955,77.2040795
activity,28.6812058,77.2045512
activity,28.6796394,77.2044452
activity,28.6815472,77.2051043
activity,28.6812096,77.2043101
activity,28.681849,77.2055628
activity,28.6808745,77.2042991
activity,28.6820142,77.2055414
activity,28.6811335,77.2044562
activity,28.6800023,77.2039507
activity,28.6819031,77.2056416
activity,28.6813868,77.2048563
activity,28.6796322,77.2043525
activity,28.6801431,77.2038816
activity,28.6813081,77.2044463
activity,28.6806696,77.2042539
activity,28.6798766,77.2037447
activity,28.6818249,77.2052126
activity,28.6817404,77.2050957
activity,28.6799965,77.2040479
activity,28.6801899,77.2038804
activity,28.6812192,77.2046118
activity,28.6827672,77.2064256
activity,28.6818037,77.2054984
activity,28.6808984,77.204292
activity,28.680837,77.2042981
activity,28.6800005,77.2039871
activity,28.6807526,77.2042826
activity,28.6806407,77.2042346
activity,28.6796393,77.2045089
activity,28.6815225,77.2047679
activity,28.681786,77.2054661
activity,28.6799315,77.2037526
activity,28.681978,77.2054983
activity,28.6809183,77.2042885
activity,28.6819217,77.2053946
activity,28.6816332,77.2052298
activity,28.6816736,77.2053057
activity,28.6810973,77.2043925
activity,28.6800065,77.2038718
activity,28.6804945,77.2040388
activity,28.6795712,77.2038803
activity,28.6795932,77.2045134
activity,28.6796919,77.203857
activity,28.6803581,77.2037786
activity,28.6801492,77.2037694
activity,28.6816588,77.2049458
activity,28.6824429,77.2061718
activity,28.6814547,77.2049622
activity,28.6809394,77.2042764
activity,28.6818956,77.205356
activity,28.6804161,77.20388
activity,28.6813992,77.2045828
activity,28.6813618,77.2048068
activity,28.6810661,77.2043321
activity,28.681693,77.2050156
activity,28.6816453,77.2052636
activity,28.6796403,77.204115
activity,28.6804556,77.2039348
activity,28.6796389,77.2042103
activity,28.6815033,77.2047332
activity,28.6817636,77.2051233
activity,28.6821509,77.2060327
activity,28.6814854,77.2046451
activity,28.6815694,77.2048279
activity,28.6800825,77.2038805
activity,28.6814526,77.2046227
activity,28.6821361,77.206008
activity,28.6797737,77.2038698
activity,28.6799131,77.203747
activity,28.6819348,77.2056924
activity,28.6813732,77.2045453
activity,28.6819572,77.2054687
activity,28.6805229,77.2040943
activity,28.6816923,77.2053317
activity,28.6807975,77.2042886
activity,28.6804431,77.2037484
activity,28.6827997,77.2063887
activity,28.6817053,77.2048928
activity,28.6817405,77.2047199
activity,28.6800965,77.2040686
activity,28.6815762,77.2051367
activity,28.6797332,77.2038628
activity,28.6821025,77.2059406
activity,28.6814141,77.2048917
activity,28.6821238,77.2059797
activity,28.6817338,77.2048701
activity,28.6819414,77.2054331
activity,28.6811551,77.2042136
activity,28.6892953,77.2070699
activity,28.6903022,77.2075872
activity,28.7043147,77.1249634
activity,28.7209566,77.1268609
activity,28.6957827,77.1532958
activity,28.6957639,77.1532287
activity,28.6957357,77.1531429
activity,28.6955789,77.1528043
activity,28.682191,77.2050761
activity,28.6812563,77.2072566
activity,28.6822632,77.206324
activity,28.6812029,77.2040751
activity,28.6814613,77.206983
activity,28.6813062,77.2071087
activity,28.6816238,77.2069712
activity,28.6821858,77.2064046
activity,28.6814915,77.2069636
activity,28.6818836,77.2051698
activity,28.6817202,77.2037556
activity,28.6822657,77.2064657
activity,28.6822282,77.2064945
activity,28.6815638,77.2039882
activity,28.6829725,77.2036945
activity,28.6818227,77.2066438
activity,28.6818272,77.2036341
activity,28.6806689,77.2071409
activity,28.6817698,77.2036939
activity,28.6811306,77.2072577
activity,28.6811752,77.2041252
activity,28.6819159,77.2067545
activity,28.6812314,77.2040106
activity,28.6821263,77.2051645
activity,28.6822158,77.2063766
activity,28.6812204,77.2040362
activity,28.682328,77.2064088
activity,28.6818706,77.2066437
activity,28.6821513,77.2064394
activity,28.6807263,77.2069966
activity,28.6819772,77.2065636
activity,28.6816114,77.2068779
activity,28.6815477,77.2069104
activity,28.6812401,77.2039569
activity,28.6818064,77.2068438
activity,28.6818655,77.2051873
activity,28.6820876,77.2064834
activity,28.6821728,77.2035002
activity,28.6819167,77.206601
activity,28.6830336,77.2041102
activity,28.6831361,77.2036608
activity,28.6813189,77.2072079
activity,28.6816407,77.2068608
activity,28.6807431,77.2070253
activity,28.6815941,77.2069954
activity,28.6815663,77.2070134
activity,28.6816863,77.2037834
activity,28.6819199,77.2051411
activity,28.6815171,77.2069366
activity,28.6811168,77.2072704
activity,28.6811771,77.2072094
activity,28.6815776,77.2068536
activity,28.6820803,77.2050077
activity,28.6807071,77.2069784
activity,28.7147293,77.2161266
activity,28.7133775,77.2161349
activity,28.7144369,77.2143884
activity,28.7109117,77.2155219
activity,28.7105842,77.2151539
activity,28.7151031,77.2163732
activity,28.7150061,77.2163885
activity,28.7150643,77.2163766
activity,28.713982,77.2181268
activity,28.7154208,77.2096575
activity,28.7157137,77.2089194
activity,28.704437,77.1185166
activity,28.710636,77.2150234
activity,28.7150267,77.2180711
activity,28.7216084,77.2053909
activity,28.7107889,77.2102739
activity,28.7109888,77.2117947
activity,28.7145387,77.2143677
activity,28.7136456,77.2154469
activity,28.7160945,77.2039276
activity,28.7160528,77.2037246
activity,28.7131691,77.2160144
activity,28.7179654,77.2064685
activity,28.7139602,77.1383409
activity,28.7137506,77.2039808
activity,28.7103825,77.2142834
activity,28.6821523,77.2041334
activity,28.6823396,77.2059956
activity,28.6822375,77.2061341
activity,28.6831212,77.2086752
activity,28.6987833,77.1519566
activity,28.664416,77.1438651
activity,28.7120347,77.166636
activity,28.6774651,77.1089775
activity,28.7341152,77.1138601
activity,28.6911457,77.2141181
activity,28.6897483,77.2112849
activity,28.6896588,77.2110209
activity,28.6933995,77.2125286
activity,28.705146,77.1233801
activity,28.6903246,77.208027
activity,28.6882132,77.209785
activity,28.6920876,77.2112261
activity,28.6899875,77.2079238
activity,28.6895725,77.2080493
activity,28.7449551,77.1187325
activity,28.7055586,77.1727986
activity,28.7067164,77.1840714
activity,28.6903554,77.1536244
activity,28.6875609,77.2060293
activity,28.7096299,77.1855949
activity,28.7100431,77.1855015
activity,28.708556,77.1851642
activity,28.7095222,77.1855533
activity,28.7096562,77.1853385
activity,28.7108167,77.1861146
activity,28.7084122,77.1851259
activity,28.7071059,77.1832655
activity,28.7070701,77.1805209
activity,28.7085038,77.1851472
activity,28.7083725,77.1850835
activity,28.7096572,77.1856065
activity,28.7097834,77.1853403
activity,28.7083136,77.1845796
activity,28.7094446,77.1855303
activity,28.7084582,77.1851304
activity,28.7084235,77.1846446
activity,28.7086713,77.1852174
activity,28.6905983,77.2104793
activity,28.6884156,77.2143559
activity,28.7101475,77.1855407
activity,28.6910653,77.2166464
activity,28.6779958,77.2067127
activity,28.6900179,77.2017333
activity,28.6899765,77.2015826
activity,28.6908092,77.2014858
activity,28.6905264,77.2013816
activity,28.6903576,77.2016412
activity,28.6905311,77.2015992
activity,28.6900506,77.2017264
activity,28.690939,77.2014483
activity,28.6898777,77.20163
activity,28.6906797,77.2015432
activity,28.6901198,77.2016896
activity,28.6899078,77.2016919
activity,28.6898268,77.201669
activity,28.6903052,77.2016598
activity,28.6898516,77.2016499
activity,28.6909682,77.2014466
activity,28.6898837,77.2017076
activity,28.6905634,77.2015799
activity,28.6899081,77.2016142
activity,28.7511475,77.1145487
activity,28.7511046,77.1145927
activity,28.7509172,77.1147193
activity,28.7507797,77.1147933
activity,28.7505694,77.1134717
activity,28.749266,77.1150513
activity,28.6913109,77.2166564
activity,28.6797551,77.2078841
activity,28.6784854,77.2077457
activity,28.6788431,77.2074673
activity,28.6786702,77.2074316
activity,28.6788051,77.2074372
activity,28.6796822,77.2078561
activity,28.7115612,77.1245684
activity,28.7115835,77.1245308
activity,28.7115447,77.1245942
activity,28.6901992,77.2160421
activity,28.6944599,77.2039634
activity,28.6944841,77.2039259
activity,28.6936677,77.2044761
activity,28.694473,77.2038952
activity,28.694284,77.2040707
activity,28.6943439,77.2044333
activity,28.6945751,77.2043103
activity,28.6936824,77.2044413
activity,28.6945028,77.2039131
activity,28.6944801,77.2039531
activity,28.6943985,77.2040045
activity,28.6945736,77.203842
activity,28.6936924,77.2044688
activity,28.6938671,77.2043607
activity,28.6937704,77.2044209
activity,28.6945343,77.203912
activity,28.6936597,77.2044453
activity,28.6938078,77.2044006
activity,28.6937292,77.204459
activity,28.6935984,77.2045106
activity,28.6937878,77.2043756
activity,28.6936495,77.2044925
activity,28.6935781,77.2044995
activity,28.6944867,77.2043574
activity,28.6918924,77.2076418
activity,28.6919683,77.2074218
activity,28.6950962,77.2042759
activity,28.6955302,77.2043219
activity,28.6923927,77.2063554
activity,28.6920877,77.2071195
activity,28.6920671,77.2071654
activity,28.6953763,77.2043018
activity,28.6929229,77.2056498
activity,28.6934389,77.2045999
activity,28.6923821,77.2063802
activity,28.6945388,77.2043462
activity,28.6948963,77.2042667
activity,28.6953283,77.2042927
activity,28.6956836,77.2039774
activity,28.6957833,77.2043609
activity,28.6948167,77.20354
activity,28.6953956,77.2039152
activity,28.6951149,77.2042474
activity,28.6957377,77.2043504
activity,28.6954308,77.2043091
activity,28.6921399,77.206986
activity,28.6960731,77.2040382
activity,28.6955085,77.2039407
activity,28.6931899,77.2047705
activity,28.6918525,77.2077391
activity,28.6919487,77.2074794
activity,28.695145,77.2042572
activity,28.6921125,77.2070601
activity,28.6934092,77.2046451
activity,28.6920316,77.2072467
activity,28.6959107,77.2040172
activity,28.6949711,77.2042578
activity,28.6919238,77.207551
activity,28.6922149,77.2067851
activity,28.6919996,77.2073413
activity,28.6947135,77.204287
activity,28.693205,77.2047509
activity,28.6920041,77.2073247
activity,28.692431,77.2062819
activity,28.6920612,77.207149
activity,28.6959456,77.2040133
activity,28.6921701,77.2068692
activity,28.692051,77.2071996
activity,28.6945273,77.2043318
activity,28.6918684,77.2076923
activity,28.6956525,77.2039709
activity,28.6920995,77.2070936
activity,28.6920588,77.2071816
activity,28.6952233,77.2042727
activity,28.6947539,77.2042826
activity,28.6946863,77.2042932
activity,28.6920819,77.20714
activity,28.6921914,77.2068379
activity,28.6945976,77.2043214
activity,28.6944219,77.2044065
activity,28.6921423,77.206966
activity,28.6927227,77.205043
activity,28.6947564,77.2036617
activity,28.6947971,77.2042806
activity,28.6948622,77.2042687
activity,28.6957616,77.2039925
activity,28.6931849,77.2047435
activity,28.692184,77.206864
activity,28.6922984,77.2065226
activity,28.692369,77.2064225
activity,28.692042,77.2072224
activity,28.6933435,77.2046801
activity,28.6922495,77.2066977
activity,28.6934485,77.2046197
activity,28.6940238,77.2041069
activity,28.6921695,77.2069049
activity,28.6918848,77.2076601
activity,28.6919857,77.2073774
activity,28.6959805,77.2040161
activity,28.694807,77.204299
activity,28.6921756,77.2068837
activity,28.6919093,77.2075949
activity,28.6919597,77.2074496
activity,28.6956485,77.2043317
activity,28.6960762,77.2044074
activity,28.6923755,77.2063677
activity,28.6960561,77.2040306
activity,28.6954685,77.203935
activity,28.6923269,77.2065538
activity,28.6938291,77.2043707
activity,28.6923607,77.2064501
activity,28.6938167,77.204342
activity,28.692352,77.2064335
activity,28.695542,77.2039461
activity,28.6958343,77.2043594
activity,28.6961166,77.2040428
activity,28.6920111,77.2072985
activity,28.6959815,77.2043865
activity,28.6918604,77.2077175
activity,28.691901,77.2076161
activity,28.6954913,77.2043209
activity,28.6929803,77.2055844
activity,28.6923729,77.2064066
activity,28.6946673,77.204288
activity,28.6919166,77.2075721
activity,28.6929599,77.2055623
activity,28.6924037,77.2063329
activity,28.6961974,77.2040577
activity,28.6939717,77.2047644
activity,28.6961721,77.2040529
activity,28.6934599,77.2045986
activity,28.695882,77.2040124
activity,28.6960175,77.2043972
activity,28.6927443,77.2050273
activity,28.6933347,77.2046564
activity,28.6948704,77.2042943
activity,28.7398286,77.1170723
activity,28.6878536,77.2216876
activity,28.6919856,77.2111659
activity,28.6953121,77.2147929
activity,28.7069451,77.1842235
activity,28.7072803,77.1846239
activity,28.7068791,77.1905864
activity,28.7068962,77.184464
activity,28.7074544,77.1847518
activity,28.7071226,77.1842954
activity,28.7087592,77.1852452
activity,28.7070411,77.1845285
activity,28.7074366,77.1844139
activity,28.7071039,77.184553
activity,28.7072333,77.184607
activity,28.7088507,77.1852932
activity,28.7076594,77.1847902
activity,28.7072292,77.1843475
activity,28.7082142,77.1850245
activity,28.706843,77.1844377
activity,28.7069598,77.1844974
activity,28.7101337,77.1855155
activity,28.7114486,77.1863494
activity,28.7101409,77.1857927
activity,28.7094095,77.1855211
activity,28.7101734,77.1855364
activity,28.7098458,77.1853823
activity,28.7093817,77.1855097
activity,28.7106674,77.1860489
activity,28.7091235,77.1854064
activity,28.710865,77.1874896
activity,28.7104232,77.1856676
activity,28.7098175,77.1853612
activity,28.7100855,77.1857683
activity,28.709344,77.1854969
activity,28.7113918,77.185657
activity,28.7103451,77.1856181
activity,28.7102119,77.1855619
activity,28.7238803,77.1140537
activity,28.7750484,77.1423401
activity,28.6566802,77.22263
activity,28.6740659,77.1067938
activity,28.6735906,77.1028588
activity,28.7046345,77.1377936
activity,28.6881325,77.1693882
activity,28.6865028,77.1654314
activity,28.6868589,77.1699755
activity,28.6921673,77.1669431
activity,28.6894969,77.1710492
activity,28.685505,77.1738057
activity,28.6828455,77.1699747
activity,28.6937961,77.1806289
activity,28.6957684,77.1816277
activity,28.6836666,77.1845719
activity,28.6916329,77.1803149
activity,28.6857575,77.1832021
activity,28.696978,77.1843593
activity,28.7055986,77.157158
activity,28.7028873,77.158204
activity,28.7056895,77.1599644
activity,28.7067387,77.1647956
activity,28.7098579,77.1570081
activity,28.7082935,77.1566406
activity,28.7106173,77.1534608
activity,28.7109369,77.1561795
activity,28.704902,77.1513408
activity,28.701813,77.1521937
activity,28.7003233,77.146565
activity,28.6975223,77.1474757
activity,28.6992395,77.1435737
activity,28.697594,77.1526785
activity,28.7099449,77.1405321
activity,28.7088523,77.1382209
activity,28.7054743,77.1404594
activity,28.7373478,77.1121023
activity,28.735632,77.1104103
activity,28.7343789,77.1091035
activity,28.7304814,77.1150091
activity,28.7328474,77.111686
activity,28.7140373,77.1352652
activity,28.71027,77.1323717
activity,28.7159019,77.1374446
activity,28.7129618,77.1335523
activity,28.7091949,77.1339191
activity,28.7307399,77.1315969
activity,28.7347501,77.1311096
activity,28.7292751,77.1303662
activity,28.729158,77.1310487
activity,28.7330971,77.1293691
activity,28.7298314,77.1290946
activity,28.7153717,77.1784832
activity,28.7209552,77.1726744
activity,28.7272664,77.1716599
activity,28.7295476,77.167785
activity,28.7339658,77.1685925
activity,28.7281725,77.1733464
activity,28.7303714,77.1623906
activity,28.7500074,77.116447
activity,28.6755668,77.1129127
activity,28.6887325,77.1393287
activity,28.6880827,77.1405966
activity,28.6909667,77.1069374
activity,28.7024469,77.1260336
activity,28.7035148,77.1287865
activity,28.7027069,77.1053423
activity,28.6992501,77.106341
activity,28.7033331,77.1059034
activity,28.7041586,77.1066409
activity,28.6992826,77.100306
activity,28.695281,77.1158769
activity,28.693557,77.1083083
activity,28.6924984,77.1085062
activity,28.6881917,77.119881
activity,28.7056266,77.1187203
activity,28.7103211,77.1119556
activity,28.7066755,77.1133061
activity,28.6960447,77.1236859
activity,28.694817,77.1221192
activity,28.697564,77.1285996
activity,28.6938997,77.1425318
activity,28.6865082,77.1470716
activity,28.6888849,77.1470141
activity,28.6892721,77.1333572
activity,28.6901058,77.1341734
activity,28.6881303,77.1261735
activity,28.6895558,77.1212526
activity,28.6819235,77.1361933
activity,28.6801356,77.1404541
activity,28.6866127,77.1316783
activity,28.6810554,77.1414886
activity,28.7147796,77.1093448
activity,28.7126933,77.1074849
activity,28.7138778,77.1038081
activity,28.7147537,77.1025566
activity,28.7042292,77.1813257
activity,28.7040465,77.1813858
activity,28.6914866,77.1647129
activity,28.6908196,77.1643244
activity,28.6898616,77.1351336
activity,28.6843149,77.2017915
activity,28.6771951,77.1941075
activity,28.6771727,77.2007871
activity,28.6792617,77.1925126
activity,28.6854584,77.1997259
activity,28.6808284,77.195909
activity,28.655259,77.1940336
activity,28.6548892,77.1878699
activity,28.6967584,77.1093382
activity,28.6683785,77.1136469
activity,28.6668558,77.1086565
activity,28.6658082,77.1036883
activity,28.6674169,77.1035614
activity,28.6755789,77.106466
activity,28.6758076,77.102457
activity,28.6754232,77.1047049
activity,28.6776608,77.1002428
activity,28.6736901,77.1018738
activity,28.6721583,77.1064329
activity,28.6889771,77.2112745
activity,28.6632622,77.1440452
activity,28.6633238,77.1495513
activity,28.6662531,77.1408637
activity,28.6652385,77.1413512
activity,28.650766,77.1355194
activity,28.6578784,77.1017283
activity,28.6567964,77.1044905
activity,28.6531083,77.1647219
activity,28.6540972,77.1654916
activity,28.6531197,77.1659489
activity,28.658861,77.2034975
activity,28.6586539,77.2055682
activity,28.6567803,77.2044469
activity,28.65516,77.2068594
activity,28.6567309,77.2061097
activity,28.6604769,77.2045033
activity,28.660292,77.2062537
activity,28.6598118,77.2064828
activity,28.6598229,77.2122692
activity,28.6588445,77.2064319
activity,28.6607763,77.2139605
activity,28.6611487,77.2048334
activity,28.6631075,77.1399085
activity,28.6618559,77.1396223
activity,28.6615682,77.1409933
activity,28.6613874,77.138751
activity,28.6609167,77.1379386
activity,28.6625155,77.1376662
activity,28.6884379,77.2001944
activity,28.6774437,77.1537519
activity,28.6768225,77.1528385
activity,28.6764225,77.1537953
activity,28.68618,77.1552069
activity,28.6870835,77.155547
activity,28.7144883,77.2021405
activity,28.7150029,77.2055412
activity,28.7049342,77.2095515
activity,28.7259085,77.203141
activity,28.6915806,77.157808
activity,28.6760461,77.1937228
activity,28.6554288,77.1230589
activity,28.7066863,77.2025274
activity,28.681359,77.180696
activity,28.6556348,77.1399545
activity,28.7331442,77.1715227
activity,28.6923281,77.1919907
activity,28.7544276,77.1328557
activity,28.6951702,77.2088661
activity,28.7314037,77.1132364
activity,28.7304458,77.1177382
activity,28.7150747,77.116275
activity,28.7551883,77.1337076
activity,28.7302085,77.1070442
activity,28.6595093,77.2229373
activity,28.6591341,77.2232554
activity,28.7392309,77.1356697
activity,28.7123978,77.1359667
activity,28.7144904,77.1292988
activity,28.7184277,77.1296749
activity,28.7193476,77.1289056
activity,28.7179314,77.130443
activity,28.715782,77.1148483
activity,28.7169885,77.1142609
activity,28.7159999,77.1152656
activity,28.7163404,77.1139684
activity,28.6517901,77.1290456
activity,28.6834548,77.177308
activity,28.6879519,77.1230512
activity,28.6592033,77.1896938
activity,28.752394,77.1742256
activity,28.689524,77.2106973
activity,28.7220206,77.1752384
activity,28.6978931,77.1445478
activity,28.7121019,77.116608
activity,28.7027,77.1162625
activity,28.6845713,77.1866199
activity,28.6899737,77.1853528
activity,28.6849757,77.1871974
activity,28.6879831,77.1848229
activity,28.6922814,77.1305993
activity,28.693479,77.2169528
activity,28.6934983,77.2125109
activity,28.6927164,77.2175454
activity,28.6924897,77.2181247
activity,28.6932937,77.2132878
activity,28.6970649,77.1125669
activity,28.6786391,77.1967269
activity,28.7028942,77.1924715
activity,28.6781147,77.2082772
activity,28.6631111,77.2077948
activity,28.6587598,77.2085556
activity,28.7134853,77.1741269
activity,28.7033511,77.181097
activity,28.6821333,77.2066938
activity,28.7308755,77.1636324
activity,28.7228317,77.1654643
activity,28.7339212,77.1039854
activity,28.7439907,77.1217089
activity,28.7145514,77.1527039
activity,28.6897795,77.1919215
activity,28.7035252,77.2102055
activity,28.7040996,77.1028293
activity,28.692545,77.2100291
activity,28.6848778,77.1315307
activity,28.6843863,77.1303261
activity,28.684106,77.1336359
activity,28.6875545,77.1330994
activity,28.6904522,77.1334023
activity,28.6849016,77.1298428
activity,28.6909401,77.1309708
activity,28.6856061,77.1325991
activity,28.6881506,77.13248
activity,28.6846211,77.1303132
activity,28.704872,77.1704576
activity,28.6712815,77.165084
activity,28.66971,77.205599
activity,28.6808374,77.2038495
activity,28.70391,77.1236897
activity,28.7156309,77.205627
activity,28.7456139,77.1513009
activity,28.7473117,77.1507395
activity,28.6509061,77.1207533
activity,28.6728335,77.168956
activity,28.6718865,77.1676293
activity,28.6713216,77.1665057
activity,28.6721231,77.1670337
activity,28.6804582,77.2251753
activity,28.6811024,77.221657
activity,28.6955498,77.1493665
activity,28.6957198,77.149787
activity,28.6959153,77.1498785
activity,28.6953047,77.1499977
activity,28.6955648,77.1502107
activity,28.6957589,77.1503013
activity,28.6966411,77.1502476
activity,28.6964844,77.1506088
activity,28.6964738,77.1501517
activity,28.6963289,77.1500778
activity,28.6964128,77.1496559
activity,28.6821958,77.1587669
activity,28.7679334,77.123963
activity,28.7313712,77.1248901
activity,28.7498363,77.1175079
activity,28.6902755,77.2055784
activity,28.7049996,77.1410171
activity,28.6996752,77.1093235
activity,28.7123424,77.1364229
activity,28.7116249,77.1320792
activity,28.7275146,77.1427219
activity,28.7041245,77.1382065
activity,28.7034405,77.1372224
activity,28.7074103,77.1305897
activity,28.6964806,77.1552501
activity,28.6762961,77.1999225
activity,28.6761794,77.199719
activity,28.6765847,77.1987848
activity,28.6761304,77.1980219
activity,28.7498901,77.1174762
activity,28.6771529,77.1961782
activity,28.6881912,77.1849265
activity,28.6862633,77.1847388
activity,28.6840555,77.1866855
activity,28.6839456,77.186544
activity,28.681453,77.1851127
activity,28.6810317,77.1855069
activity,28.6902383,77.1682023
activity,28.6822235,77.1712121
activity,28.6836545,77.1718045
activity,28.682291,77.1619185
activity,28.6820804,77.1988385
activity,28.6855131,77.2066108
activity,28.694127,77.2106301
activity,28.6736747,77.1869983
activity,28.6829312,77.2063708
activity,28.676651,77.2019396
activity,28.6751597,77.2023017
activity,28.711483,77.1635765
activity,28.7115984,77.1634081
activity,28.7116351,77.163448
activity,28.7180859,77.1138605
activity,28.7237281,77.1968475
activity,28.6888011,77.1044208
activity,28.6888454,77.1039504
activity,28.7126148,77.1246963
activity,28.7150987,77.1743115
activity,28.7161044,77.1713376
activity,28.7234863,77.1650384
activity,28.7246347,77.1720231
activity,28.7251578,77.1718942
activity,28.7231287,77.1690013
activity,28.7242413,77.1646229
activity,28.7268964,77.1719274
activity,28.7278376,77.1630969
activity,28.7288101,77.1748492
activity,28.7332828,77.1736463
activity,28.7316913,77.1753852
activity,28.7321918,77.1763852
activity,28.7314819,77.1761557
activity,28.7333998,77.176425
activity,28.733011,77.1754027
activity,28.7301989,77.1696766
activity,28.7278864,77.1700063
activity,28.7275748,77.1704802
activity,28.7289772,77.1707068
activity,28.7296895,77.1710501
activity,28.727936,77.1644766
activity,28.7265451,77.1665196
activity,28.7261111,77.1676998
activity,28.7267293,77.1678897
activity,28.7257776,77.1686231
activity,28.7340956,77.1676952
activity,28.725886,77.1653789
activity,28.7247792,77.1662287
activity,28.7289964,77.1641183
activity,28.7317932,77.169669
activity,28.7303896,77.1668728
activity,28.7317077,77.1669634
activity,28.731929,77.1628163
activity,28.7313855,77.1629307
activity,28.7257813,77.1729883
activity,28.7252946,77.1747374
activity,28.7258443,77.174892
activity,28.7320591,77.168711
activity,28.7326833,77.1667837
activity,28.7278751,77.1753698
activity,28.7028165,77.1583222
activity,28.7283773,77.177436
activity,28.7267427,77.1786122
activity,28.7278209,77.1779371
activity,28.7269593,77.1790069
activity,28.7225909,77.1697949
activity,28.7235402,77.1675493
activity,28.7325367,77.1669631
activity,28.7312892,77.1651794
activity,28.730904,77.1664713
activity,28.7280003,77.1633075
activity,28.7405592,77.163431
activity,28.7402514,77.1654853
activity,28.7412304,77.1667207
activity,28.7424856,77.1671276
activity,28.7316974,77.1715415
activity,28.7012393,77.1950068
activity,28.7217541,77.165368
activity,28.7190375,77.1715893
activity,28.7191741,77.1742689
activity,28.7194542,77.1723626
activity,28.720168,77.1730493
activity,28.7182232,77.1759641
activity,28.74034,77.1624404
activity,28.7211094,77.2174998
activity,28.7152139,77.1720917
activity,28.7154593,77.1719485
activity,28.7138922,77.1720765
activity,28.7418033,77.162577
activity,28.7391188,77.1601057
activity,28.7394713,77.1606139
activity,28.7154699,77.1791747
activity,28.7183702,77.1798342
activity,28.7414051,77.1619136
activity,28.7424521,77.133741
activity,28.7140547,77.1789379
activity,28.7066434,77.224137
activity,28.7076772,77.2247343
activity,28.754376,77.1628072
activity,28.7552471,77.1633534
activity,28.7504129,77.172232
activity,28.7517424,77.164464
activity,28.7529868,77.1631882
activity,28.7548162,77.1617676
activity,28.7531045,77.1624352
activity,28.7528171,77.1624334
activity,28.7533833,77.1625235
activity,28.7228012,77.1734818
activity,28.7224747,77.1616656
activity,28.725056,77.161185
activity,28.7230459,77.1613627
activity,28.7224136,77.164174
activity,28.7218693,77.1617332
activity,28.7209411,77.1616403
activity,28.7200213,77.1779252
activity,28.7549665,77.1602899
activity,28.7425808,77.1630867
activity,28.7435505,77.1601693
activity,28.7432199,77.1585252
activity,28.7438594,77.1576723
activity,28.7438371,77.1596361
activity,28.7435566,77.1541007
activity,28.7471878,77.1589508
activity,28.7503227,77.158461
activity,28.7177719,77.1798697
activity,28.747396,77.1559218
activity,28.7459806,77.1609223
activity,28.7582777,77.1777072
activity,28.7188767,77.1124232
activity,28.7445682,77.1645011
activity,28.7478516,77.163363
activity,28.7354154,77.1612323
activity,28.7350815,77.1590996
activity,28.7495902,77.1816567
activity,28.7500805,77.1811371
activity,28.7540937,77.1720169
activity,28.7485043,77.164823
activity,28.7153915,77.1802386
activity,28.7506704,77.1677658
activity,28.7509097,77.1685437
activity,28.7502868,77.1682513
activity,28.7348421,77.1713147
activity,28.7336898,77.1714463
activity,28.7343574,77.1704348
activity,28.7324211,77.1704018
activity,28.7256747,77.1640814
activity,28.7275189,77.1705218
activity,28.7279576,77.1708131
activity,28.7278712,77.171614
activity,28.6572395,77.2201965
activity,28.7121114,77.1766556
activity,28.7122101,77.1771383
activity,28.7338879,77.1572575
activity,28.7679812,77.1453947
activity,28.7271412,77.1249804
activity,28.6946206,77.1539648
activity,28.7523732,77.1516435
activity,28.7322892,77.114666
activity,28.7348963,77.1138674
activity,28.7188698,77.1086399
activity,28.7347022,77.1093825
activity,28.7361824,77.1067558
activity,28.73578,77.1066267
activity,28.7353866,77.1109687
activity,28.7057664,77.142798
activity,28.7167331,77.1391334
activity,28.7113016,77.1235363
activity,28.711317,77.1238259
activity,28.7382055,77.1099608
activity,28.6879657,77.1939089
activity,28.7281795,77.1640086
activity,28.7303871,77.1668682
activity,28.7268816,77.1677633
activity,28.7282775,77.165414
activity,28.6836495,77.2111341
activity,28.6774994,77.2072692
activity,28.6632859,77.2065887
activity,28.6775211,77.2076693
activity,28.711654,77.1281988
activity,28.7215645,77.1364937
activity,28.7235991,77.1275656
activity,28.7181117,77.125785
activity,28.7190166,77.123614
activity,28.7208459,77.141628
activity,28.7114895,77.1187941
activity,28.7237877,77.1328134
activity,28.6797432,77.2102707
activity,28.6655835,77.2087537
activity,28.6578951,77.203718
activity,28.6850403,77.2085215
activity,28.7244269,77.1279842
activity,28.702652,77.1163227
activity,28.6981556,77.2051388
activity,28.6566802,77.22263
activity,28.6584963,77.223311
activity,28.7427795,77.1025063
activity,28.6861407,77.2114976
activity,28.6860626,77.2112095
activity,28.6858358,77.2117462
activity,28.6856524,77.2122921
activity,28.6593145,77.2236223
activity,28.6590267,77.2237446
activity,28.6590114,77.2247568
activity,28.6862589,77.2064379
activity,28.686355,77.2068034
activity,28.6716529,77.222546
activity,28.7147923,77.1196388
activity,28.6879222,77.2054237
activity,28.6872579,77.2046456
activity,28.6886073,77.2046492
activity,28.6820992,77.2086291
activity,28.6838367,77.2085545
activity,28.6845901,77.2091277
activity,28.6529311,77.2059525
activity,28.6834749,77.2119372
activity,28.687085,77.2123687
activity,28.6857907,77.2129096
activity,28.690924,77.2091285
activity,28.7117403,77.128277
activity,28.7157381,77.1349603
activity,28.732663,77.119027
activity,28.6726783,77.1268974
activity,28.6792528,77.2021211
activity,28.7033258,77.1312138
activity,28.7341557,77.108627
activity,28.6626256,77.2066569
activity,28.6632977,77.1534999
activity,28.6962018,77.1500431
activity,28.6954846,77.1527503
activity,28.6583594,77.1828192
activity,28.676084,77.1899656
activity,28.6732734,77.1872853
activity,28.7070752,77.1775028
activity,28.7049462,77.1896178
activity,28.7060008,77.1900303
activity,28.7071629,77.1911638
activity,28.6930567,77.2206785
activity,28.6783148,77.2246777
activity,28.7012724,77.2191826
activity,28.6942295,77.2195509
activity,28.7056024,77.2206188
activity,28.6948311,77.2141585
activity,28.696498,77.1155863
activity,28.718277,77.1718609
activity,28.7174583,77.1711266
activity,28.7180728,77.1719974
activity,28.718277,77.1718609
activity,28.6579088,77.144805
activity,28.7218154,77.1756861
activity,28.6799391,77.2043826
activity,28.696728,77.1375301
activity,28.6961331,77.1504975
activity,28.698427,77.1530325
activity,28.7058415,77.1110625
activity,28.6867656,77.165633
activity,28.6854855,77.2079561
activity,28.7489419,77.1189529
activity,28.7119774,77.1861923
activity,28.6566608,77.2218292
activity,28.6895819,77.1293145
activity,28.6566802,77.22263
activity,28.6846679,77.2083712
activity,28.6902157,77.2110737
activity,28.7156791,77.1344797
activity,28.6887009,77.2117828
activity,28.6552668,77.3472686
activity,28.656726,77.30198
activity,28.6512798,77.297411
activity,28.6818859,77.2297995
activity,28.651067,77.2281349
activity,28.6573574,77.2359806
activity,28.6567331,77.2354195
activity,28.656915,77.2359416
activity,28.6570993,77.2359053
activity,28.6567874,77.2359371
activity,28.6504594,77.2396485
activity,28.6626518,77.2424315
activity,28.6602853,77.2813005
activity,28.6633634,77.2841663
activity,28.6609627,77.278842
activity,28.6653614,77.2842171
activity,28.6614428,77.2799953
activity,28.6608921,77.2790244
activity,28.6998789,77.2265694
activity,28.7000437,77.2271676
activity,28.7000836,77.2265962
activity,28.6999236,77.2265775
activity,28.6990814,77.2258264
activity,28.6563806,77.234434
activity,28.6532866,77.3427559
activity,28.6591012,77.3399845
activity,28.664232,77.323579
activity,28.66876,77.331057
activity,28.6676372,77.3257683
activity,28.6675127,77.3254834
activity,28.6643685,77.3230451
activity,28.6642061,77.3230335
activity,28.7019469,77.2280736
activity,28.6550407,77.3451621
activity,28.6534402,77.3430754
activity,28.6530871,77.3423887
activity,28.6532378,77.3422278
activity,28.6529271,77.3421527
activity,28.6562865,77.2341095
activity,28.6563937,77.2316218
activity,28.666437,77.2316333
activity,28.6560678,77.2303749
activity,28.6825094,77.2631292
activity,28.6845937,77.2558724
activity,28.7033211,77.22841
activity,28.6564538,77.2304966
activity,28.7268885,77.2626665
activity,28.7281033,77.2626517
activity,28.698851,77.226556
activity,28.6563835,77.2314822
activity,28.6563695,77.2309239
activity,28.6563624,77.2310003
activity,28.656061,77.2329064
activity,28.6565694,77.2319328
activity,28.6565435,77.2319301
activity,28.6559387,77.2352453
activity,28.6562423,77.2348625
activity,28.6563318,77.2330386
activity,28.6568076,77.2318832
activity,28.6565963,77.238429
activity,28.6626448,77.2339599
activity,28.6606067,77.2801253
activity,28.7444735,77.2641158
activity,28.6560137,77.2334875
activity,28.6811819,77.2610507
activity,28.6810771,77.2610579
activity,28.688682,77.2626777
activity,28.6927852,77.2633242
activity,28.7059612,77.2817747
activity,28.6500162,77.2324574
activity,28.6565844,77.2345987
activity,28.6562246,77.2305038
activity,28.6701353,77.2840423
activity,28.6707258,77.284189
activity,28.6978053,77.2270228
activity,28.6779107,77.2638615
activity,28.6558115,77.2356623
activity,28.6712448,77.2804943
activity,28.6714431,77.2815699
activity,28.6506289,77.299216
activity,28.6510197,77.2988214
activity,28.6512301,77.2985905
activity,28.6517355,77.2982072
activity,28.6518223,77.2982029
activity,28.6991501,77.2259721
activity,28.7019948,77.2285141
activity,28.6602944,77.228812
activity,28.6563401,77.2307979
activity,28.6504289,77.2303205
activity,28.6563366,77.2318879
activity,28.6546047,77.2333261
activity,28.6504719,77.2303091
activity,28.6687677,77.3310361
activity,28.6551074,77.2309146
activity,28.7025538,77.2284113
activity,28.6704648,77.3077974
activity,28.6611454,77.302603
activity,28.6717451,77.3301213
activity,28.6726995,77.3271762
activity,28.6719577,77.3288278
activity,28.6720027,77.3305192
activity,28.670219,77.32871
activity,28.670836,77.328137
activity,28.670599,77.328467
activity,28.668527,77.329596
activity,28.669014,77.329199
activity,28.668858,77.32995
activity,28.668658,77.329741
activity,28.669084,77.330607
activity,28.66959,77.331058
activity,28.669297,77.330789
activity,28.669765,77.330233
activity,28.669607,77.331338
activity,28.669433,77.329919
activity,28.669386,77.330925
activity,28.668807,77.329855
activity,28.668923,77.329321
activity,28.66967,77.33153
activity,28.668548,77.329579
activity,28.669407,77.32889
activity,28.670002,77.328931
activity,28.670404,77.330108
activity,28.6696278,77.3315456
activity,28.67151,77.330509
activity,28.670133,77.325455
activity,28.669003,77.328839
activity,28.66839,77.330018
activity,28.671511,77.331725
activity,28.671517,77.331312
activity,28.671876,77.331795
activity,28.67221,77.33207
activity,28.672348,77.332306
activity,28.668159,77.329798
activity,28.668322,77.329848
activity,28.670552,77.330146
activity,28.669329,77.330873
activity,28.669361,77.330957
activity,28.668887,77.330048
activity,28.668742,77.329916
activity,28.668408,77.330278
activity,28.664153,77.320864
activity,28.659489,77.32234
activity,28.658172,77.320359
activity,28.657389,77.32306
activity,28.664924,77.325296
activity,28.660695,77.323733
activity,28.659995,77.32356
activity,28.660114,77.323781
activity,28.659392,77.324396
activity,28.660239,77.323984
activity,28.660059,77.323071
activity,28.665261,77.317129
activity,28.660058,77.317221
activity,28.659324,77.317345
activity,28.658211,77.318188
activity,28.656217,77.320222
activity,28.6645034,77.323046
activity,28.664311,77.323631
activity,28.660186,77.32983
activity,28.670988,77.336243
activity,28.670653,77.336128
activity,28.670086,77.333211
activity,28.6561255,77.2365958
activity,28.6560969,77.2354361
activity,28.6504266,77.2684268
activity,28.6695451,77.3229443
activity,28.6726878,77.2524636
activity,28.6982941,77.3142748
activity,28.7013627,77.2901767
activity,28.7028995,77.2661792
activity,28.7042626,77.2565185
activity,28.672626,77.2528108
activity,28.682217,77.3310115
activity,28.6564644,77.2306821
activity,28.7017381,77.2880875
activity,28.6900515,77.3295261
activity,28.7017784,77.2277537
activity,28.650606,77.2295833
activity,28.6707436,77.2842459
activity,28.6546264,77.2332554
activity,28.6500543,77.2363907
activity,28.6547667,77.2334847
activity,28.6582845,77.2979629
activity,28.701979,77.2288343
activity,28.7005268,77.2276866
activity,28.6550779,77.2339865
activity,28.6627534,77.2403662
activity,28.6847189,77.2897575
activity,28.6852719,77.2897923
activity,28.6752663,77.291325
activity,28.6861176,77.2919969
activity,28.6841113,77.2913278
activity,28.6821959,77.2924705
activity,28.6894471,77.2917561
activity,28.6828434,77.2894255
activity,28.6868487,77.2919167
activity,28.6846291,77.2894037
activity,28.710528,77.3133462
activity,28.6828345,77.2910361
activity,28.6737826,77.2890277
activity,28.6750858,77.2883489
activity,28.6838201,77.2885902
activity,28.6737902,77.2890714
activity,28.6892639,77.2867997
activity,28.6918679,77.2915973
activity,28.6920916,77.291576
activity,28.706005,77.2596444
activity,28.7048726,77.2576253
activity,28.6512952,77.2970168
activity,28.6507714,77.2303331
activity,28.6514806,77.2396023
activity,28.6507305,77.2340175
activity,28.6556353,77.2353248
activity,28.7172505,77.2869559
activity,28.7153477,77.2844655
activity,28.6896853,77.2986638
activity,28.6751473,77.3122572
activity,28.6607627,77.2978244
activity,28.6824754,77.3094817
activity,28.6531536,77.297803
activity,28.6875793,77.3111002
activity,28.6875433,77.3111394
activity,28.6842992,77.3142867
activity,28.6842102,77.3142484
activity,28.6867606,77.309899
activity,28.681607,77.3278981
activity,28.6816115,77.3281909
activity,28.6816931,77.3281381
activity,28.6817299,77.3281172
activity,28.6821578,77.3304628
activity,28.6814716,77.3282907
activity,28.6925782,77.3038819
activity,28.6781445,77.3092467
activity,28.6807221,77.3126495
activity,28.6816308,77.3148395
activity,28.6787962,77.3088704
activity,28.6809393,77.3133407
activity,28.6832441,77.3164664
activity,28.6780272,77.3090205
activity,28.6781559,77.3087402
activity,28.6807704,77.3127674
activity,28.6781448,77.3092302
activity,28.678087,77.3091432
activity,28.6780582,77.3090869
activity,28.6781577,77.308806
activity,28.6799917,77.3116547
activity,28.6780429,77.30906
activity,28.67802,77.3088782
activity,28.6808352,77.3131267
activity,28.6819421,77.3150197
activity,28.6822842,77.315704
activity,28.6781402,77.3088393
activity,28.6788126,77.3094399
activity,28.6819005,77.3149228
activity,28.6589497,77.2359195
activity,28.6600918,77.2330646
activity,28.6630786,77.232378
activity,28.6638459,77.2316323
activity,28.6657534,77.229571
activity,28.6661005,77.2295
activity,28.6663635,77.2293156
activity,28.6815139,77.3179445
activity,28.6867124,77.3245479
activity,28.6803812,77.3194311
activity,28.6533199,77.2921919
activity,28.6626203,77.2861717
activity,28.6626032,77.2861891
activity,28.6656822,77.2838549
activity,28.6709608,77.226134
activity,28.6700559,77.2263858
activity,28.6568518,77.2251484
activity,28.689464,77.2713233
activity,28.6898065,77.2714672
activity,28.6894525,77.2709972
activity,28.6894577,77.2709361
activity,28.6894056,77.2709415
activity,28.6899698,77.2708376
activity,28.6895184,77.2723874
activity,28.6907667,77.2750145
activity,28.7018344,77.2277608
activity,28.6560813,77.2401344
activity,28.6563599,77.2401467
activity,28.6594311,77.2422113
activity,28.6563029,77.2292478
activity,28.656142,77.2317554
activity,28.6562821,77.228951
activity,28.6565543,77.2284219
activity,28.6562802,77.2289774
activity,28.6561757,77.2308857
activity,28.6561362,77.2315105
activity,28.6562874,77.2285432
activity,28.6562236,77.2301788
activity,28.656279,77.2288422
activity,28.6561521,77.2311829
activity,28.6563174,77.2335416
activity,28.7024974,77.229013
activity,28.6509683,77.2259225
activity,28.6578532,77.2364781
activity,28.6585088,77.2375483
activity,28.6845694,77.3188459
activity,28.7038107,77.2632806
activity,28.7038065,77.2632092
activity,28.701166,77.2912119
activity,28.7009668,77.2280676
activity,28.6578392,77.2282194
activity,28.6563989,77.2265968
activity,28.6568118,77.225006
activity,28.6561671,77.2277318
activity,28.6564251,77.2257507
activity,28.6564617,77.2303249
activity,28.6563502,77.2296577
activity,28.6568924,77.2306981
activity,28.6564294,77.2264894
activity,28.656579,77.2264515
activity,28.6569196,77.2303988
activity,28.656335,77.2281111
activity,28.6565952,77.2265539
activity,28.6567572,77.2257972
activity,28.6562753,77.2278227
activity,28.6562429,77.2291825
activity,28.6565823,77.2264645
activity,28.6506435,77.2303556
activity,28.6988227,77.226968
activity,28.6980554,77.2269597
activity,28.6861614,77.2507052
activity,28.6845213,77.2521544
activity,28.6672972,77.2283946
activity,28.6717443,77.277867
activity,28.6676858,77.2292059
activity,28.6673402,77.2280857
activity,28.6675515,77.2283739
activity,28.6678659,77.228636
activity,28.6678313,77.2286605
activity,28.6677851,77.2287062
activity,28.6673645,77.2280468
activity,28.6673751,77.2283473
activity,28.6546149,77.264445
activity,28.6534474,77.2399354
activity,28.6796719,77.3181678
activity,28.6762926,77.3145513
activity,28.6766134,77.3159069
activity,28.6782574,77.3156969
activity,28.6758144,77.3129098
activity,28.67568,77.312347
activity,28.6757443,77.3123479
activity,28.7392987,77.2476333
activity,28.6562798,77.2329761
activity,28.6516779,77.2327739
activity,28.6876215,77.3240381
activity,28.686938,77.3231353
activity,28.6868623,77.3231708
activity,28.6894604,77.2899132
activity,28.6918382,77.2920608
activity,28.6894741,77.2921165
activity,28.688933,77.291775
activity,28.6891312,77.2909457
activity,28.6947603,77.29211
activity,28.6921105,77.2924273
activity,28.6931715,77.292136
activity,28.6880287,77.2921793
activity,28.6939674,77.2921077
activity,28.6918532,77.2922259
activity,28.6914865,77.2916235
activity,28.6878761,77.2918721
activity,28.6919562,77.2920557
activity,28.6889558,77.2922001
activity,28.689457,77.2904797
activity,28.6879166,77.2921832
activity,28.6872243,77.2919043
activity,28.7360288,77.2962904
activity,28.7360796,77.2975592
activity,28.736058,77.297132
activity,28.7360763,77.2975028
activity,28.7358644,77.2964154
activity,28.7360544,77.2964112
activity,28.7360726,77.2969654
activity,28.7360617,77.297107
activity,28.736058,77.2970612
activity,28.7360617,77.2971695
activity,28.7360925,77.2977028
activity,28.7360949,77.2976304
activity,28.7361442,77.297735
activity,28.7361749,77.2975028
activity,28.7360949,77.2976787
activity,28.7360949,77.2978369
activity,28.7361357,77.2958698
activity,28.7361215,77.2954406
activity,28.7358926,77.2963134
activity,28.7361696,77.2980447
activity,28.7360902,77.2977216
activity,28.7360831,77.2984619
activity,28.7361725,77.2981749
activity,28.7360087,77.2950222
activity,28.7360181,77.2949632
activity,28.7361357,77.2949792
activity,28.7361451,77.2952904
activity,28.7360032,77.2958816
activity,28.7359962,77.2957287
activity,28.7361404,77.295682
activity,28.6895626,77.2930854
activity,28.6895949,77.2953063
activity,28.6895019,77.2925242
activity,28.6892837,77.2994067
activity,28.6897051,77.2963015
activity,28.6892112,77.296651
activity,28.6896656,77.3004363
activity,28.6891201,77.293255
activity,28.6891726,77.295432
activity,28.6903584,77.2969581
activity,28.6905797,77.2959737
activity,28.6891791,77.2942368
activity,28.6899558,77.2959252
activity,28.68977,77.3006618
activity,28.6893369,77.3000458
activity,28.688893,77.2942126
activity,28.689289,77.2999471
activity,28.6879545,77.3018145
activity,28.6893338,77.2998104
activity,28.6900287,77.2990759
activity,28.6899252,77.3006349
activity,28.6875603,77.3011984
activity,28.6868918,77.3011558
activity,28.688949,77.3011184
activity,28.6896755,77.300919
activity,28.689147,77.3010766
activity,28.6887996,77.3011377
activity,28.6879197,77.3011675
activity,28.6864789,77.3016431
activity,28.6883219,77.3011043
activity,28.6871006,77.3018641
activity,28.6866652,77.3016169
activity,28.6866861,77.2913625
activity,28.6874106,77.2859515
activity,28.6893044,77.2861112
activity,28.6862868,77.2871293
activity,28.6867672,77.2855948
activity,28.6863497,77.2873607
activity,28.6890085,77.2898917
activity,28.6864607,77.2892413
activity,28.6889843,77.2886261
activity,28.6884532,77.2908588
activity,28.6886708,77.2885399
activity,28.6891899,77.2975493
activity,28.6879406,77.2901112
activity,28.6871857,77.2911616
activity,28.6870274,77.2907237
activity,28.6876387,77.2911377
activity,28.7352134,77.2884918
activity,28.7358418,77.2884545
activity,28.736096,77.2979658
activity,28.7360516,77.2977992
activity,28.735904,77.2894865
activity,28.7356312,77.2963154
activity,28.7361648,77.2982564
activity,28.7357094,77.2974854
activity,28.736152,77.2978176
activity,28.7361736,77.2985007
activity,28.7361701,77.2984605
activity,28.7354719,77.2973281
activity,28.7360925,77.2985142
activity,28.7355374,77.2884732
activity,28.7358516,77.2887083
activity,28.7361818,77.2985383
activity,28.7360987,77.2979119
activity,28.7353247,77.2884881
activity,28.7358475,77.2888374
activity,28.7358483,77.2886374
activity,28.7359596,77.2889248
activity,28.7358385,77.2886785
activity,28.7359465,77.2886337
activity,28.7358549,77.2887345
activity,28.7358664,77.2889715
activity,28.736113,77.2961789
activity,28.7360067,77.2947213
activity,28.7359677,77.2944731
activity,28.7361365,77.2960957
activity,28.7361389,77.2955164
activity,28.6555448,77.2265149
activity,28.6772272,77.3139328
activity,28.703757,77.2940168
activity,28.6695447,77.3081328
activity,28.6686404,77.3081506
activity,28.6686635,77.3081154
activity,28.6688909,77.308099
activity,28.668978,77.308108
activity,28.6689483,77.3080831
activity,28.6690217,77.3081147
activity,28.669362,77.3081162
activity,28.669661,77.3074459
activity,28.6695712,77.3082117
activity,28.6695868,77.3082295
activity,28.6696,77.3082541
activity,28.6696209,77.3079737
activity,28.6696342,77.3079152
activity,28.669643,77.3078873
activity,28.6696523,77.3078723
activity,28.6696473,77.3078676
activity,28.6696515,77.3078006
activity,28.6696539,77.3077257
activity,28.669661,77.3074459
activity,28.6695706,77.3081013
activity,28.669661,77.3074459
activity,28.669661,77.3074459
activity,28.669661,77.3074459
activity,28.6696109,77.3073786
activity,28.6696109,77.3073786
activity,28.6696109,77.3073786
activity,28.6696109,77.3073786
activity,28.6696109,77.3073786
activity,28.6696109,77.3073786
activity,28.6757063,77.3090644
activity,28.6757063,77.3090644
activity,28.6757063,77.3090644
activity,28.6657347,77.3025984
activity,28.6698217,77.3105427
activity,28.6695716,77.3098453
activity,28.6695647,77.3097575
activity,28.6698721,77.3094983
activity,28.6699213,77.3090614
activity,28.6660091,77.3087445
activity,28.6658495,77.309429
activity,28.6690542,77.3122355
activity,28.7009755,77.2720701
activity,28.6598642,77.2828167
activity,28.6598828,77.2828669
activity,28.6599095,77.2829329
activity,28.6599321,77.283
activity,28.6599802,77.2831257
activity,28.6600025,77.2831972
activity,28.6598584,77.2832087
activity,28.6598495,77.2832145
activity,28.6598392,77.2831681
activity,28.6598241,77.2831298
activity,28.6598169,77.2830897
activity,28.6597723,77.2830017
activity,28.6597948,77.2830429
activity,28.7021208,77.272172
activity,28.7020904,77.2721672
activity,28.7008706,77.2725172
activity,28.7008909,77.2722679
activity,28.6612528,77.2865945
activity,28.659902,77.2834739
activity,28.6612897,77.2866226
activity,28.6612765,77.2866336
activity,28.6613245,77.2871255
activity,28.6613049,77.2870184
activity,28.661508,77.286879
activity,28.6614787,77.2868424
activity,28.6611773,77.2867922
activity,28.6612494,77.2869086
activity,28.6612837,77.2869809
activity,28.6612029,77.2864562
activity,28.6612679,77.2869428
activity,28.6614329,77.2868026
activity,28.6612139,77.2868487
activity,28.6615696,77.2869418
activity,28.6613881,77.2867082
activity,28.6612375,77.2865597
activity,28.6652908,77.2296513
activity,28.676491,77.3169978
activity,28.6610786,77.2273116
activity,28.6562884,77.232749
activity,28.6673408,77.2273845
activity,28.6672969,77.2273552
activity,28.6672967,77.2274117
activity,28.6672968,77.2273862
activity,28.6673229,77.2273028
activity,28.6673301,77.2273441
activity,28.653672,77.3092005
activity,28.6863256,77.2804906
activity,28.6654854,77.2271594
activity,28.667403,77.2291719
activity,28.6563555,77.236326
activity,28.6556885,77.2299899
activity,28.655645,77.2308187
activity,28.6551902,77.2318109
activity,28.6504163,77.2303748
activity,28.6503229,77.2253598
activity,28.6503927,77.2262467
activity,28.6500912,77.2259965
activity,28.650129,77.2257014
activity,28.6501397,77.2256893
activity,28.6501148,77.2257153
activity,28.650162,77.225665
activity,28.650103,77.2257031
activity,28.6501518,77.2256781
activity,28.6565146,77.2293032
activity,28.6565001,77.2293819
activity,28.6559829,77.2304096
activity,28.6560167,77.2303693
activity,28.6506329,77.2251469
activity,28.6564221,77.2253056
activity,28.690043,77.3398463
activity,28.6901495,77.3394526
activity,28.6884086,77.3417043
activity,28.6870711,77.3442731
activity,28.6889951,77.3464639
activity,28.6869994,77.3442487
activity,28.6858496,77.3443154
activity,28.6876656,77.3441284
activity,28.6894251,77.3394186
activity,28.6861047,77.3440148
activity,28.6658635,77.285473
activity,28.6667231,77.2869073
activity,28.6659799,77.2852026
activity,28.6658843,77.2845399
activity,28.6671344,77.2855342
activity,28.6675279,77.2891671
activity,28.6686217,77.288911
activity,28.6655877,77.2865105
activity,28.6680441,77.285313
activity,28.6677409,77.289377
activity,28.6619077,77.2999232
activity,28.6609449,77.2976418
activity,28.6679843,77.2899076
activity,28.6687017,77.2888107
activity,28.6700047,77.2888277
activity,28.6699733,77.2887638
activity,28.6608168,77.2978199
activity,28.6696921,77.2889026
activity,28.6667186,77.2894472
activity,28.6606643,77.2980495
activity,28.6609035,77.2975023
activity,28.6607999,77.2974766
activity,28.656215,77.230604
activity,28.6533925,77.227377
activity,28.6560553,77.2304439
activity,28.6560917,77.23067
activity,28.6553976,77.2290256
activity,28.6554802,77.229172
activity,28.6554822,77.2293384
activity,28.6555667,77.2302182
activity,28.6564862,77.2300557
activity,28.6564553,77.2299772
activity,28.6560542,77.2299069
activity,28.6578403,77.230468
activity,28.6591068,77.2259293
activity,28.6570901,77.2356669
activity,28.6570885,77.23573
activity,28.6575851,77.2354373
activity,28.6573182,77.2363174
activity,28.6567798,77.2257013
activity,28.6567596,77.2256427
activity,28.6567438,77.2254593
activity,28.6564334,77.2254509
activity,28.6564059,77.2254504
activity,28.6564331,77.2254262
activity,28.6563741,77.225448
activity,28.6567727,77.225843
activity,28.6567704,77.2258726
activity,28.6567574,77.2262982
activity,28.656742,77.2255507
activity,28.6567943,77.2250267
activity,28.6567701,77.225907
activity,28.6567724,77.2258606
activity,28.6567685,77.2260759
activity,28.6567657,77.2259201
activity,28.6567661,77.2261307
activity,28.6567672,77.2259329
activity,28.6567622,77.2260391
activity,28.6567657,77.2259621
activity,28.6567618,77.2260196
activity,28.6567655,77.2259465
activity,28.6567623,77.2259988
activity,28.656821,77.2253519
activity,28.6568226,77.2252891
activity,28.6568218,77.2253744
activity,28.6568221,77.225315
activity,28.6564271,77.2256782
activity,28.6567809,77.2251102
activity,28.6568285,77.2252497
activity,28.6567609,77.2263494
activity,28.6567609,77.2263615
activity,28.6567657,77.2263048
activity,28.6566966,77.2264909
activity,28.6567622,77.2263278
activity,28.6567023,77.2264474
activity,28.656763,77.2262179
activity,28.6564515,77.2307007
activity,28.6582726,77.2259118
activity,28.6581351,77.2251977
activity,28.6564252,77.225247
activity,28.6574361,77.2257623
activity,28.6564275,77.2253303
activity,28.6586788,77.2254323
activity,28.6583441,77.225896
activity,28.6564251,77.2252918
activity,28.656424,77.2252117
activity,28.656427,77.2251718
activity,28.6780357,77.2614312
activity,28.6566816,77.2265949
activity,28.6729887,77.2756781
activity,28.6797927,77.3062825
activity,28.6798062,77.3063128
activity,28.6798755,77.3064324
activity,28.6798598,77.3064083
activity,28.6789169,77.3032857
activity,28.6786241,77.3029768
activity,28.6797564,77.3036298
activity,28.7018439,77.2288852
activity,28.6941798,77.3316655
activity,28.7007085,77.228555
activity,28.6607919,77.2730457
activity,28.6963799,77.3311977
activity,28.6971355,77.3321824
activity,28.6994551,77.3352273
activity,28.6991045,77.3372083
activity,28.6596915,77.3064589
activity,28.6597774,77.3064993
activity,28.6598503,77.3174792
activity,28.6588991,77.3096705
activity,28.6590904,77.3097274
activity,28.6589143,77.3096717
activity,28.6539846,77.3271788
activity,28.6564137,77.2336847
activity,28.6683774,77.2250124
activity,28.7289625,77.327862
activity,28.732745,77.3247514
activity,28.7328659,77.3245923
activity,28.732773,77.3247043
activity,28.7328188,77.3246541
activity,28.7009403,77.2280591
activity,28.7012408,77.2277244
activity,28.7019109,77.2282376
activity,28.701989,77.2282564
activity,28.6681733,77.2893195
activity,28.6680264,77.2894009
activity,28.669473,77.2889614
activity,28.6749551,77.2882245
activity,28.6698482,77.2888395
activity,28.6675625,77.2889928
activity,28.6609559,77.2829316
activity,28.6610849,77.2827204
activity,28.6610376,77.28294
activity,28.6610966,77.2829981
activity,28.658114,77.2841706
activity,28.6576722,77.2843461
activity,28.6628199,77.2835227
activity,28.6675117,77.227479
activity,28.667616,77.2277617
activity,28.6675263,77.2277511
activity,28.6675692,77.2277562
activity,28.6675171,77.2276502
activity,28.667344,77.2276897
activity,28.6675134,77.2276917
activity,28.6571995,77.2361386
activity,28.657204,77.2361849
activity,28.657299,77.236343
activity,28.6673872,77.2286609
activity,28.6615152,77.2295718
activity,28.6878627,77.2548035
activity,28.6670881,77.2313828
activity,28.6509393,77.2307885
activity,28.6553725,77.2274731
activity,28.7029131,77.2286073
activity,28.6549418,77.2273225
activity,28.6558685,77.3023034
activity,28.6646707,77.2324633
activity,28.7079662,77.2402779
activity,28.6657462,77.2310777
activity,28.6958554,77.2280818
activity,28.6516888,77.2959305
activity,28.653219,77.3422285
activity,28.6592338,77.2827091
activity,28.6568482,77.2431423
activity,28.6743285,77.2832638
activity,28.6752789,77.2881626
activity,28.655734,77.2361205
activity,28.6559559,77.2324212
activity,28.6560608,77.231903
activity,28.6849112,77.350833
activity,28.6879973,77.3498222
activity,28.6494777,77.2421433
activity,28.6693552,77.3347037
activity,28.6628424,77.3264339
activity,28.6704934,77.3379262
activity,28.6569569,77.3216292
activity,28.6610571,77.3211502
activity,28.6635077,77.3291929
activity,28.6670149,77.3261555
activity,28.649727,77.301837
activity,28.6671009,77.2902887
activity,28.666273,77.288798
activity,28.7102026,77.2298781
activity,28.6963673,77.2264284
activity,28.6957378,77.2269093
activity,28.6920355,77.2856922
activity,28.6915753,77.2846407
activity,28.6572091,77.3081434
activity,28.6564013,77.2338415
activity,28.6568412,77.2268234
activity,28.6588029,77.2307857
activity,28.6633465,77.2336168
activity,28.7220953,77.3451776
activity,28.6864144,77.3445789
activity,28.6865263,77.3448985
activity,28.6877436,77.3438702
activity,28.7149316,77.22596
activity,28.6938945,77.3453083
activity,28.6936811,77.3450746
activity,28.6810521,77.346187
activity,28.6894463,77.2736982
activity,28.6892774,77.2733256
activity,28.6731162,77.2316601
activity,28.6796218,77.346014
activity,28.6693668,77.3293208
activity,28.6612922,77.3241101
activity,28.6607657,77.323476
activity,28.6636181,77.3231045
activity,28.6698219,77.3203094
activity,28.6963555,77.3147924
activity,28.6581178,77.3108354
activity,28.6864082,77.343754
activity,28.6560578,77.3013775
activity,28.6655024,77.302875
activity,28.6885473,77.3413095
activity,28.6880963,77.3413793
activity,28.688575,77.3417806
activity,28.6876823,77.3433227
activity,28.6868021,77.3430017
activity,28.6885253,77.3407368
activity,28.6866878,77.3432117
activity,28.6861884,77.3434101
activity,28.6889515,77.3392778
activity,28.6858502,77.3427815
activity,28.6860694,77.3424536
activity,28.6856775,77.3424584
activity,28.6852893,77.3432326
activity,28.6870739,77.3406198
activity,28.6869933,77.3410222
activity,28.6675903,77.319643
activity,28.6574114,77.3022556
activity,28.671935,77.2841993
activity,28.7010639,77.2280126
activity,28.6962179,77.227964
activity,28.667872,77.2302267
activity,28.6577158,77.2309217
activity,28.7263048,77.3358434
activity,28.7260396,77.3357301
activity,28.7251834,77.3350677
activity,28.7257514,77.3356496
activity,28.6555917,77.3494564
activity,28.6941993,77.3213482
activity,28.6967709,77.3208707
activity,28.6713464,77.3146732
activity,28.6828086,77.2883726
activity,28.6897402,77.2914348
activity,28.6890676,77.291785
activity,28.6959472,77.2913412
activity,28.6965492,77.291455
activity,28.6749119,77.285949
activity,28.6752254,77.2881665
activity,28.6881398,77.3205063
activity,28.6891286,77.2874327
activity,28.6856695,77.2790284
activity,28.6597499,77.2346625
activity,28.7000273,77.2938683
activity,28.661345,77.3172102
activity,28.6846792,77.3141792
activity,28.6577694,77.3086593
activity,28.6523543,77.2682457
activity,28.6522192,77.2676675
activity,28.6709858,77.2834648
activity,28.659707,77.2298013
activity,28.6730604,77.2831968
activity,28.6933784,77.307242
activity,28.6518705,77.2362591
activity,28.69282,77.3302887
activity,28.6939696,77.3291457
activity,28.6934487,77.3296952
activity,28.6934594,77.3273028
activity,28.6941824,77.3316715
activity,28.6858844,77.3186479
activity,28.684729,77.3192081
activity,28.695618,77.3297647
activity,28.6962049,77.3351363
activity,28.6890328,77.3272852
activity,28.6902263,77.2781152
activity,28.7010614,77.2859809
activity,28.7016686,77.2896792
activity,28.6569193,77.2305079
activity,28.6798456,77.285326
activity,28.6731767,77.278224
activity,28.660726,77.2975557
activity,28.6765784,77.3166817
activity,28.6971649,77.2718757
activity,28.6983594,77.2752831
activity,28.6790189,77.3157781
activity,28.6777722,77.3157192
activity,28.6764708,77.3142643
activity,28.6762937,77.3164054
activity,28.6765333,77.3157711
activity,28.6711965,77.2708951
activity,28.6695842,77.3229921
activity,28.6873956,77.3250332
activity,28.6632453,77.2764177
activity,28.6633762,77.2772524
activity,28.6640631,77.2744636
activity,28.6689103,77.3054117
activity,28.6684871,77.3079061
activity,28.6655773,77.3079938
activity,28.6598443,77.2832557
activity,28.6689051,77.3039056
activity,28.6666944,77.3137514
activity,28.6617069,77.2865226
activity,28.6610249,77.2866327
activity,28.655421,77.3073198
activity,28.6673532,77.2289458
activity,28.6884799,77.3437251
activity,28.6877515,77.3433661
activity,28.6892255,77.3423123
activity,28.6879006,77.340259
activity,28.6859918,77.3439286
activity,28.6882625,77.3403308
activity,28.6896294,77.3406151
activity,28.6857547,77.3429385
activity,28.6667525,77.2869084
activity,28.6500603,77.2271625
activity,28.655606,77.2292217
activity,28.6576382,77.2350365
activity,28.6596361,77.2277138
activity,28.6817687,77.328221
activity,28.7009904,77.2270205
activity,28.6503491,77.3461548
activity,28.6739234,77.2749931
activity,28.674174,77.2749185
activity,28.6736379,77.2750135
activity,28.6733962,77.2755183
activity,28.672509,77.2756046
activity,28.67308,77.2757161
activity,28.6784296,77.3041185
activity,28.688,77.3497719
activity,28.6923329,77.3485813
activity,28.6868628,77.3450088
activity,28.684883,77.3419449
activity,28.6874253,77.3365643
activity,28.6861065,77.3308114
activity,28.6663324,77.3070437
activity,28.6663456,77.3075879
activity,28.7148321,77.3302326
activity,28.7263261,77.3426699
activity,28.7264721,77.2728767
activity,28.702627,77.2283816
activity,28.7025467,77.2283597
activity,28.7023491,77.2283768
activity,28.7205168,77.3415653
activity,28.6645237,77.2333914
activity,28.6638807,77.2329531
activity,28.6639679,77.2331211
activity,28.6655385,77.2320065
activity,28.6636894,77.2343879
activity,28.6506864,77.2334669
activity,28.6530675,77.2694608
activity,28.7981223,77.0352125
activity,28.8059444,77.0470207
activity,28.7979343,77.0343328
activity,28.8003599,77.0355129
activity,28.7988933,77.0352522
activity,28.7946905,77.0372885
activity,28.8440426,77.0900189
activity,28.8032691,77.0512991
activity,28.8314671,77.0076086
activity,28.778538,77.0451482
activity,28.8347711,77.0075434
activity,28.8357081,77.0164121
activity,28.800576,77.0362327
activity,28.8005849,77.0362609
activity,28.8005992,77.0363057
activity,28.8006243,77.0363413
activity,28.8006309,77.0363602
activity,28.7964347,77.0352984
activity,28.7955223,77.0367764
activity,28.795208,77.0379536
activity,28.7880515,77.0585712
activity,28.8067446,77.0542508
activity,28.8041009,77.0545659
activity,28.8067005,77.0497149
activity,28.8608809,77.0959426
activity,28.8292644,77.0948544
activity,28.8365834,77.0971155
activity,28.8472466,77.0994698
activity,28.8331796,77.0075518
activity,28.8349871,77.0075683
activity,28.8354432,77.0168288
activity,28.8315307,77.0074961
activity,28.8317068,77.0079451
activity,28.8319957,77.0069384
activity,28.8100843,77.0031245
activity,28.8079366,77.016633
activity,28.8366265,77.093495
activity,28.8371201,77.0953069
