category,lat,lon,osm_type,osm_id,name
metro,28.4812716,77.0930017,node,535297593,Sikanderpur
metro,28.4917023,77.0881318,node,1988848864,Belvedere Towers
metro,28.4875596,77.0929909,node,1988848882,DLF Phase 2
metro,28.4809969,77.0944367,node,1988848900,Sikanderpur RMRG Station
metro,28.5007775,77.0946306,node,2533456421,Moulsari Avenue Station
metro,28.4935677,77.093661,node,2533456422,Phase 3 Station
metro,28.4574254,77.0969529,node,3181132346,Sector 42-43
metro,28.4714258,77.0939606,node,3953773571,DLF Phase 1
metro,28.4795543,77.0798926,node,7018301881,M G Road
metro,28.4723277,77.0724222,node,7018301882,IFFCO Chowk
metro,28.4593429,77.0726571,node,7018316590,Millennium City Centre Gurugram
metro,28.4980703,77.0892567,node,13289640468,Cyber City
metro,28.4464192,77.1003835,way,1316295260,Sector 53/54 Metro Station
metro,28.4329768,77.1048971,node,3181132316,Sector 54 Chowk
metro,28.4463829,77.1004632,node,3181132336,Sector 53-54
metro,28.4233556,77.1051327,node,3953773598,Sector 55–56
metro,28.521168,77.2022237,node,6179179025,Saket
metro,28.4820212,77.1022685,node,7018301879,Guru Dronacharya
metro,28.5067242,77.1750019,node,7018316592,Chhatarpur
metro,28.4991235,77.1613745,node,7018711118,Sultanpur
metro,28.512951,77.1864532,node,7018886730,Qutab Minar
metro,28.493751,77.1491866,node,7018886731,Ghitorni
metro,28.4807352,77.1257622,node,7018886732,Arjan Garh
metro,28.4227134,77.3103481,node,9552724758,Badhkal Mor
metro,28.5195804,77.2946029,node,13860634717,Mohan Estate
metro,28.4484805,77.3082941,way,351058951,Mewala Maharajpur
metro,28.4932579,77.3030303,way,581226084,Badarpur
metro,28.5024441,77.299305,way,662332955,Tughlakabad
metro,28.478084,77.3048262,way,702118116,Sarai Metro Station
metro,28.4382126,77.3090597,way,1038927458,Sector 28
metro,28.4108327,77.3114058,way,1038927460,Old Faridabad
metro,28.4576936,77.3074035,way,1041873112,N.H.P.C. Chowk
metro,28.5564626,77.0866995,node,927873494,IGI Airport
metro,28.6119086,76.9785264,node,2579042823,Dhansa Bus Stand
metro,28.5889102,77.0830764,node,2832938323,Palam
metro,28.60185,77.0823751,node,2832938324,Dashrath Puri
metro,28.6289471,77.0779492,node,2832938329,Janakpuri West
metro,28.586443,77.0494433,node,5737168025,Dwarka Sector 11
metro,28.5922362,77.0407315,node,6539894848,Dwarka Sector 12
metro,28.5810577,77.0574996,node,6539894859,Dwarka Sector 10
metro,28.574272,77.0653316,node,6539894860,Dwarka Sector 9
metro,28.5656109,77.0670366,node,6539894861,Dwarka Sector 8
metro,28.5519218,77.0585605,node,6539894862,Dwarka Sector 21
metro,28.6295839,77.078085,node,6541854249,Janakpuri West
metro,28.6248465,77.0652861,node,6541854250,Uttam Nagar East
metro,28.621757,77.0557122,node,6541854251,Uttam Nagar West
metro,28.6202758,77.0450787,node,6541854252,Nawada
metro,28.61931,77.0332792,node,6541854253,Dwarka Mor
metro,28.6158874,77.0224342,node,6541854254,Dwarka - Kakrola (Grey Line)
metro,28.6149362,77.0227628,node,6541854255,Dwarka - Kakrola (Blue Line)
metro,28.6022218,77.0259765,node,6541854256,Dwarka Sector 14
metro,28.597009,77.0335407,node,6541854257,Dwarka Sector 13
metro,28.633021,77.086757,node,6548798518,Janakpuri East
metro,28.6365482,77.0964961,node,6548798519,Tilak Nagar
metro,28.6173003,77.0104375,node,7039532905,Nangli
metro,28.6124504,76.9865067,node,9172459622,Najafgarh
metro,28.61572,77.0851893,node,9936590366,Dabri Mor - Janakpuri South
metro,28.5508323,77.0453073,node,11203142798,Yashobhoomi Dwarka Sector 25
metro,28.6477917,77.0843425,node,12149316873,Krishna Park Extension
metro,28.6450127,77.1692817,node,268217229,Patel Nagar
metro,28.6440122,77.1885235,node,345234441,Karol Bagh
metro,28.5487786,77.1207949,node,554257763,Delhi Aerocity
metro,28.5442564,77.2067072,node,554257787,Hauz Khas (Yellow Line)
metro,28.6288963,77.2113218,node,554257833,Shivaji Stadium
metro,28.6434826,77.2227421,node,554257841,New Delhi
metro,28.5918719,77.1617158,node,927873513,Dhaula Kuan
metro,28.6424786,77.2231116,node,938409545,New Delhi Airport Express Terminal
metro,28.5433691,77.2050447,node,2832938172,Hauz Khas (Magenta Line)
metro,28.5568967,77.1750592,node,2832938185,Munirka
metro,28.557827,77.1611168,node,2832938196,Vasant Vihar
metro,28.5608462,77.1402814,node,2832938301,Shankar Vihar
metro,28.5771145,77.1111279,node,2832938307,Sadar Bazar Cantonment
metro,28.5423747,77.2210916,node,2833058721,Panchsheel Park
metro,28.5503805,77.1855231,node,2833058722,R. K. Puram
metro,28.564835,77.1226566,node,2833058753,Terminal 1 IGI Airport
metro,28.6158794,77.2122822,node,5453646586,Central Secretariat
metro,28.6424955,77.1782756,node,5781445033,Rajendra Place
metro,28.5785326,77.175741,node,6453544485,Sir M. Vishweshwaraiah Moti Bagh
metro,28.5702618,77.1878709,node,6453544486,Bhikaji Cama Place
metro,28.5736524,77.2075857,node,6453544487,Dilli Haat - INA (Pink Line)
metro,28.5685664,77.2205677,node,6453544489,South Extension
metro,28.6371795,77.1297333,node,6453544492,Mayapuri
metro,28.6490563,77.1227198,node,6453992649,Rajouri Garden (Blue Line)
metro,28.5741769,77.2093017,node,6453992653,Dilli Haat - INA (Yellow Line)
metro,28.6086201,77.1404187,node,6458165644,Delhi Cantt
metro,28.575817,77.1980786,node,6458202842,Sarojini Nagar
metro,28.6243852,77.1364438,node,6458202844,Naraina Vihar
metro,28.5470121,77.1945546,node,6485904396,IIT Delhi
metro,28.6443188,77.1999165,node,6539894849,Jhandewalan
metro,28.6392436,77.2085787,node,6539894850,Ramakrishna Ashram Marg
metro,28.6327062,77.2193123,node,6539894851,Rajiv Chowk
metro,28.6404593,77.1051815,node,6548798520,Subhash Nagar
metro,28.6437265,77.11282,node,6548798521,Tagore Garden
metro,28.5668602,77.2078058,node,7018301883,A.I.I.M.S.
metro,28.5580071,77.2067933,node,7018316585,Green Park
metro,28.5290656,77.2048241,node,7018316591,Malviya Nagar
metro,28.6229664,77.214031,node,7018886726,Patel Chowk
metro,28.6095136,77.211796,node,7018886727,Seva Teerth
metro,28.5973513,77.2110967,node,7018886728,Lok Kalyan Marg
metro,28.5865094,77.2125273,node,7018886729,Jor Bagh
metro,28.6327786,77.2196985,node,8018558072,Rajiv Chowk
metro,28.6240485,77.2192587,node,9584236507,Janpath
metro,28.6233674,77.2144911,way,351418783,Patel Chowk
metro,28.5893688,77.1693925,way,662484598,Durgabai Deshmukh South Campus
metro,28.5494785,77.25909,node,927873510,Kalkaji Mandir
metro,28.5597477,77.2749004,node,2832938187,Sukhdev Vihar
metro,28.5529418,77.321595,node,2833058715,Okhla Bird Sanctuary
metro,28.5419077,77.2384925,node,2833058716,Greater Kailash
metro,28.542916,77.3101107,node,2833058718,Kalindi Kunj
metro,28.5503522,77.2569441,node,2833058719,Kalkaji Mandir
metro,28.5612999,77.291877,node,2833058720,Okhla Vihar
metro,28.5458279,77.2966578,node,2833058723,Jasola Vihar Shaheen Bagh
metro,28.5639051,77.3338373,node,2833058750,Botanical Garden (Magenta Line)
metro,28.613453,77.3088549,node,2833531907,Trilokpuri Sanjay Lake
metro,28.6468336,77.3158749,node,2833971686,Anand Vihar (Blue Line)
metro,28.6493434,77.3060686,node,2833971689,Karkarduma (Pink Line)
metro,28.5630488,77.2863387,node,3284155408,Jamia Millia Islamia
metro,28.5411108,77.2303164,node,3832323219,Chirag Delhi
metro,28.6319032,77.310718,node,4676900918,IP Extension
metro,28.6200437,77.3054069,node,4676900933,East Vinod Nagar - Mayur Vihar - II
metro,28.624979,77.3044525,node,4676901224,Mandawali - West Vinod Nagar
metro,28.5460584,77.2515057,node,5795235047,Nehru Enclave
metro,28.565871,77.2492973,node,6196100477,Vinobapuri
metro,28.6036425,77.2909319,node,6196100478,Mayur Vihar - I (Pink Line)
metro,28.6058619,77.2987023,node,6196100479,Shree Ram Mandir Mayur Vihar
metro,28.5887494,77.2572494,node,6196100480,Sarai Kale Khan - Nizamuddin
metro,28.5724231,77.2585979,node,6196100481,Ashram
metro,28.56958,77.2385055,node,6453544488,Lajpat Nagar (Pink Line)
metro,28.5705968,77.2364011,node,6453992654,Lajpat Nagar (Violet Line)
metro,28.6466157,77.3155317,node,6454015469,Anand Vihar (Pink Line)
metro,28.6483176,77.3055178,node,6458130120,Karkarduma (Blue Line)
metro,28.6206019,77.249551,node,6537193575,Indraprastha
metro,28.6233124,77.268013,node,6537193576,Yamuna Bank
metro,28.5890885,77.3015085,node,6537196022,New Ashok Nagar
metro,28.5673755,77.3463247,node,6537268384,Noida Golf Course
metro,28.5639434,77.3343995,node,6537285485,Botanical Garden (Blue Line)
metro,28.5707583,77.3260756,node,6537285486,Noida Sector 18
metro,28.578081,77.3177778,node,6537285487,Noida Sector 16
metro,28.5848835,77.3116118,node,6537285488,Noida Sector 15
metro,28.604064,77.2895398,node,6539745133,Mayur Vihar - I (Blue Line)
metro,28.6297676,77.2250046,node,6539894855,Barakhambha Road
metro,28.6256122,77.2341966,node,6539894856,Mandi House
metro,28.6234752,77.2425278,node,6539894857,Supreme Court
metro,28.6492649,77.2265153,node,7018886725,Chawri Bazaar
metro,28.5514171,77.2517386,node,7267374894,Nehru Place
metro,28.5553298,77.2419637,node,7267374895,Kailash Colony
metro,28.6022446,77.2291281,node,7282286731,Khan Market
metro,28.6392174,77.2407795,node,7282286733,Delhi Gate
metro,28.6305974,77.277523,node,9415047898,Laxmi Nagar
metro,28.6414176,77.2952819,node,9415047899,Preet Vihar
metro,28.5644044,77.2342555,node,9584236504,Moolchand
metro,28.5830386,77.2393151,node,9584236505,Jangpura
metro,28.5882347,77.2337833,node,9584236506,Jawaharlal Nehru Stadium
metro,28.6281909,77.2410437,node,9584236508,ITO
metro,28.5445521,77.2642761,node,9597709830,Govind Puri
metro,28.5429338,77.2750407,node,9597709831,Harkesh Nagar Okhla
metro,28.6255149,77.2341926,node,9920295123,Mandi House
metro,28.6364592,77.2868145,node,10314380321,Nirman Vihar
metro,28.6496701,77.339575,node,10314380322,Vaishali
metro,28.6452857,77.3243429,node,10314380323,Kaushambi
metro,28.5512763,77.3352465,node,13451058326,Noida Sector 44
metro,28.5453808,77.3377141,node,13451058327,Noida Office
metro,28.6500102,77.2376761,way,360264006,Jama Masjid
metro,28.617933,77.279424,way,504034446,Akshardham
metro,28.5544917,77.2648773,way,659283553,Okhla NSIC
metro,28.5941915,77.2946235,way,696181173,Mayur Vihar Extension
metro,28.5286435,77.28835,way,698298769,Sarita Vihar
metro,28.538176,77.283267,way,840200539,Jasola Apollo
metro,28.5639566,77.3341061,way,1182820256,Botanical Garden
metro,28.5529216,77.3215634,way,1182821655,Okhla Bird Sanctuary
metro,28.6000716,77.2272018,way,1372976809,
metro,28.6498044,77.3396109,way,1465614783,Vaishali
bus_stop,28.4982909,77.3022912,node,1835811101,Jaitpur Mor
bus_stop,28.5238928,77.2548782,node,3394398798,Tara Apartment
bus_stop,28.5092072,77.2652749,node,4570370477,Tughlakabad
bus_stop,28.5151222,77.2283572,node,5331312235,
bus_stop,28.5151368,77.2282936,node,5331316354,tighri
bus_stop,28.515354,77.2284585,node,5331316517,Ambedkar Nagar Depot
bus_stop,28.5246085,77.2297547,node,5331550499,
bus_stop,28.5203619,77.2281215,node,5331550888,
bus_stop,28.5247119,77.2298196,node,5331550926,
bus_stop,28.5162804,77.2265108,node,5455135925,
bus_stop,28.5245822,77.2303584,node,5490930477,
bus_stop,28.5160919,77.2269384,node,5490931106,
bus_stop,28.506991,77.3004732,node,5561733908,Badarpur Power House
bus_stop,28.499214,77.2990768,node,5561733910,Rajiv Gandhi Stadium
bus_stop,28.5054709,77.2764802,node,5561733911,M.B. Road
bus_stop,28.5136487,77.2348944,node,5561733913,Khanpur Extension
bus_stop,28.5160804,77.296615,node,5561733974,Ali Village
bus_stop,28.5005973,77.2937648,node,5561733976,Prahladpur
bus_stop,28.5078293,77.2692282,node,5561733977,Kaya Maya Hospital
bus_stop,28.5118635,77.249681,node,5561733978,Sangam Vihar
bus_stop,28.5220248,77.2934855,node,5561734256,Maruti Factory
bus_stop,28.5132736,77.2977796,node,5561734257,Onida Factory
bus_stop,28.5019998,77.3000338,node,5561734258,Badarpur
bus_stop,28.4914716,77.3037217,node,5561734259,Badarpur Terminal
bus_stop,28.5089676,77.2652186,node,5561734261,Tuglakabad
bus_stop,28.5122579,77.2487138,node,5561734262,Sangam Vihar
bus_stop,28.5121489,77.2434016,node,5561734263,Batra Hospital
bus_stop,28.5243012,77.2562726,node,5655292225,Tara Apartment
bus_stop,28.5121499,77.2433398,node,5655292431,Sat Narayan Temple
bus_stop,28.5170953,77.2536066,node,5655292552,Hamdard Library
bus_stop,28.5194087,77.2544918,node,5655292553,Guru Ravi Das Mandir
bus_stop,28.5203651,77.2776273,node,5663495759,Okhla Phase 1
bus_stop,28.5195392,77.2542766,node,5663496279,Guru Ravidas Mandir
bus_stop,28.5026215,77.2845419,node,5663496325,Lal Kuan
bus_stop,28.5018867,77.2895949,node,5663496878,Surajkund Crossing
bus_stop,28.5014976,77.2897179,node,5663496882,Surajkund Crossing
bus_stop,28.5112959,77.2565515,node,5663496902,Air Force Station
bus_stop,28.5143175,77.2813362,node,5663497230,ESI Hospital
bus_stop,28.5044284,77.2791678,node,5663497232,Prem Nagar
bus_stop,28.5000722,77.294609,node,5663497343,Prahladpur
bus_stop,28.4993972,77.2987798,node,5663497344,Rajeev Gandhi Stadium
bus_stop,28.5226506,77.25542,node,5715382912,Tara Apartment
bus_stop,28.5237923,77.2550454,node,5715387118,Tara Apartment
bus_stop,28.5239147,77.2551271,node,5716127699,Tara Apartment
bus_stop,28.5127292,77.2390456,node,5732540806,Vayusenabad
bus_stop,28.5139713,77.2345768,node,5732540807,"G Block, Dakshinpuri"
bus_stop,28.514995,77.2528691,node,5732544229,Majeedia Hospital
bus_stop,28.51293,77.2389743,node,5732544230,Vayusenabad
bus_stop,28.524748,77.2304438,node,5758573715,
bus_stop,28.5123659,77.243835,node,5848638158,Batra Hospital
bus_stop,28.5203153,77.2283811,node,5848638310,Madangir DDA Flats
bus_stop,28.5148818,77.2966416,node,6274317077,
bus_stop,28.5123833,77.2433444,node,6274317079,Satya Narayan Temple
bus_stop,28.513077,77.2973685,node,6274317083,
bus_stop,28.5057529,77.2763879,node,6274736849,MB Road
bus_stop,28.5193241,77.2951943,node,6274736861,Haldiram
bus_stop,28.5117048,77.255419,node,6274736865,Air Force Station
bus_stop,28.5080415,77.2693562,node,6274848296,Kaya Maya Hospital
bus_stop,28.5041406,77.2790042,node,6274848297,Prem Nagar
bus_stop,28.5022526,77.284563,node,6274848298,Lal Kuan
bus_stop,28.5235105,77.2751265,node,6349423441,
bus_stop,28.5158488,77.2804196,node,6349423443,ESI Hospital
bus_stop,28.5205138,77.2772245,node,6349423451,Okhla Phase 1
bus_stop,28.5236132,77.2753695,node,6349688640,
bus_stop,28.5153692,77.2527041,node,6380447545,Majeedia Hospital
bus_stop,28.5138992,77.2349329,node,6406978376,Devli Crossing
bus_stop,28.429989,77.2259913,node,6411489559,Bhati Mines
bus_stop,28.5020132,77.3002755,node,6464796820,Badarpur
bus_stop,28.5202191,77.2283403,node,6490310059,Madangir DDA Flats
bus_stop,28.5243035,77.2373816,node,6491633189,Ambedkar Nagar Sector 4
bus_stop,28.5243907,77.2374929,node,6491633191,Ambedkar Nagar Sector 4
bus_stop,28.5193755,77.2948609,node,6559377937,Haldiram
bus_stop,28.4969423,77.302066,node,6559996333,Jaitpur Mor
bus_stop,28.5222479,77.2937664,node,6593510079,Maruti Factory
bus_stop,28.5128657,77.2384097,node,6837540665,Tigri
bus_stop,28.4940776,77.3030192,node,6841232276,Badarpur Border
bus_stop,28.4904999,77.3040379,node,6993567621,Badarpur Border
bus_stop,28.5171606,77.2533658,node,7090233984,Hamdard Library
bus_stop,28.4405167,77.2984838,node,13127479288,Eicher School Bus Stop
bus_stop,28.5066809,77.2732339,node,13854913166,
bus_stop,28.6291636,77.3172214,node,277420405,
bus_stop,28.5789951,77.3212039,node,277420445,Sector 19
bus_stop,28.605103,77.3229238,node,277420532,Fire Station Dallupura
bus_stop,28.581863,77.3249308,node,277792550,sector 20
bus_stop,28.5872265,77.3237508,node,277792552,
bus_stop,28.6201254,77.3209254,node,277792585,
bus_stop,28.5992513,77.2284177,node,355435748,Sujan Singh Park
bus_stop,28.6201278,77.2488411,node,496457123,Indraprastha Depot
bus_stop,28.6262307,77.2471136,node,496457125,
bus_stop,28.5846713,77.3077905,node,498727740,"Sector 14, NOIDA"
bus_stop,28.5715054,77.2588482,node,910451189,Ashram
bus_stop,28.6174949,77.228543,node,971653361,Baroda House
bus_stop,28.5398827,77.2484915,node,1658772713,
bus_stop,28.5698041,77.2265643,node,1694776065,PT College (Kotla)
bus_stop,28.565744,77.2485897,node,1800779891,Lajpat Nagar Ring Road
bus_stop,28.58383,77.2298566,node,2578295201,Jawaharlal Nehru Stadium
bus_stop,28.5839019,77.2301396,node,2578295203,Jawaharlal Nehru Stadium
bus_stop,28.5976707,77.295944,node,2969367314,Rosewood Apartments
bus_stop,28.6269787,77.2795114,node,3067826441,"Shakarpur School Block, S-3"
bus_stop,28.6273966,77.2793076,node,3067830698,"Shakarpur School Block, S-3"
bus_stop,28.5516595,77.2639124,node,3377844011,NSIC
bus_stop,28.5513815,77.2638078,node,3377844012,Kalkaji Mandir
bus_stop,28.5512543,77.2637622,node,3377844013,Kalkaji Mandir
bus_stop,28.6008214,77.2288143,node,3424256952,Sujan Singh Park
bus_stop,28.6293802,77.2253066,node,3744502768,Barakhamba Metro Station
bus_stop,28.6289427,77.3090275,node,4435647397,Vijaylakshmi Apartment
bus_stop,28.6341112,77.3047963,node,4435663161,
bus_stop,28.6266758,77.3093523,node,4435680706,Parivar Apartments
bus_stop,28.6251199,77.3046777,node,4435680707,Ras Vihar
bus_stop,28.6237803,77.3014034,node,4435711092,Saraswati Kunj
bus_stop,28.6361344,77.3072682,node,4436578088,Hasanpur Depot
bus_stop,28.6467533,77.3180037,node,4439250989,Anand Vihar ISBT
bus_stop,28.6441369,77.3169952,node,4439250990,
bus_stop,28.6416841,77.3160806,node,4439250991,
bus_stop,28.6252079,77.3056649,node,4439725381,Ras Vihar
bus_stop,28.6265192,77.3094871,node,4439725382,Parivar Apartments
bus_stop,28.6234357,77.2266617,node,4440796915,Kasturba Gandhi Marg Crossing
bus_stop,28.6254847,77.2394625,node,4440796916,Tilak Bridge
bus_stop,28.6282644,77.2606262,node,4440796921,Rainy Well
bus_stop,28.6295179,77.2772637,node,4441079169,"Shakarpur School Block, S-1"
bus_stop,28.6291956,77.2772809,node,4441079170,"Shakarpur School Block, S-1"
bus_stop,28.6210008,77.2852791,node,4441079171,Ganesh Nagar
bus_stop,28.6191386,77.2864093,node,4441079172,Mother Dairy
bus_stop,28.6193834,77.2882998,node,4441079173,Mother Dairy
bus_stop,28.6189455,77.2878996,node,4441079174,Mother Dairy Xing
bus_stop,28.6201629,77.2901302,node,4441079175,Dharma Apartments
bus_stop,28.6288447,77.3089093,node,4441365357,Vijaylakshmi Apartment
bus_stop,28.6195351,77.28589,node,4441365359,Mother Dairy
bus_stop,28.645031,77.3168118,node,4441662176,Anand Vihar
bus_stop,28.6282507,77.2513423,node,4444470082,Delhi Secretariat
bus_stop,28.6308853,77.2778923,node,4444470083,Laxmi Nagar
bus_stop,28.6333607,77.2820067,node,4444470084,Shakarpur
bus_stop,28.6352655,77.284891,node,4444470085,Shakarpur Crossing
bus_stop,28.6369756,77.2872631,node,4444470088,Nirman Vihar
bus_stop,28.6393439,77.2918944,node,4444470489,Swasthya Vihar
bus_stop,28.6391321,77.2920981,node,4444470490,Swasthya Vihar
bus_stop,28.6083582,77.2303101,node,4795457021,
bus_stop,28.5786631,77.3170193,node,4838670424,Noida Sector 16/3
bus_stop,28.5788612,77.3172835,node,4838670425,Noida Sector 16/3
bus_stop,28.6179177,77.2404376,node,4838670426,Pragati Maidan (Gate No. 5)
bus_stop,28.5660085,77.2305402,node,5026495352,Andrews Ganj
bus_stop,28.5469762,77.2295593,node,5120631342,Krishi Vihar
bus_stop,28.553116,77.2279531,node,5120631343,Siri Fort Road Crossing
bus_stop,28.5534848,77.2283894,node,5120631344,
bus_stop,28.5562576,77.229145,node,5120631346,Sadiq Nagar
bus_stop,28.5628434,77.232834,node,5120631350,Central School
bus_stop,28.5692451,77.2356462,node,5120631351,MCKR Hospital
bus_stop,28.5655248,77.2358028,node,5120631354,Moolchand Hospital
bus_stop,28.5651899,77.24259,node,5120631359,
bus_stop,28.5767413,77.2645157,node,5121928122,Maharani Bagh
bus_stop,28.5762471,77.2644626,node,5121928123,Maharani Bagh
bus_stop,28.581205,77.2659115,node,5121928125,Gurudwara Bala Sahib
bus_stop,28.5870245,77.2590912,node,5121928128,Sarai Kale Khan
bus_stop,28.5905995,77.2578836,node,5121928130,Sarai Kale Khan ISBT
bus_stop,28.6455968,77.3004172,node,5122054862,Hargobind Enclave
bus_stop,28.6105912,77.2401833,node,5122127029,National Stadium
bus_stop,28.6084393,77.2402124,node,5122127030,Zoo
bus_stop,28.6020587,77.2406879,node,5122127034,Sunder Nagar
bus_stop,28.5988746,77.2408464,node,5122127035,Delhi Public School
bus_stop,28.5963552,77.2406975,node,5122127037,Amir Khusro Park (Oberoi Hotel)
bus_stop,28.6224821,77.2350663,node,5232392799,Aga Khan Hall
bus_stop,28.6248546,77.2329658,node,5232404971,Mandi House
bus_stop,28.5540267,77.2318335,node,5244047894,Archana Shopping Complex
bus_stop,28.5838126,77.2301463,node,5248673897,Jawaharlal Nehru Stadium
bus_stop,28.6313562,77.3020229,node,5258047116,Neethi Apartment
bus_stop,28.6159117,77.2301815,node,5273107018,Baroda House
bus_stop,28.6212087,77.2264111,node,5273107081,Bhartiya Vidya Bhawan
bus_stop,28.6236586,77.2393318,node,5273108940,Tilak Bridge
bus_stop,28.5659689,77.2295032,node,5273108995,Andrews Ganj
bus_stop,28.5928864,77.2422544,node,5273109722,DPS School (near Neela Gumbad)
bus_stop,28.610408,77.2335416,node,5273109723,National Gallery of Modern Art
bus_stop,28.5417413,77.2383845,node,5277289377,Savitri Cinema
bus_stop,28.5537391,77.2651613,node,5305562715,National Small Industries Corporation
bus_stop,28.5487565,77.2569888,node,5305562716,Paras Cinema
bus_stop,28.5435247,77.2441827,node,5305562717,Pamposh Enclave
bus_stop,28.5585916,77.2730286,node,5305563918,Sukhdev Vihar
bus_stop,28.5473082,77.2540105,node,5305564098,Nehru Place
bus_stop,28.5279782,77.2312443,node,5331550500,
bus_stop,28.528113,77.2312921,node,5331550927,
bus_stop,28.6112169,77.2447636,node,5337536801,
bus_stop,28.6341687,77.3049948,node,5341268644,
bus_stop,28.6239425,77.3011418,node,5341268645,Saraswati Kunj
bus_stop,28.6115356,77.2399261,node,5342174852,National Stadium
bus_stop,28.6020713,77.2402748,node,5342182505,
bus_stop,28.5911586,77.2396761,node,5342182506,Lodhi Hotel
bus_stop,28.6084096,77.2399087,node,5342182749,Zoo
bus_stop,28.5984508,77.2406143,node,5342182750,
bus_stop,28.6118736,77.2399211,node,5342182884,National Stadium
bus_stop,28.5962282,77.2403952,node,5342182885,Amir Khusro Park
bus_stop,28.5732321,77.2374621,node,5342182886,Lajpat Nagar subway
bus_stop,28.6251008,77.230295,node,5345534677,Mandi House
bus_stop,28.6249761,77.2305747,node,5345534846,Mandi House
bus_stop,28.5542025,77.2269827,node,5357614275,Siri Fort Crossing
bus_stop,28.5459458,77.2297186,node,5357614276,
bus_stop,28.5469029,77.2295999,node,5367813525,Krishi Vihar
bus_stop,28.5469359,77.2295871,node,5367813526,Krishi Vihar
bus_stop,28.5647558,77.241434,node,5370211763,Ring Road (near Gupta Market)
bus_stop,28.5647511,77.241328,node,5370211764,Gupta Market
bus_stop,28.5651195,77.241535,node,5370211769,Ring Road (near Gupta Market)
bus_stop,28.5615601,77.2317487,node,5372972120,
bus_stop,28.5616087,77.2317778,node,5372974921,
bus_stop,28.5485515,77.2489274,node,5372975222,Nehru Place
bus_stop,28.5596616,77.2333991,node,5372981176,Central School
bus_stop,28.5587538,77.2371619,node,5372983763,Lady Sriram College
bus_stop,28.5596402,77.2335068,node,5372984022,Central School
bus_stop,28.5587212,77.2372978,node,5372987675,Lady Sriram College
bus_stop,28.5560739,77.2410026,node,5372987677,Kailash Colony
bus_stop,28.5522958,77.2461934,node,5372987679,Sant Nagar
bus_stop,28.5598546,77.2336017,node,5372989218,Central School
bus_stop,28.5475803,77.2493343,node,5372989282,Nehru Place
bus_stop,28.5479765,77.2492134,node,5372989458,Nehru Place
bus_stop,28.5427743,77.241437,node,5373002004,O.S. Communication
bus_stop,28.5408689,77.236039,node,5373002309,Masjid Moth
bus_stop,28.5437071,77.2439086,node,5373003179,Pamposh Enclave
bus_stop,28.6239954,77.2409579,node,5418010405,Supreme Court Metro Station
bus_stop,28.6254806,77.2339155,node,5418035756,Mandi House
bus_stop,28.6219592,77.2258102,node,5420478912,Bhartiya Vidya Bhawan
bus_stop,28.6280083,77.2277991,node,5420488029,Modern School
bus_stop,28.6278313,77.2285205,node,5420488030,Modern School
bus_stop,28.6248177,77.2327506,node,5420488032,Mandi House
bus_stop,28.6224941,77.2353604,node,5420488033,Aga Khan Hall
bus_stop,28.5922313,77.2289934,node,5426388555,Dayal Singh College
bus_stop,28.6175048,77.2401552,node,5426388557,Pragati Maidan (Gate No.5)
bus_stop,28.5690248,77.2539096,node,5426388558,Nehru Nagar
bus_stop,28.5640862,77.250413,node,5426388559,Lajpat Nagar Crossing
bus_stop,28.5621143,77.2555218,node,5426388560,"B Block, East of Kailash"
bus_stop,28.5336125,77.2322454,node,5426389542,Sheikh Sarai
bus_stop,28.568304,77.2538862,node,5426389543,Nehru Nagar
bus_stop,28.5613334,77.2600501,node,5426389544,Sriniwaspuri Depot
bus_stop,28.6009804,77.2295848,node,5426389916,Sujan Singh Park
bus_stop,28.6136124,77.2347778,node,5426390628,National Stadium
bus_stop,28.5923668,77.2370502,node,5426390776,ISPAT Bhawan
bus_stop,28.5925146,77.22871,node,5426390921,Dayal Singh College
bus_stop,28.5691617,77.2539782,node,5426390922,Nehru Nagar
bus_stop,28.5690231,77.235061,node,5426391142,Moolchand Khairati Ram Hospital
bus_stop,28.5624036,77.2513938,node,5426391173,Garhi Village
bus_stop,28.5585019,77.263053,node,5426391184,Okhla Sabzi Mandi
bus_stop,28.5689051,77.2353496,node,5426391229,Moolchand Khairati Ram Hospital
bus_stop,28.5642606,77.2503616,node,5426391250,Lajpat Nagar Crossing
bus_stop,28.5621351,77.2582072,node,5426391261,"C Block, East of Kailash"
bus_stop,28.5566254,77.2647381,node,5426391272,National Small Industries Corporation
bus_stop,28.5321162,77.2277162,node,5426391319,Vocational College
bus_stop,28.5666441,77.2530703,node,5430723253,Sri Niwas Puri
bus_stop,28.5719686,77.227722,node,5431738836,Defence Colony (Homeopathic College)
bus_stop,28.5871223,77.2296054,node,5432771968,Pragati Vihar
bus_stop,28.5849678,77.2282312,node,5441522259,Central School Lodhi Road
bus_stop,28.5848004,77.2278129,node,5441523402,Central School Lodhi Road
bus_stop,28.5621454,77.2513302,node,5455135430,Garhi Village
bus_stop,28.5554693,77.2651135,node,5455135431,Modi Mill
bus_stop,28.5652858,77.2485287,node,5455135856,Lajpat Nagar
bus_stop,28.5337958,77.2317736,node,5455135882,Sheikh Sarai
bus_stop,28.5607607,77.260458,node,5455135924,Sriniwaspuri Depot
bus_stop,28.5389116,77.2323137,node,5483331744,Chirag Dilli
bus_stop,28.5345369,77.2322183,node,5483331969,
bus_stop,28.5285738,77.2319627,node,5490931524,Pushp Vihar
bus_stop,28.5521924,77.264507,node,5511369034,Kalkaji Temple
bus_stop,28.5582467,77.2628428,node,5511370166,Okhla Sabzi Mandi
bus_stop,28.5543251,77.2269961,node,5543580373,Siri Fort Crossing
bus_stop,28.5480079,77.2765325,node,5561733888,Okhla Tank
bus_stop,28.6083251,77.2279781,node,5567166100,Shahjahan Road UPSC
bus_stop,28.6241247,77.2393748,node,5567166775,Tilak Bridge
bus_stop,28.6163362,77.2338873,node,5567166876,Patiala House
bus_stop,28.547266,77.2538952,node,5578382619,Nehru Place
bus_stop,28.5733398,77.2573944,node,5584870725,Ashram
bus_stop,28.5864131,77.2529822,node,5584870726,Hazrat Nizamuddin Railway Station
bus_stop,28.5278478,77.2317032,node,5584871833,
bus_stop,28.5738117,77.2575022,node,5584872921,Ashram
bus_stop,28.6277699,77.243304,node,5585958324,ITO
bus_stop,28.6278464,77.2444747,node,5585958325,ITO
bus_stop,28.6278888,77.2523778,node,5585958326,Delhi Secretariat
bus_stop,28.6209548,77.285102,node,5585958327,Ganesh Nagar
bus_stop,28.5685647,77.2539456,node,5585958328,Nehru Nagar
bus_stop,28.625269,77.2384852,node,5587022728,Tilak Bridge
bus_stop,28.6279924,77.2609314,node,5587022729,Rainy Well
bus_stop,28.6430167,77.2259822,node,5637100897,Police Station Kamala Market
bus_stop,28.525488,77.2606198,node,5655291486,TB Extension
bus_stop,28.5254197,77.2621575,node,5655291487,DDA Kalkaji Extension
bus_stop,28.5285197,77.2705242,node,5655292435,Central Reserve Police Force
bus_stop,28.5267332,77.2668544,node,5655292554,Kalkaji Extension
bus_stop,28.5255785,77.2609331,node,5663495758,TB Extension
bus_stop,28.5339998,77.2687239,node,5663496119,C Lal Chowk
bus_stop,28.534494,77.2682466,node,5663496324,C Lal Chowk
bus_stop,28.5285509,77.2701089,node,5663496525,Central Reserve Police Force
bus_stop,28.5743182,77.2287394,node,5701997798,Sukhdev Vihar
bus_stop,28.5323134,77.2268866,node,5714671373,Vocational College
bus_stop,28.5344622,77.2438618,node,5715371718,"Greater Kailash II, M-Block Market"
bus_stop,28.5344091,77.2437842,node,5715382910,"Greater Kailash II, M Block Market"
bus_stop,28.5278823,77.2483841,node,5715382911,Narmada Apartment
bus_stop,28.5402176,77.2400527,node,5715387039,
bus_stop,28.5310249,77.2456878,node,5715387116,
bus_stop,28.5279858,77.2482354,node,5715387117,Narmada Apartment
bus_stop,28.5310524,77.2457633,node,5715389197,
bus_stop,28.5379488,77.2398457,node,5715389198,
bus_stop,28.5400311,77.2402111,node,5715389199,
bus_stop,28.5268636,77.2520432,node,5715390754,Alaknanda Apartment
bus_stop,28.6430511,77.2264308,node,5721283954,
bus_stop,28.6165335,77.2337529,node,5732540809,Patiala House
bus_stop,28.6373488,77.2412662,node,5732542139,Delhi Gate
bus_stop,28.6337909,77.2407952,node,5732543214,Express Building
bus_stop,28.6434906,77.240305,node,5732543215,Golcha Cinema
bus_stop,28.649126,77.2393165,node,5732543216,Subhash Park
bus_stop,28.6290153,77.2411467,node,5732543999,Lala Ram Chandra Aggarwal Chowk
bus_stop,28.6387849,77.2410326,node,5732544000,Ambedkar Stadium
bus_stop,28.6071651,77.2268196,node,5732544103,Shahjahan Road UPSC
bus_stop,28.621806,77.2376334,node,5732544104,Supreme Court
bus_stop,28.6371994,77.2408944,node,5732544105,Dilli Gate
bus_stop,28.6480005,77.2402824,node,5732544110,Daryaganj
bus_stop,28.6446646,77.2404982,node,5732544111,Golcha Cinema
bus_stop,28.5457319,77.2501613,node,5732544224,
bus_stop,28.5441197,77.2460707,node,5732544225,
bus_stop,28.5391,77.2536842,node,5732544226,Deshbandhu Colony
bus_stop,28.5302386,77.2585522,node,5732544227,
bus_stop,28.6291247,77.2414332,node,5732544322,Lala Rama Chandra Aggarwal Chowk
bus_stop,28.5589726,77.2373164,node,5732544323,Lady Shriram College
bus_stop,28.5526493,77.2461739,node,5732544324,Sant Nagar
bus_stop,28.5486684,77.2491334,node,5732544325,Nehru Place
bus_stop,28.5568376,77.2407381,node,5732544448,Kailash Colony
bus_stop,28.5484332,77.2492335,node,5732544449,Nehru Place
bus_stop,28.619799,77.2900712,node,5741894535,Dharma Apartments
bus_stop,28.6154847,77.2843515,node,5741894536,Pandav Nagar Samaspur Jagir Village
bus_stop,28.6248964,77.3093051,node,5741894537,Khichdipur Village
bus_stop,28.6217451,77.2945663,node,5741967072,Ambedkar Park
bus_stop,28.6215873,77.2948613,node,5741967073,Government Model School
bus_stop,28.6208616,77.3205572,node,5743506128,
bus_stop,28.6127926,77.3061928,node,5743508507,Trilokpuri Block 13
bus_stop,28.6164975,77.2881356,node,5743508841,Patparganj Mor
bus_stop,28.6133497,77.2955378,node,5743508842,Mayur Vihar
bus_stop,28.6305068,77.3162825,node,5743508843,Gazipur Crossing
bus_stop,28.6482103,77.2688562,node,5743509248,Geeta Colony
bus_stop,28.6434076,77.2704804,node,5743509249,
bus_stop,28.6387059,77.2696681,node,5743509250,Bank Enclave
bus_stop,28.6321606,77.2710164,node,5743509251,Lalita Park
bus_stop,28.6356772,77.2700229,node,5743509384,Ramesh Park
bus_stop,28.6147409,77.2902467,node,5743509389,Pandav Nagar Police Station
bus_stop,28.6132902,77.3015765,node,5743509390,Kotla Village
bus_stop,28.6129392,77.312567,node,5743509401,Chand Cinema
bus_stop,28.6135106,77.3163035,node,5743509402,Super Bazar
bus_stop,28.6148949,77.3191538,node,5743509403,Kalyanpuri
bus_stop,28.6227959,77.3198113,node,5743509409,
bus_stop,28.614564,77.3212173,node,5743510121,
bus_stop,28.6418869,77.3158056,node,5743510401,Gazipur Depot
bus_stop,28.6321175,77.3157087,node,5743510626,Gazipur Village
bus_stop,28.5452631,77.2640838,node,5755441011,Govindpuri Metro Station
bus_stop,28.5481963,77.2630223,node,5755441124,Kalkaji Temple
bus_stop,28.5659656,77.2307287,node,5758573202,Andrews Ganj
bus_stop,28.5430982,77.2313527,node,5758573270,Panchsheel Enclave
bus_stop,28.6408893,77.2576586,node,5761966320,Rajghat Depot
bus_stop,28.545106,77.2638852,node,5778514128,Govindpuri Metro Station
bus_stop,28.617463,77.2872034,node,5807089608,Patparganj Mor
bus_stop,28.6229829,77.2982356,node,5810962662,Press Apartment
bus_stop,28.6227292,77.2982571,node,5810962663,Press Apartment
bus_stop,28.5749652,77.2624255,node,5812151723,Maharani Bagh
bus_stop,28.5373172,77.2674707,node,5812151730,Kalkaji Depot
bus_stop,28.6154266,77.2855959,node,5812151733,Samaspur Jagir Village
bus_stop,28.6367112,77.287496,node,5819987434,Nirman Vihar
bus_stop,28.6240594,77.2406647,node,5822184061,Supreme Court‌ Metro Station
bus_stop,28.6362818,77.3103314,node,5822184062,Hasanpur Village
bus_stop,28.6359908,77.3108178,node,5822184063,Hasanpur Village
bus_stop,28.6312818,77.278804,node,5822184064,Laxmi Nagar
bus_stop,28.6122003,77.2824952,node,5880870401,Akshardham Pushta X-ing
bus_stop,28.5917847,77.2401881,node,6053797350,Lodhi Hotel/Shiv Mandir
bus_stop,28.6013564,77.2378345,node,6077096067,Golf Club
bus_stop,28.6291497,77.2380081,node,6077096069,Bal Bhawan
bus_stop,28.6289742,77.2378304,node,6077096258,Bal Bhawan
bus_stop,28.6094757,77.233186,node,6077096430,Jaipur House
bus_stop,28.6361915,77.2252945,node,6077096433,Kali Mandir
bus_stop,28.6229111,77.2404617,node,6086075001,Supreme Court
bus_stop,28.566176,77.2299551,node,6112155497,Andrews Ganj
bus_stop,28.5412448,77.2556979,node,6115749033,Deshbandhu College
bus_stop,28.5435229,77.2515285,node,6115749034,"B Block, Kalkaji"
bus_stop,28.5666551,77.2623609,node,6198752458,New Friends Colony
bus_stop,28.5615372,77.2661563,node,6198752461,Ishwar Nagar
bus_stop,28.561703,77.2665041,node,6198752463,Ishwar Nagar
bus_stop,28.5707329,77.2467639,node,6203988021,Lajpat Nagar (DJB)
bus_stop,28.6298089,77.2252547,node,6225482787,Barakhamba Metro Station
bus_stop,28.6298443,77.3068587,node,6225764790,Balco Apartment
bus_stop,28.6298084,77.306697,node,6225764791,Balco Apartment
bus_stop,28.5544873,77.2714816,node,6255913361,Sukhdev Bus Depot
bus_stop,28.5652036,77.2428237,node,6258194788,Lajpat Nagar
bus_stop,28.5294564,77.2879787,node,6274317080,Madanpur Khadar
bus_stop,28.5430684,77.3028852,node,6274317084,Shahin Bagh
bus_stop,28.5452187,77.3059891,node,6274319088,Kalindi Kunj
bus_stop,28.5387286,77.2922202,node,6274319089,"K-Block, Sarita Vihar"
bus_stop,28.540803,77.2971979,node,6274319090,Jasola Vihar
bus_stop,28.5581844,77.329477,node,6274319094,Sector 38
bus_stop,28.5427896,77.303097,node,6274736838,Shahin Bagh
bus_stop,28.5293253,77.2884631,node,6274736839,Madanpur Khadar
bus_stop,28.5536445,77.3216861,node,6274736841,
bus_stop,28.5403159,77.2968071,node,6274736847,Jasola Vihar
bus_stop,28.5433787,77.3104561,node,6274736848,
bus_stop,28.5382341,77.2918294,node,6274736851,"K-Block, Sarita Vihar"
bus_stop,28.5580823,77.3300457,node,6274736854,Sector 38
bus_stop,28.5450463,77.3062484,node,6274736855,Kalindi Kunj
bus_stop,28.5613968,77.3383521,node,6274736857,Botanical Garden
bus_stop,28.5625199,77.3401813,node,6274848323,Noida Sector 37
bus_stop,28.5562486,77.2294367,node,6324833176,Sadiq Nagar
bus_stop,28.5284717,77.2578939,node,6341209903,DDA Flats Kalkaji
bus_stop,28.533089,77.2596576,node,6341209907,
bus_stop,28.5654623,77.2456272,node,6341801997,Lajpat Nagar
bus_stop,28.5618247,77.2581752,node,6349423447,"C Block, East of Kailash"
bus_stop,28.5476527,77.2628734,node,6349423449,Kalkaji Temple
bus_stop,28.5648085,77.2426191,node,6349423450,
bus_stop,28.5393446,77.2662362,node,6349423453,Kalkaji Depot
bus_stop,28.5555763,77.2650684,node,6349423455,NSIC
bus_stop,28.5648178,77.2427974,node,6349423473,
bus_stop,28.5871429,77.2590455,node,6362074950,Sarai Kale Khan
bus_stop,28.6038715,77.2535815,node,6362085189,Nizamuddin Road Bridge
bus_stop,28.6013839,77.2544226,node,6362085190,Indraprastha Park
bus_stop,28.6096798,77.2517266,node,6362085191,Railway Road Bridge
bus_stop,28.6014657,77.2548476,node,6362085192,Indraprastha Park
bus_stop,28.6098126,77.2516813,node,6362085193,Railway Road Bridge
bus_stop,28.6201272,77.2484623,node,6362098882,Indraprastha Depot
bus_stop,28.6244315,77.2470505,node,6362098883,IP Power Station
bus_stop,28.6243165,77.2470987,node,6362099786,IP Power Station
bus_stop,28.6496936,77.2458704,node,6362111126,Shanti Van
bus_stop,28.6414512,77.2466814,node,6362111127,Raj Ghat
bus_stop,28.6413268,77.2466842,node,6362111128,Raj Ghat
bus_stop,28.6109628,77.2518525,node,6362607168,Railway Road Bridge
bus_stop,28.6033545,77.2543364,node,6362607175,Nizamuddin Road Bridge
bus_stop,28.6416462,77.2471341,node,6362607181,Raj Ghat
bus_stop,28.6159829,77.250189,node,6362609786,Pragati Power Station
bus_stop,28.632931,77.2471895,node,6362609787,Indira Gandhi Stadium
bus_stop,28.6241202,77.2477472,node,6362609799,IP Power Station
bus_stop,28.5820503,77.2656215,node,6362609803,Gurudwara Bala Sahib
bus_stop,28.5912957,77.2448653,node,6371764317,Hazarat Nizamuddin
bus_stop,28.6090173,77.2331909,node,6371772375,Jaipur House
bus_stop,28.6114743,77.2345644,node,6371772376,Akbar Road
bus_stop,28.57064,77.2465736,node,6372277576,Lajpat Nagar (DJB)
bus_stop,28.5914324,77.2450795,node,6372277578,Dargah Hazarat Nizamuddin
bus_stop,28.6014489,77.2380348,node,6372277579,Golf Club
bus_stop,28.610703,77.2260823,node,6372277580,Akbar Road
bus_stop,28.539434,77.2621608,node,6380433746,Govindpuri
bus_stop,28.5417042,77.2630065,node,6380433748,
bus_stop,28.5896162,77.2463837,node,6385492244,Hazarat Nizamuddin
bus_stop,28.6057245,77.2350784,node,6385537594,Bapa Nagar
bus_stop,28.6057921,77.2352546,node,6385537600,Bapa Nagar
bus_stop,28.5657707,77.2492549,node,6395693840,
bus_stop,28.5657619,77.249172,node,6395693841,
bus_stop,28.57658,77.2642853,node,6395693844,Maharani Bagh
bus_stop,28.6061264,77.333949,node,6395753659,Bharti Public School
bus_stop,28.6018747,77.3259814,node,6395753661,Mayur Vihar Phase 3
bus_stop,28.6130976,77.2820443,node,6395753662,Pushta X-ing
bus_stop,28.6051307,77.3225738,node,6395753667,Fire Station Dallupura
bus_stop,28.6087447,77.3200259,node,6395753668,Dallupura
bus_stop,28.6131998,77.2963442,node,6395753672,
bus_stop,28.6087298,77.3372115,node,6395753673,Mayur Vihar Phase 3 A-1 Block
bus_stop,28.6117963,77.3398531,node,6395753675,CRPF Camp Mayur Vihar Phase 3
bus_stop,28.6131193,77.3229073,node,6395753682,Old Kondli
bus_stop,28.6135931,77.2941183,node,6395754692,Shashi Garden Mor
bus_stop,28.6029549,77.3291546,node,6395754693,New Kondli A1
bus_stop,28.6029201,77.3294806,node,6395824641,New Kondli A1
bus_stop,28.615089,77.3198415,node,6395824642,
bus_stop,28.6086266,77.3199705,node,6395824643,Dallupura
bus_stop,28.6133251,77.3163461,node,6395824645,Super Bazar
bus_stop,28.6015681,77.3274635,node,6395824646,Mayur Vihar Phase 3 Crossing
bus_stop,28.6015655,77.3259972,node,6395824647,Mayur Vihar Phase III X-ing
bus_stop,28.608463,77.3373236,node,6395824648,Mayur Vihar Phase 3 A-1 Block
bus_stop,28.6031684,77.3245951,node,6395824651,Sri Sankatahara Ganapathy Temple
bus_stop,28.6114671,77.3398765,node,6395824652,CRPF Camp Mayur Vihar Phase 3
bus_stop,28.6134875,77.2936752,node,6395824653,Shashi Garden Mor
bus_stop,28.6052972,77.3331155,node,6395824656,Bharti Public School (New Kondli - C Block)
bus_stop,28.6128241,77.3127259,node,6395824657,Chand Cinema
bus_stop,28.6130675,77.3227934,node,6395824658,Old Kondli
bus_stop,28.6131526,77.3014585,node,6395824659,Kotla Village
bus_stop,28.6127335,77.297562,node,6395824660,ITI Khichripur
bus_stop,28.6059774,77.2748841,node,6395856433,Khel Gaon
bus_stop,28.5965002,77.2565077,node,6395856441,Sarai Kale Khan
bus_stop,28.6151889,77.3199159,node,6396989716,
bus_stop,28.6126165,77.3061776,node,6396989720,Trilokpuri Block 13
bus_stop,28.6066413,77.2742754,node,6396989742,Khel Gaon
bus_stop,28.6321582,77.3161152,node,6412759702,Gazipur Village
bus_stop,28.6244562,77.3095867,node,6413372973,Khichdipur Village
bus_stop,28.5437102,77.2515207,node,6458625085,B Block Kalkaji
bus_stop,28.5401431,77.2583874,node,6459196234,"G Block, Kalkaji"
bus_stop,28.5412452,77.255924,node,6459196239,Deshbandhu College
bus_stop,28.5285768,77.2577065,node,6459239174,DDA Flats Kalkaji
bus_stop,28.5619638,77.272519,node,6475016779,
bus_stop,28.5716098,77.2592074,node,6475031485,Ashram
bus_stop,28.5555543,77.2979229,node,6475063266,
bus_stop,28.5466391,77.3069627,node,6475118802,Okhla Extension
bus_stop,28.5621142,77.2858181,node,6475194127,
bus_stop,28.5724371,77.2660248,node,6475194128,Taimoor Nagar
bus_stop,28.5668811,77.269374,node,6475194130,Bharat Nagar
bus_stop,28.560938,77.2800808,node,6475194135,Jamia College
bus_stop,28.5618474,77.2725669,node,6475194139,
bus_stop,28.5614575,77.2724739,node,6475194142,
bus_stop,28.5632161,77.2912618,node,6475194143,Okhla Terminal
bus_stop,28.5646119,77.2882626,node,6475194145,
bus_stop,28.5669513,77.2695631,node,6475194159,Bharat Nagar
bus_stop,28.5489989,77.3040496,node,6475194160,
bus_stop,28.5748673,77.2622818,node,6475194164,Maharani Bagh
bus_stop,28.5660896,77.2291999,node,6475259569,Andrews Ganj
bus_stop,28.5554983,77.2978333,node,6475810264,
bus_stop,28.5647308,77.2881585,node,6475810265,
bus_stop,28.5611029,77.2800904,node,6475810266,Jamia College
bus_stop,28.5666931,77.2627419,node,6475810267,New Friends Colony
bus_stop,28.5632255,77.2914,node,6475810268,Okhla Terminal
bus_stop,28.6152927,77.2403725,node,6494105885,ITPO
bus_stop,28.5673053,77.2528017,node,6497625779,PGDAV College
bus_stop,28.567441,77.2528632,node,6497625780,PGDAV College
bus_stop,28.584888,77.300621,node,6497707579,Hindon Regulator
bus_stop,28.5977909,77.2920858,node,6497707580,Samachar Apartments
bus_stop,28.5827136,77.3134595,node,6497707581,Noida Sector 15/2
bus_stop,28.603958,77.2890575,node,6497707582,Delhi Police Apartment
bus_stop,28.5858567,77.3100649,node,6497707583,Noida Sector 14
bus_stop,28.5841039,77.3275635,node,6498242789,Noida Sector 9
bus_stop,28.5996819,77.3477567,node,6498242790,
bus_stop,28.5957457,77.3430689,node,6498242799,
bus_stop,28.5777607,77.3188974,node,6498242806,
bus_stop,28.5910322,77.3371011,node,6498242811,Noida Stadium
bus_stop,28.5993582,77.3451358,node,6498242812,12/22
bus_stop,28.5815779,77.3246636,node,6498242814,
bus_stop,28.5876875,77.3324239,node,6498242815,Noida Sector 10
bus_stop,28.5816272,77.3247457,node,6498242817,
bus_stop,28.5480826,77.2551553,node,6518840166,Nehru Place
bus_stop,28.532311,77.2871256,node,6544975573,Sarita Vihar
bus_stop,28.532179,77.2867581,node,6544975574,Sarita Vihar
bus_stop,28.5714494,77.259321,node,6555686185,Ashram
bus_stop,28.5573143,77.2697178,node,6555867881,Kalka Mor
bus_stop,28.5547013,77.2716647,node,6555896817,Sukhdev Bus Depot
bus_stop,28.5500925,77.2751557,node,6555896818,CRRI
bus_stop,28.5481728,77.276777,node,6555896819,Okhla Tank
bus_stop,28.5437086,77.2792439,node,6557590574,Harkesh Nagar
bus_stop,28.5438924,77.2795175,node,6557590575,Harkesh Nagar
bus_stop,28.5405654,77.2822614,node,6557590576,Apollo Hospital
bus_stop,28.5395169,77.2825376,node,6557590577,Apollo Hospital
bus_stop,28.6054288,77.2970562,node,6699181063,Mayur Vihar Phase 1
bus_stop,28.5699931,77.2263879,node,6766175603,PT College (Kotla)
bus_stop,28.5720544,77.2275298,node,6766995948,Defence Colony (Homeopathic College)
bus_stop,28.5281777,77.2559936,node,6769351754,DDA Flat Kalkaji Terminal
bus_stop,28.5278514,77.2573842,node,6773338022,DDA Flats Kalkaji
bus_stop,28.5294314,77.252225,node,6773338023,DDA Flats Kalkaji
bus_stop,28.5741965,77.2290356,node,6786032368,Sukhdev Vihar
bus_stop,28.5392532,77.262086,node,6837519206,Govindpuri
bus_stop,28.5318368,77.2589331,node,6837519215,DDA Flats Kalkaji
bus_stop,28.6196983,77.2364258,node,6853514729,Supreme Court
bus_stop,28.6031927,77.2271061,node,6854465821,Humayun Road
bus_stop,28.6033246,77.2272214,node,6854465827,Humayun Road
bus_stop,28.6430757,77.3167522,node,6869787549,Maharajpur Checkpost
bus_stop,28.6358948,77.3080768,node,6869787551,Hasanpur Depot
bus_stop,28.6308415,77.3166592,node,6870050014,SFS Quarters - Ghazipur
bus_stop,28.6131071,77.2957221,node,6870050018,Mayur Vihar
bus_stop,28.6147613,77.3193159,node,6872116097,Kalyanpuri
bus_stop,28.6143931,77.3212906,node,6872116098,Kalyanpuri Crossing
bus_stop,28.6209215,77.3208199,node,6872116099,
bus_stop,28.6228558,77.320074,node,6872116100,
bus_stop,28.5860833,77.2531946,node,6872614929,Nizamuddin Railway Station
bus_stop,28.5862839,77.2534326,node,6872614930,Nizamuddin Railway Station
bus_stop,28.5849775,77.258993,node,6900268785,57 to Agra
bus_stop,28.6255171,77.3132472,node,6925279906,Kichripur
bus_stop,28.5389888,77.2535935,node,6964723339,
bus_stop,28.5589656,77.2373635,node,6966567734,Lady Shriram College
bus_stop,28.5370071,77.2574135,node,6966575634,
bus_stop,28.5348663,77.2596653,node,6966575637,
bus_stop,28.534752,77.2596227,node,6966575639,
bus_stop,28.5482489,77.2493182,node,7001106960,Nehru Place
bus_stop,28.5783389,77.2458185,node,7019144404,Jal Vihar Terminal
bus_stop,28.5992612,77.2285545,node,7019144405,Sujan Singh Park
bus_stop,28.5783413,77.2459245,node,7019144406,Jal Vihar Terminal
bus_stop,28.5738812,77.3140723,node,7041856756,BHEL Power
bus_stop,28.57407,77.3139374,node,7041856758,BHEL Power
bus_stop,28.5640335,77.3333779,node,7042356201,Botanical Garden Metro Station
bus_stop,28.5619428,77.3375514,node,7042356202,Botanic Garden Bus Station
bus_stop,28.561428,77.337023,node,7042356208,
bus_stop,28.5609423,77.3360564,node,7042356209,Noida Sector 37
bus_stop,28.5967192,77.2287497,node,7062645321,Bharti Nagar
bus_stop,28.5920449,77.2324093,node,7062680765,Jawaharlal Nehru Stadium
bus_stop,28.5931494,77.2422179,node,7062680766,DPS School (near Neela Gumbad)
bus_stop,28.5925329,77.2364265,node,7062680768,ISPAT Bhawan
bus_stop,28.6105364,77.2262121,node,7083626595,Akbar Road
bus_stop,28.5869437,77.2407673,node,7083740148,
bus_stop,28.5867456,77.2410982,node,7083740149,CGO Complex
bus_stop,28.5869437,77.2407673,node,7083796925,CGO Complex
bus_stop,28.5867456,77.2410982,node,7083796926,CGO Complex
bus_stop,28.5396408,77.2828038,node,7099816920,Apollo Hospital
bus_stop,28.5509219,77.2740692,node,7099824558,
bus_stop,28.6092948,77.2861948,node,7108608607,Delhi Police Apartments
bus_stop,28.5910012,77.295235,node,7108608609,Mayur Place
bus_stop,28.5970504,77.2919514,node,7108608610,Samachar Apartments
bus_stop,28.6085437,77.2861389,node,7108608611,Delhi Police Apartments
bus_stop,28.5755498,77.3159404,node,7150943004,Noida Depot
bus_stop,28.5812811,77.3238407,node,7150948110,Noida Sector 19
bus_stop,28.593301,77.3406242,node,7151357033,
bus_stop,28.598068,77.3444931,node,7151357034,12/22
bus_stop,28.5808715,77.3237773,node,7151357035,Noida Sector 19
bus_stop,28.5846852,77.3288786,node,7151357040,Noida Sector 9
bus_stop,28.5956101,77.3432662,node,7151357041,
bus_stop,28.5991459,77.3455392,node,7151357043,12/22
bus_stop,28.5881307,77.3335567,node,7151357046,Noida Sector 21
bus_stop,28.5820981,77.3254081,node,7151357047,
bus_stop,28.57509,77.3158928,node,7151357048,Noida Depot
bus_stop,28.5821687,77.3255147,node,7151357049,
bus_stop,28.6045084,77.2695703,node,7171446389,PWD Office
bus_stop,28.5908188,77.337293,node,7189787490,Noida Stadium
bus_stop,28.5728097,77.2372017,node,7193161794,Defence Colony
bus_stop,28.6231914,77.3038596,node,7208590439,East Vinod Nagar
bus_stop,28.6219236,77.3000741,node,7208590452,Temporary
bus_stop,28.6207148,77.300806,node,7214263631,East Vinod Nagar Depot
bus_stop,28.620324,77.2976956,node,7214263642,East Vinod Nagar
bus_stop,28.6220989,77.3029929,node,7214263668,"J Block, East Vinod Nagar"
bus_stop,28.6298047,77.2465966,node,7242471572,ITO
bus_stop,28.6396163,77.2437522,node,7242498074,Doctor Ambedkar Terminal (Dilli Gate)
bus_stop,28.6367101,77.2473038,node,7242688999,Gandhi Darshan
bus_stop,28.6397996,77.2436181,node,7242689000,
bus_stop,28.6178457,77.2802953,node,7242710694,Akshardham
bus_stop,28.6177116,77.2803852,node,7242710695,Akshardham
bus_stop,28.6070995,77.287359,node,7242732172,Temporary Stop
bus_stop,28.5805118,77.3151737,node,7253664046,
bus_stop,28.5829978,77.3128912,node,7253664056,Noida Sector 15/2
bus_stop,28.5654705,77.3172015,node,7253664057,Film City Mod
bus_stop,28.5643704,77.3353708,node,7253664058,
bus_stop,28.5690087,77.3285231,node,7253664059,Sector 28
bus_stop,28.5622269,77.3389937,node,7253664060,Noida Sector 37
bus_stop,28.5603178,77.3413628,node,7253664061,
bus_stop,28.593176,77.2938666,node,7253664075,Mayur Place
bus_stop,28.5911044,77.2957849,node,7254675697,Mayur Place
bus_stop,28.5846442,77.3003653,node,7254675698,Hindon Regulator
bus_stop,28.5855345,77.3102438,node,7254675699,Noida Sector 14
bus_stop,28.5768821,77.3190321,node,7254675700,Rajnigandha Chowk
bus_stop,28.5681607,77.3218846,node,7254675701,Wave Cinema
bus_stop,28.6376719,77.2526235,node,7266045731,Rajghat Power House
bus_stop,28.6376192,77.2527797,node,7266045739,Rajghat Power House
bus_stop,28.6295212,77.2478961,node,7266359653,ITO
bus_stop,28.5876702,77.2292692,node,7655631092,Pragati Vihar
bus_stop,28.5967374,77.2284699,node,7655631102,Bharti Nagar
bus_stop,28.5918075,77.2953884,node,8889306935,Mayur Place
bus_stop,28.6049827,77.3059315,node,9034688601,Trilokpuri 27 Block
bus_stop,28.6433998,77.2257582,node,9037266608,Kamala Market (Bara Akhara)
bus_stop,28.6408018,77.2385442,node,9037354776,
bus_stop,28.6420182,77.2283871,node,9037354777,Jawaharlal Nehru Marg
bus_stop,28.6412114,77.23489,node,9037354778,
bus_stop,28.6411867,77.2300358,node,9037354779,Zakir Hussain College
bus_stop,28.6051735,77.3060597,node,9042596787,Trilokpuri 27 Block
bus_stop,28.6386903,77.2514958,node,9048226053,Rajghat/Gandhi Darshan
bus_stop,28.6411315,77.2296323,node,9048226054,Zakir Hussain College
bus_stop,28.6400057,77.2360353,node,9048226057,Lok Nayak Hospital
bus_stop,28.6418101,77.2330123,node,9048339568,
bus_stop,28.6446419,77.2261941,node,9052026100,
bus_stop,28.6367124,77.2466393,node,9103577590,Gandhi Darshan
bus_stop,28.6196354,77.308603,node,9107546085,Kalyanvas Mayur Vihar Phase 2
bus_stop,28.6204557,77.3074765,node,9107546087,Radha Swami Satsang Beas Mayur Vihar Phase 2
bus_stop,28.6202118,77.3016386,node,9107546088,Mayur Vihar Phase 2 (Pocket A)
bus_stop,28.6141058,77.2916965,node,9110637283,PS Pandav Nagar
bus_stop,28.6036638,77.3196024,node,9110637284,Somerville School
bus_stop,28.619773,77.3405355,node,9110637287,
bus_stop,28.6036125,77.3197107,node,9110637289,Somerville School
bus_stop,28.616962,77.3388337,node,9193334701,
bus_stop,28.6311059,77.2989544,node,9200039630,Sarvodaya School Mandawali
bus_stop,28.6308266,77.3006814,node,9200039631,Prince Apartments
bus_stop,28.6309402,77.3005949,node,9200039632,Prince Apartments
bus_stop,28.6328215,77.2991382,node,9200039633,Chander Vihar
bus_stop,28.6329528,77.2989926,node,9200039634,Chander Vihar
bus_stop,28.6344146,77.3019259,node,9200039648,Ashirwad Apartment
bus_stop,28.634762,77.3023434,node,9200039649,Ashirwad Apartment
bus_stop,28.6337825,77.2822254,node,9216197676,Shakarpur
bus_stop,28.6168755,77.3178529,node,9220783978,Kalyanpuri Terminal
bus_stop,28.6211211,77.3130696,node,9221655995,
bus_stop,28.6202099,77.3140848,node,9221655996,
bus_stop,28.618656,77.3158188,node,9221655997,
bus_stop,28.6168053,77.3177272,node,9221655998,Kalyanpuri Terminal
bus_stop,28.6237522,77.3099622,node,9221656009,East Vinod Nagar
bus_stop,28.6238829,77.3096162,node,9221656010,East Vinod Nagar
bus_stop,28.62492,77.3088437,node,9221656011,
bus_stop,28.6210493,77.3129918,node,9225948566,
bus_stop,28.6201528,77.3140224,node,9225948567,
bus_stop,28.6186089,77.3157873,node,9225948568,
bus_stop,28.6127672,77.3076099,node,9238945364,Trilokpuri 13 Block
bus_stop,28.6265539,77.3165993,node,9238945366,
bus_stop,28.6431342,77.297205,node,9238945367,Karkardooma Crossing
bus_stop,28.6424841,77.2963466,node,9238945368,New Rajdhani Enclave
bus_stop,28.5589547,77.2730072,node,9485945593,Sukhdev Vihar
bus_stop,28.6155126,77.2884455,node,9573021475,Patparganj Mor
bus_stop,28.6428554,77.2972248,node,9645404097,Karkardooma Crossing
bus_stop,28.6450315,77.2977099,node,9652337722,Gagan Vihar
bus_stop,28.6482998,77.2949204,node,9652337729,Jagat Puri F-1 Block
bus_stop,28.6481404,77.2954421,node,9652337730,Jagat Puri F-1 Block
bus_stop,28.6355797,77.2695886,node,9741105232,Ramesh Park
bus_stop,28.6319206,77.2706207,node,9741105233,Lalita Park
bus_stop,28.6197532,77.3088089,node,9785748166,Kalyanvas Mayur Vihar Phase 2
bus_stop,28.6017277,77.3273396,node,9785748175,Mayur Vihar Phase 3 Crossing
bus_stop,28.6205337,77.3070936,node,9785748180,Radha Swami Satsang Beas Mayur Vihar Phase 2
bus_stop,28.6308152,77.2990148,node,9824345283,Sarvodaya School Mandawali
bus_stop,28.6311342,77.3017191,node,9824345291,Neethi Apartment
bus_stop,28.6321451,77.3046825,node,9824345292,Himalaya Apartments
bus_stop,28.6322545,77.304456,node,9824345293,Himalaya Apartments
bus_stop,28.6028438,77.2278258,node,10221267679,Humayun Road
bus_stop,28.5841191,77.2405666,node,11255312251,Pant Nagar
bus_stop,28.5834391,77.2405194,node,11260274526,Pant nagar
bus_stop,28.6420803,77.2962272,node,11438921337,New Rajdhani Enclave
bus_stop,28.5537721,77.3213001,node,11659648828,
bus_stop,28.5825478,77.3388526,node,11696866868,Sector 25 Bus Stop 1
bus_stop,28.5844888,77.3414749,node,11696890969,Sector 25 Bus Stop 2
bus_stop,28.5857696,77.3350373,node,11697210344,bus stop 2 sec 21
bus_stop,28.5875169,77.337503,node,11697240951,bus stop 1 sec21
bus_stop,28.6413659,77.226188,node,11823656858,Minto Road
bus_stop,28.6414946,77.2259883,node,11823656863,Minto Road
bus_stop,28.6204448,77.3039991,node,11943966694,Mayur Vihar Phase 2 (Terminal)
bus_stop,28.6203933,77.3046149,node,11943966721,East Vinod Nagar-Mayur Vihar 2
bus_stop,28.5429991,77.231083,node,12000320145,Panchsheel Enclave
bus_stop,28.6326941,77.2318652,node,12000546949,Government Senior Secondary School
bus_stop,28.632617,77.2315877,node,12000546950,Government Senior Secondary School
bus_stop,28.541002,77.2491602,node,12094426681,CR Park
bus_stop,28.6205624,77.296032,node,12185790494,West Vinod Nagar
bus_stop,28.5988074,77.3184899,node,12206943358,Satyam Apartment
bus_stop,28.5988684,77.3187182,node,12206943359,Doctors Apartment
bus_stop,28.6020046,77.3137307,node,12229157386,Dharamshila Hospital
bus_stop,28.6021019,77.3139572,node,12229157387,Dharamshila Hospital
bus_stop,28.6013816,77.3251415,node,12409568505,Multi Gym
bus_stop,28.6014247,77.3248977,node,12409568506,Multi Gym
bus_stop,28.6178606,77.3368203,node,12419809235,Mayur Vihar Phase III (T) Paper Market
bus_stop,28.6068072,77.3015901,node,12449648052,Trilopuri 36 Block
bus_stop,28.6066199,77.3015654,node,12449648053,Trilokpuri 36 Block
bus_stop,28.6075916,77.3042967,node,12449651393,Trilokpuri 26 Block
bus_stop,28.607408,77.3042074,node,12449651394,Trilokpuri 26 Block
bus_stop,28.6025763,77.3254002,node,12487701824,Mayur Vihar Phase III X-ing
bus_stop,28.5996019,77.3218362,node,12684675497,Highland Apartments
bus_stop,28.5994745,77.3219073,node,12684675498,Highland Apartments
bus_stop,28.6046303,77.2967607,node,13050645986,Mayur Vihar - I
bus_stop,28.6047213,77.296879,node,13050645988,Mayur Vihar - I
bus_stop,28.603749,77.3103012,node,13052281194,Dharmshila Crossing
bus_stop,28.6036533,77.3104954,node,13052281195,Dharmshila Crossing
bus_stop,28.5369692,77.2323486,node,13059599392,Chirag Delhi
bus_stop,28.534693,77.2905056,node,13059709501,Sarita Vihar A Block
bus_stop,28.614563,77.2902536,node,13107967210,Pandav Nagar Police Station
bus_stop,28.6092741,77.2951232,node,13134516566,ESIC
bus_stop,28.6092653,77.2950693,node,13134516567,ESIC
bus_stop,28.6114024,77.295529,node,13134516568,Shashi Garden Mother Dairy
bus_stop,28.6113681,77.295469,node,13134516569,Shashi Garden Mother Dairy
bus_stop,28.6046346,77.2948724,node,13134516570,Transport Authority
bus_stop,28.6046931,77.2948516,node,13134516571,Transport Authority
bus_stop,28.6007291,77.3170861,node,13237460855,Delhi Government Dispensary
bus_stop,28.6007743,77.3170397,node,13237587735,Delhi Goverment Dispensary
bus_stop,28.5900334,77.3021062,node,13274142961,
bus_stop,28.648984,77.3182876,node,13421995364,Anand Vihar ISBT
bus_stop,28.6034055,77.2901929,node,13422069197,Mayur Vihar Phase 1 Metro Station
bus_stop,28.6032293,77.2901342,node,13422145236,Mayur Vihar Phase 1 Metro Station
bus_stop,28.640127,77.2347459,node,13438529960,LNJP Hospital
bus_stop,28.6125664,77.309111,node,13608985602,Trilokpuri Metro Station
bus_stop,28.6127006,77.3091391,node,13608985901,Trilokpuri Metro Station
bus_stop,28.6492271,77.2455249,node,13659753403,Shanti Van
bus_stop,28.5896961,77.2584034,node,13669726309,Sarai Kale Khan
bus_stop,28.5982429,77.3291916,node,13684894860,
bus_stop,28.5984782,77.328588,node,13684894861,
bus_stop,28.5946427,77.3335678,node,13684900131,
bus_stop,28.5971803,77.3370631,node,13684909031,Metro Hospital
bus_stop,28.5971556,77.3373297,node,13684938511,Metro Hospital
bus_stop,28.5969026,77.3300098,node,13685000967,
bus_stop,28.608629,77.3091661,node,13716207048,Trilokpuri 13 Block
bus_stop,28.6086132,77.3091183,node,13716221974,Trilokpuri 13 Block
bus_stop,28.6162172,77.2881218,node,13716226037,
bus_stop,28.6462461,77.315159,node,13728421410,Anand Vihar ISBT
bus_stop,28.5994438,77.3147549,node,13739825370,Dharamshila Rahat Camp
bus_stop,28.5385411,77.2629152,node,13808219260,Govind Puri
bus_stop,28.5642486,77.2500004,node,13813274015,Lajpat Nagar Crossing
bus_stop,28.573262,77.2597773,node,13821269535,Maharani Bagh / Ashram
bus_stop,28.6355322,77.2847352,node,13894936630,Shakarpur Crossing
bus_stop,28.5637718,77.3356017,node,13931872837,Police Chowki
bus_stop,28.5680643,77.3300616,node,13931872855,Sector 29
bus_stop,28.5591378,77.2324175,node,13982741941,"Near G. R. Park, GK-I"
bus_stop,28.6453071,77.3002976,node,14058633473,Hargobind Enclave
bus_stop,28.5829183,77.2510887,node,14137997952,Bhogal
bus_stop,28.6778201,77.1079266,node,600644824,
bus_stop,28.6687735,77.1027596,node,600646116,
bus_stop,28.7223939,77.1543091,node,1014265962,DA Block
bus_stop,28.7147354,77.1572729,node,1014349372,BH Block
bus_stop,28.7234537,77.1249399,node,2201262404,Veer Apartment
bus_stop,28.6721319,77.1385714,node,2445917010,Traffic Training Park;East Punjabi Bagh
bus_stop,28.6870911,77.153914,node,2921967701,C2 Keshav Puram
bus_stop,28.7596174,77.1311827,node,3012220510,Siraspur Bus Stand
bus_stop,28.683516,77.1365843,node,4346910256,Mahindra Park
bus_stop,28.684056,77.1359245,node,4346910257,Mahindra Park
bus_stop,28.6836007,77.1338377,node,4346910258,Raja Park
bus_stop,28.6884479,77.1352807,node,4346910259,
bus_stop,28.6701741,77.2026807,node,5348499922,
bus_stop,28.7415613,77.1201005,node,5401301622,Bus Stop Sec-16 Rohini
bus_stop,28.6903388,77.2214407,node,5419776664,Khyber Pass
bus_stop,28.6877468,77.2214045,node,5419777006,Delhi Vidhan Sabha
bus_stop,28.6905792,77.2211058,node,5419777083,Khyber Pass
bus_stop,28.6683666,77.2249622,node,5743504774,Nityanand Marg
bus_stop,28.6668329,77.2189356,node,5743508965,Tis Hazari
bus_stop,28.6631328,77.2076461,node,5758572044,Azad Market
bus_stop,28.65731,77.2037473,node,5758572045,Model Basti
bus_stop,28.6665132,77.2090332,node,5758573197,Ice Factory
bus_stop,28.6609482,77.2043713,node,5758573198,Bara Hindu Rao
bus_stop,28.6530098,77.2023877,node,5758573654,Guru Govind Singh Marg More
bus_stop,28.6670219,77.2154425,node,5777854549,Saint Stephen's Hospital
bus_stop,28.6948343,77.1064864,node,5818161023,Police Lines
bus_stop,28.6936273,77.1023867,node,5818161336,West Enclave
bus_stop,28.6954886,77.1089999,node,5818161517,Rohini Depot 3
bus_stop,28.69822,77.1190973,node,5818161518,Deepali Chowk
bus_stop,28.7002238,77.1249359,node,5818161519,Saraswati Vihar
bus_stop,28.7075667,77.1340957,node,5818161520,Pitampura (RU Block)
bus_stop,28.7106191,77.1366511,node,5818161521,
bus_stop,28.7150779,77.1389885,node,5818161522,Uttari Pitampura
bus_stop,28.7213775,77.1403451,node,5818161555,Haiderpur (Waterworks)
bus_stop,28.728757,77.1460895,node,5818161556,
bus_stop,28.7323054,77.1520709,node,5818161557,Mukarba Chowk
bus_stop,28.7348678,77.1554035,node,5818161558,Mukarba Chowk
bus_stop,28.7337736,77.1838322,node,5818161560,
bus_stop,28.7285944,77.1993251,node,5818161561,Burari Crossing
bus_stop,28.7223662,77.2164579,node,5818161562,
bus_stop,28.719635,77.2234395,node,5818161563,
bus_stop,28.7376117,77.1682167,node,5818161572,Bhalswa Crossing
bus_stop,28.7349081,77.1554817,node,5819988027,Mukarba Chowk
bus_stop,28.7322234,77.1519452,node,5819988038,Mukarba Chowk
bus_stop,28.6591092,77.1287595,node,5848633050,ESI Hospital
bus_stop,28.6559436,77.1257337,node,5848635570,Rajdhani College
bus_stop,28.6677871,77.1373898,node,5848636593,Punjabi Bagh (Terminal)
bus_stop,28.66799,77.1372421,node,5848636594,Punjabi Bagh (Terminal)
bus_stop,28.6673005,77.1373216,node,5848636595,Punjabi Bagh (Terminal)
bus_stop,28.6673924,77.1357885,node,5848636929,Punjabi Bagh Crossing
bus_stop,28.6583462,77.1286421,node,5848636930,ESI Hospital
bus_stop,28.6634396,77.1312672,node,5848637037,Punjabi Bagh Club
bus_stop,28.6547824,77.1255196,node,5848637196,Rajdhani College
bus_stop,28.652629,77.1928147,node,5978068723,Thana Deshbandhu Gupta Road
bus_stop,28.6526762,77.1932693,node,5978091788,Deshbandhu Gupta Market
bus_stop,28.6819459,77.223566,node,6223283998,IP College
bus_stop,28.6950541,77.2154249,node,6223284347,Vishwa Vidyalaya Metro Station
bus_stop,28.6516613,77.1565319,node,6225478357,Shadipur Colony
bus_stop,28.6500237,77.1536755,node,6225479464,Pandav Nagar
bus_stop,28.6501272,77.1532783,node,6225481434,Pandav Nagar
bus_stop,28.6960975,77.211643,node,6257738478,International Student Hostel
bus_stop,28.6961578,77.2115057,node,6257738481,International Student Hostel
bus_stop,28.6934578,77.217409,node,6257869679,Social Work School
bus_stop,28.6862375,77.1511262,node,6258192680,Telephone Exchange
bus_stop,28.6991269,77.2031937,node,6258192681,New Police Lines
bus_stop,28.7074434,77.1802053,node,6258192683,Azadpur
bus_stop,28.6951306,77.2139464,node,6258194006,Vishwa Vidyalaya Metro Station
bus_stop,28.7000051,77.1585444,node,6258194790,Prem Bari Pul
bus_stop,28.7026685,77.1937449,node,6258194798,Alpana Cinema
bus_stop,28.6808891,77.1431829,node,6258194804,Shakurpur Village
bus_stop,28.6849333,77.1492125,node,6258194805,Britannia
bus_stop,28.7014255,77.1638061,node,6258194807,Shalimar Bagh Richi Rich
bus_stop,28.6959047,77.1557144,node,6258194811,Punjab Kesari
bus_stop,28.7030105,77.1685947,node,6258194816,Shalimar Bagh Crossing
bus_stop,28.698289,77.2065886,node,6258194817,Guru Tegh Bahadur Nagar
bus_stop,28.7019197,77.1653293,node,6258194818,Ashok Vihar Crossing
bus_stop,28.6982997,77.2056279,node,6258194819,Guru Tegh Bahadur Nagar
bus_stop,28.7008761,77.1621162,node,6258194824,Richi Rich
bus_stop,28.6979458,77.2065461,node,6258194825,Guru Tegh Bahadur Nagar
bus_stop,28.7041777,77.1901346,node,6258194826,
bus_stop,28.6660803,77.2216048,node,6264851924,Mori Gate Terminal
bus_stop,28.6935097,77.2183661,node,6362177871,Mall Road
bus_stop,28.6837461,77.2221177,node,6362177875,Postal Account Office
bus_stop,28.6818697,77.2244688,node,6362177876,Indraprastha College
bus_stop,28.6881517,77.2148081,node,6362341626,University of Delhi
bus_stop,28.6883446,77.2147882,node,6362341629,University of Delhi
bus_stop,28.6857799,77.2093816,node,6362341636,Saint Stephen's College
bus_stop,28.6855933,77.2095525,node,6362341637,Hindu College
bus_stop,28.693759,77.2186765,node,6362401187,Mall Road
bus_stop,28.6837278,77.2223013,node,6362401201,Postal Account Office
bus_stop,28.6519208,77.1290672,node,6385598112,
bus_stop,28.6573054,77.148548,node,6385598117,Moti Nagar Industrial Area
bus_stop,28.6506712,77.1261685,node,6385598121,Raja Garden
bus_stop,28.6527642,77.1323989,node,6385598122,Ramesh Nagar
bus_stop,28.6589336,77.1441893,node,6385598137,Moti Nagar
bus_stop,28.6588044,77.1446329,node,6385598145,Moti Nagar
bus_stop,28.6529113,77.1557035,node,6385598148,Shadipur Depot
bus_stop,28.6531934,77.1560276,node,6386259492,Shadipur Depot
bus_stop,28.6575273,77.1487932,node,6386259493,Moti Nagar Industrial Area
bus_stop,28.653031,77.1323262,node,6386259494,Ramesh Nagar
bus_stop,28.6522236,77.1289346,node,6386259495,
bus_stop,28.6510562,77.1260995,node,6386259496,Raja Garden
bus_stop,28.6982148,77.2046888,node,6419226648,Metro Station GTB Nagar
bus_stop,28.7391292,77.1538831,node,6499076102,Sanjay Gandhi Transport Nagar
bus_stop,28.7392763,77.1538754,node,6499076104,Sanjay Gandhi Transport Nagar
bus_stop,28.7581479,77.1481033,node,6615136092,Swaroop Nagar
bus_stop,28.6673564,77.2150015,node,6886404432,Saint Stephen's Hospital
bus_stop,28.6718464,77.1732472,node,6930089776,"Shastri Nagar, Shiv Mandir"
bus_stop,28.6736229,77.1692769,node,6930089778,Inderlok
bus_stop,28.6552424,77.1880768,node,6930089781,Khalsa College
bus_stop,28.6775555,77.1671982,node,6930089783,Shanti Nagar
bus_stop,28.6556204,77.18781,node,6930106185,Khalsa College
bus_stop,28.6703076,77.1805957,node,6930106186,Shastri Nagar Metro Station
bus_stop,28.6637249,77.1305739,node,6993567622,Punjabi Bagh Terminal
bus_stop,28.6865441,77.150985,node,6993567640,Telephone Exchange
bus_stop,28.6801779,77.1420827,node,6993567641,Shakurpur Village
bus_stop,28.6603415,77.1880102,node,7009786353,
bus_stop,28.6712591,77.1761388,node,7009786354,Shastri Nagar E Block
bus_stop,28.6825593,77.1470502,node,7009786355,
bus_stop,28.690383,77.1547736,node,7009786357,
bus_stop,28.7274479,77.1253944,node,9105374881,ESI Hospital
bus_stop,28.7222787,77.1328086,node,9105398603,Anubhav Apartments
bus_stop,28.6916129,77.1008397,node,9234884612,West Enclave
bus_stop,28.6917658,77.1010833,node,9234884615,West Enclave
bus_stop,28.6916822,77.1011225,node,9234911317,West Enclave
bus_stop,28.6534252,77.1555206,node,9542979290,Shadipur Depot
bus_stop,28.6535111,77.1553825,node,9542979291,Shadipur Depot
bus_stop,28.658924,77.1466358,node,9542979293,Moti Nagar Industrial Area
bus_stop,28.6604153,77.1438392,node,9542979295,Karampura Terminal
bus_stop,28.6636786,77.140691,node,9542979297,New Moti Nagar B Block
bus_stop,28.684997,77.1449393,node,9542982720,Shakur Pur
bus_stop,28.6839381,77.1287173,node,9542982736,Rani Bagh
bus_stop,28.6871959,77.1199532,node,9542982755,Keshav Mahavidyalaya
bus_stop,28.6874712,77.1181025,node,9542982756,
bus_stop,28.6787048,77.1002886,node,9544997461,Paschim Vihar West
bus_stop,28.6780248,77.1056369,node,9544997462,
bus_stop,28.6768317,77.1148878,node,9544997463,Ordinance Depot 1
bus_stop,28.6763728,77.1208075,node,9544997464,Madipur JJ Colony
bus_stop,28.6764034,77.1182755,node,9544997465,Madipur JJ Colony
bus_stop,28.6754268,77.1256945,node,9544997466,Madipur Village
bus_stop,28.675125,77.1278677,node,9544997467,SPM College
bus_stop,28.6746338,77.1318823,node,9544997468,Shivaji Park
bus_stop,28.6743702,77.1337759,node,9544997469,Aggrasen Hospital
bus_stop,28.6730818,77.1432676,node,9544997470,Punjabi Bagh East
bus_stop,28.6726452,77.1471018,node,9544997471,Punjabi Bagh West
bus_stop,28.6719381,77.1539931,node,9544997472,Ram Pura
bus_stop,28.671691,77.1539207,node,9544997473,Ram Pura
bus_stop,28.6712015,77.1566485,node,9544997474,Ashok Park
bus_stop,28.6683539,77.1653657,node,9544997475,
bus_stop,28.6660087,77.171862,node,9544997476,Daya Basti Flyover
bus_stop,28.6642942,77.1758169,node,9544997477,Anand Parvat Industrial Area
bus_stop,28.662309,77.1821952,node,9544997478,Sarai Rohilla
bus_stop,28.6580184,77.1834666,node,9544997479,
bus_stop,28.6578325,77.1832895,node,9544997480,
bus_stop,28.6516764,77.1950001,node,9544997481,Deshbandhu Gupta Marg
bus_stop,28.6515216,77.1948478,node,9544997482,Deshbandhu Gupta Marg
bus_stop,28.6904465,77.1762796,node,10202035285,Ambedkar Chowk (Pocket D)
bus_stop,28.7034302,77.1691596,node,10202035288,Shalimar Bagh Crossing
bus_stop,28.7142316,77.172672,node,10202035289,New Sabzi Mandi
bus_stop,28.7193977,77.1682343,node,10202035293,Sarai Pipal Thala
bus_stop,28.7256463,77.1631321,node,10202035294,Jahangirpuri Metro Station
bus_stop,28.6805615,77.1805671,node,10207569816,
bus_stop,28.6809727,77.178013,node,10207599017,
bus_stop,28.6810765,77.1757901,node,10207599018,Nimri Colony
bus_stop,28.6819131,77.1701327,node,10207599019,Wazirpur JJ Colony
bus_stop,28.682111,77.1700676,node,10207599020,Wazirpur JJ Colony
bus_stop,28.6852511,77.1689638,node,10207599021,
bus_stop,28.6870185,77.1736845,node,10207599022,
bus_stop,28.7216049,77.1663024,node,10574000513,Mahendra Park
bus_stop,28.7284846,77.1647629,node,10574000528,Sant Ravidas Nagar
bus_stop,28.7316557,77.1702055,node,10574000529,
bus_stop,28.7327112,77.1720011,node,10574000531,Jahangirpuri E-Block
bus_stop,28.7286393,77.1648198,node,10765925691,A Block Super Bazar Jahangir Puri
bus_stop,28.7311611,77.1589945,node,10768316750,GT Karnal Depot
bus_stop,28.7030136,77.1938414,node,10772635242,Alpana Cinema
bus_stop,28.6872465,77.1181011,node,10779376975,
bus_stop,28.6869618,77.1199156,node,10779376976,Keshav Mahavidyalaya
bus_stop,28.683697,77.1288662,node,10779376981,Rani Bagh
bus_stop,28.6832369,77.1365842,node,10779376986,Mahindra Park
bus_stop,28.6848323,77.1448186,node,10779376987,Shakur Basti
bus_stop,28.6635952,77.1404211,node,10779376988,New Moti Nagar B Block
bus_stop,28.660012,77.1435231,node,10779376993,Karampura Terminal
bus_stop,28.6690293,77.2046781,node,10805073771,Roshanara Road
bus_stop,28.6691588,77.2046848,node,10805073772,Roshanara Road
bus_stop,28.682704,77.1976648,node,10805073784,Roop Nagar
bus_stop,28.6882836,77.1936922,node,10805073787,Rana Pratap Bagh
bus_stop,28.6889347,77.1929166,node,10805073788,Rana Pratap Bagh
bus_stop,28.7040201,77.1905302,node,10805073797,Model Town - II
bus_stop,28.7042248,77.1906569,node,10805073798,Model Town - II
bus_stop,28.7058886,77.1851255,node,10805073799,Model Town - III
bus_stop,28.7060839,77.185324,node,10805073800,Model Town - III
bus_stop,28.7076977,77.1802573,node,10805073802,Azadpur
bus_stop,28.7207297,77.1666408,node,10807055856,Sarai Peepal Thala
bus_stop,28.6790992,77.2083695,node,10815867618,Hansraj College
bus_stop,28.6834111,77.2085348,node,10815867619,Kirorimal College
bus_stop,28.6837487,77.2076634,node,10815867620,Kirorimal College
bus_stop,28.6868441,77.2065872,node,10815867643,Ramjas College
bus_stop,28.6882746,77.2065598,node,10815867647,Daulat Ram College
bus_stop,28.6891077,77.2069748,node,10815867650,Sri Ram College
bus_stop,28.6947396,77.2097768,node,10815867652,Khalsa College
bus_stop,28.6996048,77.2029997,node,10815867666,New Police Lines
bus_stop,28.6691458,77.2079511,node,10816761400,Police Station Sabzi Mandi
bus_stop,28.6738301,77.2072457,node,10816807221,Gully Dak Khana
bus_stop,28.6774863,77.2078843,node,10816807228,Malka Ganj
bus_stop,28.6775155,77.2077605,node,10816807229,Malka Ganj
bus_stop,28.7142718,77.1721687,node,10855344997,New Sabzi Mandi
bus_stop,28.7144884,77.1719897,node,10855344999,New Sabzi Mandi
bus_stop,28.7158181,77.170808,node,10855504784,Adarsh Nagar
bus_stop,28.7373089,77.1666094,node,10892477611,Bhalaswa Crossing
bus_stop,28.7009912,77.2210838,node,10913747954,Timarpur
bus_stop,28.7049465,77.2231217,node,10913747965,Balak Ram Hospital
bus_stop,28.7009432,77.2213676,node,10913747970,Timarpur
bus_stop,28.7304646,77.1679637,node,10921249471,Sant Ravidas Nagar
bus_stop,28.7501041,77.1507553,node,10989356579,Libaspur
bus_stop,28.7350098,77.1560175,node,11124618446,
bus_stop,28.7649364,77.1459076,node,11124618447,
bus_stop,28.7742034,77.1434963,node,11124618452,
bus_stop,28.7043414,77.2110348,node,11242942290,BBM Depot
bus_stop,28.7021473,77.2096512,node,11242951122,Sewa Kutir
bus_stop,28.698989,77.2080659,node,11242951704,Hakikat Nagar
bus_stop,28.7027163,77.209734,node,11242960057,Sewa Kutir
bus_stop,28.7343824,77.1153796,node,11389511379,Rohini Sector 11
bus_stop,28.7387605,77.1172884,node,11395676231,Rohini Sector 17 A-2
bus_stop,28.7338713,77.1156698,node,11395676245,Rohini Sector 11
bus_stop,28.7385006,77.1173628,node,11395676246,Rohini Sector 16
bus_stop,28.7197458,77.1086676,node,11399920331,Rithala Metro Station
bus_stop,28.7195746,77.1084851,node,11399920339,Rithala Metro Station
bus_stop,28.716427,77.1134388,node,11403032244,Ambedkar Hospital Sector - 6
bus_stop,28.7114226,77.1202425,node,11403032252,
bus_stop,28.7063427,77.138058,node,11403032263,
bus_stop,28.6951251,77.1504242,node,11403032264,
bus_stop,28.6513688,77.1589419,node,11403032265,
bus_stop,28.7055142,77.1320495,node,11403032267,Madhuban Chowk
bus_stop,28.7117475,77.1202299,node,11403077871,
bus_stop,28.7172487,77.1117914,node,11403077884,Rajiv Gandhi Cancer Hospital
bus_stop,28.7138096,77.1172254,node,11407244884,Rohini Sector - 9
bus_stop,28.7083733,77.1251756,node,11409079448,Rohini Sector 7 and 8
bus_stop,28.7070375,77.1269927,node,11442803118,Rohini Sector 14 Fire Station
bus_stop,28.7076972,77.1345543,node,11484531010,Power House
bus_stop,28.7277268,77.1447463,node,11486389544,Badli Crossing
bus_stop,28.7524777,77.1493314,node,11537020807,Libaspur
bus_stop,28.7415372,77.1513758,node,11537020808,Sanjay Gandhi Transport Nagar
bus_stop,28.7428907,77.1465785,node,11537020809,
bus_stop,28.7446072,77.1446661,node,11537020810,
bus_stop,28.7448893,77.1320583,node,11698602001,Badli Telephone Exchange
bus_stop,28.7449025,77.1305025,node,11698616625,Rohini DTC Depot 4
bus_stop,28.7436709,77.1270451,node,11698643125,Shahbad Dairy
bus_stop,28.6738317,77.2071284,node,11758285828,Gully Dak Khana
bus_stop,28.6531973,77.2023515,node,11758302616,Guru Govind Singh Marg More
bus_stop,28.6693943,77.2075388,node,11758308001,Police Station Sabzi Mandi
bus_stop,28.6633089,77.2070899,node,11758310775,Azad Market
bus_stop,28.6785425,77.2090092,node,11758363270,Hansraj College
bus_stop,28.6866978,77.2066771,node,11758390166,Ramjas College
bus_stop,28.6572566,77.2035524,node,11765176107,Model Basti
bus_stop,28.6785719,77.2098379,node,11778344366,Hansraj College
bus_stop,28.6813775,77.2123236,node,11778344679,Shriram Institute
bus_stop,28.6795362,77.2117569,node,11778344681,Shriram Institue
bus_stop,28.6676684,77.2108341,node,11779750785,
bus_stop,28.6541315,77.2030364,node,11792835530,Guru Govind Singh Marg More
bus_stop,28.6600605,77.2030035,node,11792866471,Bara Hindu Rao
bus_stop,28.6551691,77.2045835,node,11806627434,
bus_stop,28.6866119,77.2058002,node,11971299288,Maurice Nagar 2
bus_stop,28.6865071,77.2055367,node,11971299289,Maurice Nagar 2
bus_stop,28.6923395,77.2086577,node,12196467720,Patel Chest
bus_stop,28.6924298,77.2084385,node,12196467729,Patel Chest
bus_stop,28.6891809,77.2068829,node,12196467752,Sri Ram College
bus_stop,28.6882401,77.2063971,node,12196467755,Daulat Ram College
bus_stop,28.6948595,77.2096621,node,12196479674,Khalsa College
bus_stop,28.6843366,77.2034769,node,12237122531,Bungalow Road
bus_stop,28.6840174,77.2023556,node,12237122745,Kamla Nagar
bus_stop,28.6842306,77.2023109,node,12237122746,Roop Nagar
bus_stop,28.6845971,77.203738,node,12250037004,Police Station Roop Nagar
bus_stop,28.6847852,77.2037581,node,12250037006,Police Station Roop Nagar
bus_stop,28.6822265,77.1995795,node,12265822045,Kamla Nagar
bus_stop,28.6946251,77.1944936,node,12265822046,Kripal Bagh
bus_stop,28.6909286,77.1927024,node,12265822048,DTC Colony
bus_stop,28.6946061,77.1946958,node,12265822049,Kripal Bagh
bus_stop,28.6910164,77.1925098,node,12265822056,DTC Colony
bus_stop,28.6823766,77.1994653,node,12265822058,Roop Nagar
bus_stop,28.6789039,77.2191943,node,12546129841,Department of Transport
bus_stop,28.678754,77.2191802,node,12546129842,Department of Transport
bus_stop,28.6796884,77.223953,node,12564906538,Indraprastha College
bus_stop,28.6793023,77.2239593,node,12564906539,Indraprastha College
bus_stop,28.7209892,77.1346092,node,12669960399,Goodwill Apartment
bus_stop,28.7208563,77.134467,node,12673028266,Goodwill Apartment
bus_stop,28.7220765,77.1326985,node,12675708198,Anubhav Apartments
bus_stop,28.7186304,77.1387262,node,12722875206,Prashant Vihar Xing
bus_stop,28.7188581,77.1387692,node,12723593050,Prashant Vihar Xing
bus_stop,28.6516842,77.1246816,node,12771989926,Raja Garden
bus_stop,28.7089729,77.1236469,node,12828356138,Sai Baba Chowk
bus_stop,28.6792029,77.2081931,node,12949184778,Hansraj College
bus_stop,28.6922131,77.207354,node,13047906129,Vijay Nagar
bus_stop,28.7310686,77.1585512,node,13146724927,GT Karnal Depot
bus_stop,28.6516967,77.1561149,node,13264591157,Shadipur Colony
bus_stop,28.6789068,77.1006632,node,13266925467,Pashchim Vihar (Super Bazaar)
bus_stop,28.6686971,77.1757657,node,13270043791,Sarai Basti
bus_stop,28.6646327,77.2070835,node,13270061457,Azad Market
bus_stop,28.664388,77.2069944,node,13270061458,Azad Market
bus_stop,28.674785,77.2073476,node,13275109597,Post office
bus_stop,28.6803082,77.1961531,node,13284721237,Nangia Park
bus_stop,28.6798486,77.1957634,node,13284721238,Nangia Park
bus_stop,28.6609136,77.1425159,node,13410195501,Karampura Terminus
bus_stop,28.6940614,77.1510673,node,13410249448,Subhash Place
bus_stop,28.6938403,77.1509761,node,13410249449,Subhash Place
bus_stop,28.6771782,77.1889303,node,13429976032,
bus_stop,28.6700741,77.180534,node,13429976048,Shastri Nagar Metro Station
bus_stop,28.6714668,77.17306,node,13429976054,"Shastri Nagar, Shiv Mandir"
bus_stop,28.6734022,77.1689985,node,13430028095,Inderlok
bus_stop,28.674553,77.1346765,node,13459790690,Agrasen Hospital
bus_stop,28.7746663,77.1434462,node,13461861449,Nangli Poona
bus_stop,28.7120009,77.1277915,node,13464083101,Rohini Sports Complex
bus_stop,28.7119245,77.1278943,node,13464083102,Rohini Sports Complex
bus_stop,28.6782036,77.1877386,node,13472718911,Sindhora Kalan
bus_stop,28.6783409,77.1878947,node,13472718913,Sindhora Kalan
bus_stop,28.6855123,77.1634675,node,13472740363,B-3 Keshav Puram
bus_stop,28.6874793,77.1625605,node,13472740367,B-4 Keshav Puram
bus_stop,28.6860481,77.1628688,node,13472740369,B-3 Keshav Puram
bus_stop,28.6874958,77.1621813,node,13472740370,B-4 Keshav Puram
bus_stop,28.687407,77.1540526,node,13472751945,C-2 Keshav Puram
bus_stop,28.6824303,77.1468628,node,13472788006,
bus_stop,28.6939865,77.2043397,node,13511267404,Hudson Lane NDPL Office
bus_stop,28.6936978,77.2047145,node,13511267405,Hudson Lane NDPL Office
bus_stop,28.6734675,77.1437612,node,13511366930,Punjabi Bagh Rohtak Road
bus_stop,28.6607566,77.1488765,node,13511375090,ESI Dispensery
bus_stop,28.7075923,77.1089148,node,13511800500,
bus_stop,28.6995283,77.1346151,node,13511821401,Kapil Vihar
bus_stop,28.7016494,77.117527,node,13511821402,
bus_stop,28.6864954,77.1361294,node,13511821403,
bus_stop,28.6854655,77.1412083,node,13511821404,
bus_stop,28.6895032,77.1355043,node,13511821405,
bus_stop,28.6895075,77.1353373,node,13511821406,
bus_stop,28.7091639,77.1053275,node,13511821407,
bus_stop,28.6852986,77.1412813,node,13511821408,
bus_stop,28.6949038,77.1346593,node,13511821411,
bus_stop,28.6928,77.1351499,node,13511821412,
bus_stop,28.7042718,77.1134055,node,13511821413,Nahar Pur Village
bus_stop,28.6993842,77.1348092,node,13511821414,Kapil Vihar
bus_stop,28.6864915,77.1359649,node,13511821415,
bus_stop,28.7036403,77.1003937,node,13511821416,
bus_stop,28.7044227,77.1135608,node,13511821417,Nahar Pur Village
bus_stop,28.6562327,77.1879953,node,13512797371,
bus_stop,28.6930976,77.1017348,node,13543920057,West Enclave
bus_stop,28.6946768,77.1055268,node,13543920060,Police Lines
bus_stop,28.6876965,77.2217039,node,13545465823,Delhi Vidhan Sabha
bus_stop,28.71669,77.139292,node,13569518030,Pitampura (BV Block)
bus_stop,28.7141489,77.1390832,node,13569584129,
bus_stop,28.7142305,77.1387645,node,13569606636,
bus_stop,28.7033207,77.1392985,node,13569640012,Pitampura (AP Block)
bus_stop,28.7035908,77.2198937,node,13594703521,INMAS
bus_stop,28.7027076,77.2196212,node,13594703527,INMAS
bus_stop,28.6974064,77.2206189,node,13594703533,Banarasi Dass Estate
bus_stop,28.6944898,77.2197832,node,13594703541,Mall Road
bus_stop,28.7053561,77.2231463,node,13594703557,Balak Ram Hospital
bus_stop,28.7065963,77.2215099,node,13594703570,C.G.H.S. Dispensary
bus_stop,28.6939117,77.2199186,node,13594703584,Mall Road
bus_stop,28.7069758,77.223953,node,13594712506,Police Station Timarpur
bus_stop,28.6974811,77.2204914,node,13594712519,Banarasi Dass Estate
bus_stop,28.6971104,77.1422021,node,13594731046,Kohat Enclave
bus_stop,28.6954558,77.146053,node,13594731047,N.D. Block Pitampura
bus_stop,28.6968482,77.11536,node,13594808138,Kali Mandir
bus_stop,28.7000227,77.1252859,node,13594808140,Saraswati Vihar Rohini
bus_stop,28.7022919,77.1333063,node,13594808141,Madhuban Chowk
bus_stop,28.7028441,77.1302292,node,13594808144,Madhuban Chowk 3
bus_stop,28.6958877,77.111565,node,13594808145,Pushpanjali Enclave
bus_stop,28.6943462,77.1063253,node,13594808146,
bus_stop,28.6980096,77.119608,node,13594808147,
bus_stop,28.6549278,77.1375929,node,13597152938,Kirti Nagar
bus_stop,28.7574556,77.1476988,node,13597664202,Swaroop Nagar
bus_stop,28.7727281,77.1429678,node,13598028402,Budh Pur
bus_stop,28.6675282,77.1370492,node,13644854458,Punjabi Bagh
bus_stop,28.6751488,77.188703,node,13664261901,Gulabi Bagh
bus_stop,28.6749486,77.1882302,node,13664261902,Gulabi Bagh
bus_stop,28.6514308,77.1408733,node,13671520677,
bus_stop,28.6711443,77.1840335,node,13683331357,Subhadra Colony
bus_stop,28.6723948,77.1860181,node,13683331360,Sanjaynagar
bus_stop,28.7108174,77.1752351,node,13683331362,Keval Park
bus_stop,28.7143443,77.1721009,node,13683331370,New Sabzi Mandi
bus_stop,28.6805793,77.1719886,node,13683331374,Neemdi Colony
bus_stop,28.6868347,77.172599,node,13683331380,J.A. Block Ashok Vihar
bus_stop,28.703767,77.168969,node,13683331388,Shalimar Bagh
bus_stop,28.6933928,77.1731444,node,13683331391,Deep Market Ashok Vihar
bus_stop,28.7331101,77.1725044,node,13686955585,Jahangirpuri E-Block
bus_stop,28.663047,77.1547964,node,13690685710,DLF Capital Greens
bus_stop,28.6618994,77.151968,node,13690693787,Campa Cola
bus_stop,28.6644263,77.1579937,node,13690706682,
bus_stop,28.6513179,77.1583963,node,13811216430,
bus_stop,28.7245159,77.1296539,node,13823938793,Rohini Sector-13 Sachdeva School
bus_stop,28.7243027,77.1294587,node,13823938794,Rohini Sector-13 Sachdeva School
bus_stop,28.7214292,77.14081,node,13823938798,Haiderpur (Waterworks)
bus_stop,28.6957859,77.1460374,node,13891729902,N. D. Block Pitampura
bus_stop,28.6948815,77.154782,node,13892112445,Wazirpur Depot
bus_stop,28.7196093,77.1256548,node,13977896101,D.C. Chowk
bus_stop,28.7194263,77.1256663,node,13977896201,D.C. Chowk
bus_stop,28.7127652,77.1195821,node,14142254789,
bus_stop,28.7127351,77.1196405,node,14142254790,
bus_stop,28.6576443,77.2447535,node,496457144,Vijay Ghat
bus_stop,28.6649507,77.2352542,node,496457148,
bus_stop,28.6695174,77.2321699,node,938547549,Kashmiri Gate ISBT
bus_stop,28.6965878,77.225518,node,1431206523,Majnu Ka Tila
bus_stop,28.6721681,77.256993,node,3004653893,
bus_stop,28.6726572,77.2571479,node,3004653895,
bus_stop,28.6562228,77.2366089,node,3258161065,
bus_stop,28.6600738,77.2273592,node,3268564742,Old Delhi Railway Station
bus_stop,28.6604274,77.2258278,node,3268564743,Old Delhi Railway Station
bus_stop,28.7038271,77.2278239,node,3661703914,Himachal Private Bus Stand
bus_stop,28.6810123,77.3132897,node,4716421017,G.T.B Road
bus_stop,28.6806759,77.3135847,node,4716422482,
bus_stop,28.6845602,77.3110775,node,4716425492,G.T.B Hospital
bus_stop,28.6811718,77.3136364,node,4716426896,
bus_stop,28.6976823,77.2271365,node,5419789266,Majnu Ka Tila
bus_stop,28.6975107,77.2274102,node,5419789267,Majnu Ka Tila
bus_stop,28.662793,77.320163,node,5534241883,Ramprastha Mandir
bus_stop,28.666349,77.32161,node,5534305170,Surya Nagar
bus_stop,28.6655419,77.2302068,node,5616731668,GGS Indraprastha University
bus_stop,28.661925,77.2344419,node,5616751197,GPO
bus_stop,28.6540486,77.2363196,node,5732543217,Lal Quila
bus_stop,28.6585584,77.2314106,node,5732543218,BMD Chowk
bus_stop,28.6509769,77.2384237,node,5732543219,Jama Masjid
bus_stop,28.6512237,77.2378285,node,5732544107,Jama Masjid
bus_stop,28.6579928,77.2371561,node,5732544109,Lal Quila
bus_stop,28.6670915,77.2549643,node,5743504779,
bus_stop,28.6555752,77.2640104,node,5743504780,Shamshan Ghat Pushta
bus_stop,28.6737765,77.2413953,node,5743505684,Shastri Park DMRC Depot
bus_stop,28.6880801,77.3301176,node,5743505685,Shalimar Garden Mor
bus_stop,28.6680526,77.2250835,node,5743508115,Nityanand Marg
bus_stop,28.6730596,77.2538388,node,5743508116,Shastri Park
bus_stop,28.6727534,77.2538104,node,5743508499,Shastri Park
bus_stop,28.6626081,77.2582142,node,5743508500,Kailash Nagar
bus_stop,28.6606821,77.3198878,node,5743508845,Ramprastha Crossing
bus_stop,28.6583041,77.2619768,node,5743509348,Gandhi Nagar
bus_stop,28.6777276,77.3232072,node,5743509574,Shahdara Border
bus_stop,28.6810951,77.3278275,node,5743509575,Seemapuri (Old)
bus_stop,28.6807082,77.3277509,node,5743509576,Seemapuri (Old)
bus_stop,28.6928617,77.3276023,node,5743509577,seemapuri bus stop
bus_stop,28.6926621,77.3273718,node,5743509578,DLF Mor
bus_stop,28.6914107,77.3250592,node,5743510166,
bus_stop,28.6885226,77.3190612,node,5743510167,Anand Gram Ashram
bus_stop,28.6669621,77.3214851,node,5743510628,Surya Nagar
bus_stop,28.685459,77.3311074,node,5743510632,Seemapuri Depot
bus_stop,28.6888237,77.3220459,node,5743512331,Anand Gram
bus_stop,28.6895771,77.2541673,node,5743512394,Kartar Nagar
bus_stop,28.7003371,77.2957373,node,5743512654,"MIG Flats, Loni Road"
bus_stop,28.7012239,77.2884784,node,5743512665,Doctor Bhim Rao Ambedkar College
bus_stop,28.7031385,77.2699509,node,5743512697,"B Block, Yamuna Vihar"
bus_stop,28.7029237,77.2695064,node,5743512698,"B Block, Yamuna Vihar"
bus_stop,28.6988502,77.3063045,node,5743512969,Nand Nagari Depot
bus_stop,28.7000934,77.2969507,node,5743512980,Ashok Nagar
bus_stop,28.6927166,77.3162604,node,5743513027,Sunder Nagari
bus_stop,28.6954641,77.3150162,node,5743513028,
bus_stop,28.6979574,77.3115314,node,5743513039,Bank Colony
bus_stop,28.7025095,77.2737771,node,5743513089,Yamuna Vihar (Brij Puri)
bus_stop,28.6927747,77.315801,node,5743513721,Sunder Nagari
bus_stop,28.7021527,77.2783595,node,5743514045,C Block Yamuna Vihar
bus_stop,28.703362,77.2640382,node,5743514106,Bhajanpura
bus_stop,28.7042333,77.2568632,node,5743514229,Khajuri
bus_stop,28.6933949,77.2547185,node,5743514270,
bus_stop,28.6737732,77.248017,node,5743514301,
bus_stop,28.6740923,77.2434449,node,5743514559,Shastri Park DMRC Depot
bus_stop,28.668169,77.2254571,node,5743514560,Nityanand Marg
bus_stop,28.6981026,77.3124137,node,5745227190,Bank Colony
bus_stop,28.6680786,77.2252285,node,5745228116,Nityanand Marg
bus_stop,28.7036953,77.2634015,node,5818161048,Bhajanpura
bus_stop,28.7027607,77.275319,node,5818161049,Yamuna Vihar (Brijpuri)
bus_stop,28.702424,77.2784855,node,5818161050,C Block Yamuna Vihar
bus_stop,28.7005852,77.2956814,node,5818161052,"MIG Flats, Loni Road"
bus_stop,28.6835551,77.2293096,node,5818161523,Metcalf House
bus_stop,28.7047302,77.2570139,node,5818161524,Khajuri
bus_stop,28.6777054,77.3235253,node,5818161529,Shahdara Border
bus_stop,28.6741453,77.2475597,node,5818161564,Shyam Giri Mata Mandir
bus_stop,28.7033627,77.2558292,node,5818161565,
bus_stop,28.6607171,77.3202284,node,5818161567,Ramprastha Crossing
bus_stop,28.6991007,77.3061771,node,5818161653,Nand Nagari Depot
bus_stop,28.6983823,77.3109737,node,5818161654,Bank Colony
bus_stop,28.6957346,77.3153785,node,5818161655,Gagan Cinema
bus_stop,28.6886264,77.3193923,node,5818161656,Anand Gram Ashram
bus_stop,28.688779,77.3215819,node,5818161657,Anand Gram
bus_stop,28.6792515,77.3245013,node,5818161659,Dilshad Garden J & K Block
bus_stop,28.6629196,77.3204325,node,5818161660,Ramprastha Mandir
bus_stop,28.6763258,77.3224486,node,5819987423,
bus_stop,28.6775777,77.3234859,node,5819987435,Shahadra Border
bus_stop,28.6648132,77.2344593,node,6362124016,India Gandhi Delhi Technical University for Women
bus_stop,28.664897,77.2343735,node,6362124017,India Gandhi Delhi Technical University for Women
bus_stop,28.6712443,77.2311014,node,6362124019,ISBT
bus_stop,28.6629096,77.2367039,node,6362124020,Jamana Bazar
bus_stop,28.6807977,77.2276779,node,6362177877,Metcalfe House
bus_stop,28.6805077,77.2283957,node,6362401194,Metcalfe House
bus_stop,28.689405,77.2910661,node,6403596408,Jyoti Nagar Bus Stop
bus_stop,28.6892729,77.2913487,node,6411693512,Jyoti Nagar
bus_stop,28.6903152,77.2792837,node,6482225168,Maujpur Bus Stand
bus_stop,28.6895299,77.2869094,node,6482312759,Chajjupur Bus Stop
bus_stop,28.6729865,77.282709,node,6482325730,Shyam Lal College
bus_stop,28.673706,77.2835458,node,6482325731,Shyam Lal College
bus_stop,28.6707749,77.2807958,node,6482325732,Bihari Colony
bus_stop,28.6706081,77.2805909,node,6482325733,Kanti Nagar Extension
bus_stop,28.6679259,77.2821827,node,6482325734,Jharkhand
bus_stop,28.6678926,77.2818191,node,6482325735,Jharkhand
bus_stop,28.6661727,77.2838867,node,6482325736,East Azad Nagar
bus_stop,28.6665857,77.2829903,node,6482325737,East Azad Nagar
bus_stop,28.6636078,77.2859089,node,6482325748,Swarn Cinema
bus_stop,28.6626675,77.2862452,node,6482325749,Swarn Cinema
bus_stop,28.6611224,77.2878045,node,6482482019,Krishna Nagar A Block
bus_stop,28.6598379,77.2883737,node,6482482020,Krishna Nagar A Block
bus_stop,28.6854865,77.3315077,node,6512751619,Seemapuri Depot
bus_stop,28.6992342,77.291752,node,6524281778,D.D.A M.I.G Flats
bus_stop,28.6960493,77.2918544,node,6539195579,D.D.A. Flat L.I.G.
bus_stop,28.6959826,77.2916389,node,6539195580,D.D.A. Flat L.I.G.
bus_stop,28.6755821,77.3001074,node,6546766984,Mansarovar Park Metro Station
bus_stop,28.6757386,77.300102,node,6546811485,Mansarovar Park Metro Station
bus_stop,28.6760238,77.3090512,node,6546811488,Telephone Exchange
bus_stop,28.6757791,77.3090297,node,6546811489,Mansarovar Park
bus_stop,28.6760775,77.3115068,node,6546811517,Dilshad Garden GT Road
bus_stop,28.6758798,77.3116919,node,6546811518,Dilshad Garden GT Road
bus_stop,28.6720127,77.2733829,node,6546825207,Welcome
bus_stop,28.6719045,77.2751156,node,6546825208,Welcome Colony Seelampur
bus_stop,28.6597832,77.2313804,node,7089503509,Old Delhi Railway Station
bus_stop,28.6602191,77.2318751,node,7089503510,Old Delhi Railway Station
bus_stop,28.6652964,77.2301258,node,7242562923,Doctor Bhim Rao Ambedkar University
bus_stop,28.6620633,77.2348441,node,9078810051,GPO
bus_stop,28.6665693,77.2259863,node,9100403716,Mori Gate
bus_stop,28.6665781,77.2261183,node,9100421317,Mori Gate
bus_stop,28.6577193,77.2371646,node,9100544970,Lal Quila
bus_stop,28.7026098,77.227768,node,9105361403,PWD Office
bus_stop,28.6600901,77.2262499,node,9157682989,Purani Dilli Railway Station
bus_stop,28.6539554,77.2924521,node,9648212734,Radhey Puri
bus_stop,28.6550399,77.2918063,node,9648212735,Radhey Puri
bus_stop,28.6560002,77.2913477,node,9648212736,Arjun Nagar
bus_stop,28.6563815,77.2914463,node,9648212737,Arjun Nagar
bus_stop,28.658435,77.289855,node,9648212739,Krishna Nagar Metro Station
bus_stop,28.651742,77.2928335,node,9652337735,Jagat Puri A Block
bus_stop,28.6516774,77.2931125,node,9652337736,Jagat Puri A Block
bus_stop,28.6745541,77.2877344,node,9653165273,Shahdara Terminal
bus_stop,28.6678726,77.2504386,node,9741081800,Shastri Park Metro Station
bus_stop,28.6677785,77.2504386,node,9741081810,Shastri Park Metro Station
bus_stop,28.6634152,77.2565326,node,9741105218,Kailash Nagar
bus_stop,28.6582797,77.2616288,node,9741105228,Gandhi Nagar
bus_stop,28.6551976,77.2638671,node,9741105229,Shamshan Ghat Pushta
bus_stop,28.651707,77.2665386,node,9741105230,Geeta Colony
bus_stop,28.7088917,77.2259525,node,10913747960,Nehru Vihar Crossing
bus_stop,28.7088655,77.2420425,node,10917399783,
bus_stop,28.7052692,77.2513601,node,10917399785,
bus_stop,28.7012116,77.2908693,node,10917399794,
bus_stop,28.7089433,77.2400934,node,10917399797,Guru Nanak Sar
bus_stop,28.7031004,77.2706888,node,10917399800,
bus_stop,28.6819576,77.2289485,node,11156968794,Metcalfe House
bus_stop,28.6759541,77.3138588,node,11518570706,Dilshad Garden GT Road
bus_stop,28.6669946,77.2279158,node,11710618569,Flixbus to Rishikes
bus_stop,28.6603448,77.2272057,node,11726428655,Old Delhi Railway Station
bus_stop,28.6602652,77.2298487,node,11726447699,Old Delhi Railway Station
bus_stop,28.6724118,77.2260174,node,11786839225,Ludlow Castle
bus_stop,28.6723647,77.2257905,node,11786839226,Ludlow Castle
bus_stop,28.6767184,77.2250249,node,11786886124,Civil Lines Metro Station
bus_stop,28.6665573,77.304601,node,11982168862,E.S.I WATER TANK
bus_stop,28.6668307,77.3047104,node,11982168863,E S.I HOSPITAL WATER TANK
bus_stop,28.6664988,77.3095545,node,11982196907,ESI HOSPITAL
bus_stop,28.6659987,77.3108135,node,11982201441,E.S.I HOSPITAL
bus_stop,28.6836831,77.3113653,node,11982446645,G.T.B Hospital
bus_stop,28.670473,77.2666845,node,12538903253,Seelampur Metro Station
bus_stop,28.67092,77.2654904,node,12538903254,Seelampur Metro Station
bus_stop,28.6731414,77.255794,node,12861838914,Shastri Park
bus_stop,28.6956336,77.3304171,node,13129991450,
bus_stop,28.6547705,77.2752752,node,13236425442,Geeta Colony (Block - 6) Ramleela Grouns
bus_stop,28.6591541,77.2729203,node,13236862491,Jheel Terminal
bus_stop,28.6598057,77.3152785,node,13397543559,Yojana Vihar
bus_stop,28.6601328,77.307971,node,13397746863,D-Block Surajmal Vihar
bus_stop,28.6599518,77.3082301,node,13397792450,D-Block Surajmal Vihar
bus_stop,28.6734665,77.2519693,node,13545465820,Shastri Park
bus_stop,28.6693434,77.2271535,node,13545465836,
bus_stop,28.6712168,77.2617047,node,13545465848,Dharm Pura
bus_stop,28.7026872,77.2272695,node,13659122911,PWD Office
bus_stop,28.6600979,77.229386,node,13699268319,Old Delhi Railway Station
hospital,28.5248887,76.9034278,node,7138493191,DGD Rawta
hospital,28.5229951,76.9670028,node,7138493222,CHC Jhatikara
hospital,28.4780754,76.9110951,node,7622826296,Bengali Clinic
hospital,28.477794,76.911614,node,7622826358,Sharma Clinic
hospital,28.4778041,76.9034748,way,1197498942,SGT Medical College Hospital & Research Institute
hospital,28.4509689,77.0875533,node,249132373,"Paras Hospital, Gurgaon"
hospital,28.462841,77.0759312,node,266535263,Max Hospital
hospital,28.4508125,77.0328448,node,414735815,Pushpanjali Hospital
hospital,28.4675077,77.0824741,node,1371226158,Sitaram Bhartia
hospital,28.446227,77.0613212,node,4194541291,
hospital,28.518174,77.0388234,node,4212577545,"Metro Hospital and Heart Institute, Gurgaon"
hospital,28.4460767,77.0615689,node,4493652690,السكن
hospital,28.4187116,77.0975945,node,5203998321,pracksht hospital
hospital,28.4349952,77.0352265,node,6221554150,
hospital,28.4772418,77.0164105,node,6991277966,Sarvodya Hospital
hospital,28.4686477,77.0382518,node,6991277967,"Saraswati Hospital, Gurgaon"
hospital,28.4733303,77.003265,node,6991278237,"Shree Krishna Hospital, Gurgaon"
hospital,28.4618014,77.027472,node,6991290274,"Sharma Hospital, Gurgaon"
hospital,28.4409108,76.980076,node,6991311535,Shri Balaji Hospital and Trauma Center
hospital,28.4577278,76.9909818,node,6991349886,Shri Balaji`S Multispeciality Hospital
hospital,28.4693763,77.0239475,node,6991385705,Bhatnagar Maternity and Nursing Home
hospital,28.42578,77.09168,node,6991634425,"Anand Hospital, Gurgaon"
hospital,28.4118439,77.0485043,node,6991770316,Divine Look Clinic Centre
hospital,28.4571607,77.0143104,node,6993917647,Navjeevan Hospital and Maternity Centre
hospital,28.4763157,77.0931598,node,6993921094,Divine Look Clinic Centre 1
hospital,28.4565865,77.0207731,node,6993922158,Sethi Hospital
hospital,28.4272365,77.0940806,node,6993926207,"Surgicare Hospital, Gurgaon"
hospital,28.4201363,77.0487258,node,6993926819,Park Hospital Gurgaon
hospital,28.4568812,77.0222792,node,6993931828,Pasricha Hospital and Maternity Home
hospital,28.4559386,77.0374082,node,6994059852,Dayal Eye & Maternity Centre
hospital,28.449346,77.0354439,node,6994063005,Bansal Medicare and Maternity Centre
hospital,28.4567439,77.0210648,node,6994092369,Shubham Hospital
hospital,28.4678366,77.0422697,node,6994099950,"Kalyani Hospital, Gurgaon"
hospital,28.4903985,77.0939154,node,6994210829,"Kailash Nursing Home, Gurgaon"
hospital,28.4814867,77.0863196,node,6994228914,Uma Sanjeevani Health Centre And Hospital
hospital,28.4797951,77.0746909,node,6994248249,Privat Hospital
hospital,28.4832997,77.0883326,node,6994253587,Surgi Center Clinic
hospital,28.4672329,77.0187776,node,6994275642,"Geeta Nursing Home, Gurgaon"
hospital,28.4661353,77.0967481,node,6994280139,Marwah Clinic
hospital,28.4752436,77.0824251,node,6994329594,"Sidhesh Hospital, Gurgaon"
hospital,28.4644545,77.0187361,node,6994541473,Chiranjiv Hospital
hospital,28.4571123,77.0125522,node,6997058112,Ankur Clinic and Maternity Home
hospital,28.5061017,77.0222524,node,6997221454,"Kalyan Hospital, Gurgaon"
hospital,28.4749937,77.0561126,node,6997230529,"Sangwan Hospital, Gurgaon"
hospital,28.4033015,76.9881588,node,6997303635,S.R.S. Hospital and Critical Care Unit
hospital,28.4668863,77.0268778,node,6997317722,Kharbanda Maternity and Nursing Home
hospital,28.4715295,77.0733096,node,6997463000,Umkal Hospital
hospital,28.4814348,77.0653957,node,6997568727,Thukral Hospital
hospital,28.463775,77.022188,node,6997600243,"Triveni Hospital, Gurgaon"
hospital,28.4663216,77.0138611,node,6997631317,Taneja Hospital
hospital,28.4771439,77.0084417,node,6997670493,Prateek Nursing Home And Polyclinic
hospital,28.4500967,77.0327827,node,6997688587,"Pushpanjali Hospital, Gurgaon"
hospital,28.4822505,77.0214477,node,6997700191,Yashroop Medical Centre
hospital,28.4953531,77.0114095,node,6997700192,Chirag Hospital Pvt. Ltd
hospital,28.4737046,77.0184443,node,6997700206,Gurgaon Eye Centre
hospital,28.4567857,77.0728657,node,6997700212,Fortis Memorial Research Institute / Fortis Vivekanand Hospital
hospital,28.4142175,77.0656693,node,6997700218,Vatsalya Clinic
hospital,28.4692855,77.034447,node,6997700220,"Lotus Hospital, Gurgaon"
hospital,28.4701296,77.0226856,node,6997700282,"Sparsh Hospital, Gurgaon"
hospital,28.4542896,77.0277308,node,6997700317,Thakral Nursing and Maternity Home
hospital,28.4539854,77.0139308,node,6997700322,Mangalam Hospital and Heart Centre
hospital,28.4574704,77.0536983,node,6997714626,"Shivam Hospital, Gurgaon"
hospital,28.4624763,77.0276631,node,6997714637,"Rajiv Memorial Eye Infirmary, Jacobpura"
hospital,28.4823666,77.0141546,node,6997832575,"Sneh Hospital, Gurgaon"
hospital,28.4379095,77.0110461,node,6997912505,Ayushman Hospital And Trauma Centre
hospital,28.469559,77.0195045,node,6997916397,Aryan Hospital
hospital,28.4567256,77.0230785,node,6997941837,Rama Hospital & Nursing Home
hospital,28.4628236,77.0191853,node,6998001051,Swastik Maternity and Medical Centre
hospital,28.4771569,77.0158929,node,6998006337,Jain Sant Phool Chand Ji Charitable Hospital
hospital,28.4534132,77.0199907,node,6998114433,Kathuria Hospital
hospital,28.457085,77.0201597,node,7000653109,Tirath Ram Hospitals Pvt Ltd
hospital,28.4667802,77.027307,node,7001015603,Lall Nursing and Maternity Home
hospital,28.4682869,77.0260289,node,7001218513,"Centre For Sight, Gurgaon, New Railway Road"
hospital,28.4609572,77.0180051,node,7001301856,"Satyam Hospital, Gurgaon"
hospital,28.4652523,77.0280969,node,7002519223,Nova Care Clinic
hospital,28.4639141,77.0305404,node,7002913046,Ahooja Eye and Dental Institute Hospital
hospital,28.4667015,77.0272123,node,7002917150,Lall Eye Care Centre
hospital,28.4652069,77.0280714,node,7002943647,Verma E.N.T. Hospital
hospital,28.4644246,77.0268832,node,7002954086,"Gupta Hospital, Gurgaon"
hospital,28.4729696,77.0482685,node,7002983633,"Nagpal Nursing Home, Gurgaon"
hospital,28.4691487,77.0286816,node,7002991292,Jackson Hospital
hospital,28.4786458,77.0474356,node,7002997882,"Apollo Cradle Hospital,Gurgaon"
hospital,28.4342254,77.0481464,node,7003011057,Sukhmani Hospital Pvt. Ltd
hospital,28.4930865,77.0088346,node,7003011058,"R K Hospital, Gurgaon"
hospital,28.446446,76.9915827,node,7007531446,Kamla Hospital
hospital,28.4675082,77.027738,node,7007695184,M Goel Hospital
hospital,28.4428341,77.0106183,node,7008020087,Sunrise Hospital
hospital,28.4495431,77.0211279,node,7008078166,Rajendra Hospital
hospital,28.4249603,77.093567,node,7008219482,Kriti Hospital
hospital,28.4763789,77.0350291,node,7008343539,"Jeevan Jyoti Hospital, Gurgaon"
hospital,28.4350285,77.0351672,node,7008441237,Samvit Health Care
hospital,28.4432185,77.0031618,node,7008475347,"Yadav Hospital, Gurgoan"
hospital,28.4558195,77.0218735,node,7008691154,Nangia Hospital Ent and Maternity
hospital,28.4543386,77.0214859,node,7008960818,Vinayak Hospital
hospital,28.4785067,77.0854291,node,7009225899,Lord Krishna Hospital
hospital,28.4486051,77.0824411,node,7009675990,Arihant Hospital
hospital,28.4580332,77.0412478,node,7009892483,Ahmed Hospital Multi Speciality
hospital,28.457393,77.0300911,node,7010125928,Aarvy Hospital
hospital,28.4936346,77.099508,node,7010125933,Shri Ram Memorial Hospital
hospital,28.4784222,77.0991004,node,7010378677,Sikka Maternity And Surgical Center
hospital,28.4385723,77.0131141,node,7010398003,Vaishnavi Nursing Home
hospital,28.469724,77.0338102,node,7010444201,"Mamta Hospital, Gurgaon"
hospital,28.4640593,77.0218559,node,7010444206,M.S Hospital
hospital,28.4901894,77.0068324,node,7010591317,Bhardwaj Hospital
hospital,28.4539324,77.0204298,node,7010842699,Parashar Hospital
hospital,28.443891,77.052257,node,7168803707,"Dispencery, Jharsa"
hospital,28.4353706,77.0234423,node,7168803716,Airforce Hospital
hospital,28.474246,77.027117,node,7168803799,GH Gurgaon
hospital,28.4681022,77.0013592,node,7168803920,"Esic Hospital, Gurugram"
hospital,28.4726425,77.0261745,node,7622826263,Dr. Agya Ram Sharma Clinic
hospital,28.494535,77.095508,node,7622826272,Asha Multispeciality Clinic
hospital,28.475794,77.0391602,node,7622826276,Kishor Clinic
hospital,28.473799,77.034716,node,7622826277,Nidhi Clinic
hospital,28.4646621,77.0216709,node,7622826280,Bindal Clinic
hospital,28.4851816,77.0186117,node,7622826281,Dr. Mittal Clinic
hospital,28.4746432,77.0343787,node,7622826282,Dr. Tomar Clinic
hospital,28.4929367,77.0945037,node,7622826287,Darpan Skin & Mind Clinic
hospital,28.4750562,77.0348668,node,7622826291,Children Hospital
hospital,28.4864925,77.0967542,node,7622826292,Krishna Family Clinic
hospital,28.479426,77.019397,node,7622826299,Dr. Sindhu Clinic
hospital,28.4124174,77.0486222,node,7622826301,Skin Clinic
hospital,28.4174052,77.0462792,node,7622826309,Best Urologist Atcomplete Family Clinic
hospital,28.442666,77.008965,node,7622826310,Gautam Hospital
hospital,28.4171183,77.0465259,node,7622826311,Wellness Eye Centre
hospital,28.4214389,77.0532822,node,7622826313,Meher Clinic
hospital,28.483955,77.021109,node,7622826316,Dr. Anurag's Child Care Clinic
hospital,28.4673057,77.0210724,node,7622826321,Ravi Clinic and Health Care Centre
hospital,28.491629,77.094809,node,7622826327,Relief Physiotherapy Clinic
hospital,28.4880061,77.098135,node,7622826331,Upkar Clinic
hospital,28.468076,77.0264192,node,7622826335,Kidney Clinic
hospital,28.463704,77.021817,node,7622826339,My Care Clinic
hospital,28.4756877,77.0373995,node,7622826341,Sheetla Clinic
hospital,28.4577794,77.016731,node,7622826344,Lal Superspeciality Hospital
hospital,28.4580095,77.0164047,node,7622826345,Shri Gobind Hospital
hospital,28.4619146,77.016813,node,7622826346,Dev Man Kathuria Clinic
hospital,28.418045,77.052434,node,7622826354,Bones Clinic - Orthopaedics
hospital,28.485328,77.0185378,node,7622826356,Jiya Clinic
hospital,28.4693469,77.0208306,node,7622826359,D.R. Rajnis Gupta Clinic
hospital,28.462605,77.015879,node,7622826360,Dr. Madan Clinic
hospital,28.419095,77.048334,node,7622826363,Neelkanth Health Care
hospital,28.4936611,77.0994872,node,7622826364,R.N Clinic
hospital,28.4359076,77.0435583,node,8266996107,DR AKRAM JAWED'S THE UPPER LIMB CLINIC
hospital,28.4634319,77.0308483,node,8273649183,Dr. Sandeep Chauhan
hospital,28.5095465,77.0450085,node,8285824220,DR KAPOOR'S Dental Care and Implant Centre
hospital,28.4858972,77.00382,node,8742625965,Dr. Hitesh Dawar
hospital,28.4614781,77.074721,node,8987305603,Dr. Kutbuddin Akbary
hospital,28.4881443,77.0727948,node,9703790498,Doc. Deepa
hospital,28.457508,77.0364569,node,9713830849,Dr. Milind Tanwar
hospital,28.4682563,77.0013092,node,9985453891,ESI hospital
hospital,28.4178591,77.0560521,node,10725545986,Lifeline Mediclinic
hospital,28.4346356,77.0585254,node,11192534838,
hospital,28.454105,77.0690542,node,11195335938,Modern Laboratory
hospital,28.4375972,77.0438822,node,11235404737,
hospital,28.4369455,77.0677093,node,11331115226,360 Wellness Clinic
hospital,28.4535709,77.0955435,node,11358038595,Sayaa Med Multi Speciality Health Care Center
hospital,28.4284279,77.058622,node,11598703517,Jain Hospital
hospital,28.4828162,77.0952619,node,11750077269,
hospital,28.4399865,77.0705,node,11769497940,Verizon Hospital
hospital,28.4326212,77.0635339,node,11826427971,
hospital,28.4299657,77.0777145,node,12068110862,Dr. Himani Yadav
hospital,28.4607786,77.0792605,node,12091673854,Maxim Healthcare
hospital,28.4604555,77.0793648,node,12091677405,Doctor Robin Sharma
hospital,28.4634313,77.0308568,node,12468283016,Dr. Preeti Pundir Chauhan
hospital,28.4748272,77.0934281,node,13176643012,Apollo Diagnostics
hospital,28.4741588,77.0943995,node,13176646904,Dermapuritys Aesthetic Clinic
hospital,28.4483086,77.0993467,node,13190611751,Dermatech Clinic
hospital,28.4481549,77.0989989,node,13190611763,Garekar's M.D.
hospital,28.4279857,77.0986282,node,13205582669,Miracles Mediclinic
hospital,28.4635254,77.09453,node,13243279487,Medanta
hospital,28.4706635,77.0934803,node,13246707609,BabyJoy IVF
hospital,28.464082,77.0955627,node,13246707657,Potenza Wellness
hospital,28.4317572,77.0723439,node,13366619207,Dr Vipin Maheshwari
hospital,28.4251148,77.0683318,node,13394574089,WAD Health
hospital,28.4287361,77.0863225,node,13947231564,The Dental Solace
hospital,28.4262389,77.0592261,node,13996916117,Center For Sight
hospital,28.4266276,77.0587178,node,13996916119,Sir Ganga Ram Dialysis Center
hospital,28.4264801,77.0589012,node,13996916121,Prajnam Breast Center
hospital,28.4353786,77.0716733,node,14021844294,T.R.U.E Hospitals
hospital,28.4364682,77.0664265,node,14112525869,Badal Clinic
hospital,28.4364062,77.0672006,node,14112525870,Delhi Pain Management Centre
hospital,28.4253785,77.0571202,node,14112525886,Good Health Clinic
hospital,28.4179754,77.0521678,node,14170382750,Dr. Subhash Jangid | Orthopedic Doctor | Gurugram
hospital,28.4680581,77.0255218,way,59339757,Sheetla Hospital And Eye Institute Private Ltd
hospital,28.4945604,77.0916752,way,127245642,World Laparoscopy Hospital
hospital,28.5091843,77.0413917,way,189108366,Columbia Asia Hospital
hospital,28.456161,76.9966194,way,190045089,"Civil Hospital, Sector 10, Gurugram"
hospital,28.475062,77.0643217,way,225192154,
hospital,28.4684934,77.0844412,way,266510300,
hospital,28.4501499,77.0822225,way,266639963,
hospital,28.4579775,77.0636217,way,269803710,Mayom Hospital
hospital,28.41466,77.054382,way,269829619,
hospital,28.4613357,77.0747048,way,308510856,Max Hospital
hospital,28.4311541,77.0721527,way,343528163,Artemis Health Institute
hospital,28.427426,77.0573543,way,349978194,Cloudnine Fertility Hospital
hospital,28.509567,77.0450773,way,350812190,
hospital,28.4685263,77.0518756,way,415212104,AB Hospitals
hospital,28.4929015,77.0973756,way,453862916,RBS Hospital
hospital,28.433746,77.0068754,way,542389602,
hospital,28.4341054,77.0067576,way,542389839,
hospital,28.4184453,77.0975184,way,632734097,
hospital,28.518172,77.0389853,way,1153427860,Metro Hospital & Heart Institute
hospital,28.4797485,77.0749497,way,1153428133,
hospital,28.4236654,77.0615586,way,1533933372,CK Birla Hospital Gurgaon
hospital,28.5148169,77.2518253,node,2885181536,Majeedia Hospital
hospital,28.4447109,77.3185979,node,3401875015,Prime Hospital & Ortho Centre
hospital,28.4308358,77.2266802,node,4618648392,Aam aadmi clinic
hospital,28.5129853,77.2355114,node,4742624722,Rajora Niwas
hospital,28.4065208,77.3179232,node,5278746221,
hospital,28.5143778,77.2815719,node,5663496120,ESIC Hospital
hospital,28.523344,77.2312921,node,6490310065,Mehta Hospital
hospital,28.4871984,77.3124513,node,6991430266,Saras Hospital
hospital,28.4647772,77.2990698,node,6991466189,Arogya Dham Hospital
hospital,28.4002272,77.3147392,node,6993999659,City Nursing Home - Faridabad
hospital,28.4159231,77.3126471,node,6994024463,"Gupta Nursing Home, Faridabad"
hospital,28.4088045,77.3238024,node,6994071021,"Mittal Hospital, Faridabad"
hospital,28.4715009,77.3204935,node,6994180800,Sanskar Hospital
hospital,28.4161414,77.3163016,node,6994225720,Chandrawati Child and Maternity Hospital
hospital,28.4362993,77.3144785,node,6994292520,Geeta Hospital
hospital,28.4799532,77.3110379,node,6994292521,"Shivalik Hospital, Faridabad"
hospital,28.4012837,77.3064146,node,6994500905,"Sharma Nursing Home, Faridabad"
hospital,28.4259429,77.3000225,node,6994541474,Asian Institute of Medical Sciences
hospital,28.4269594,77.3189986,node,6997303645,Anand Eye Hospital
hospital,28.4172395,77.2951028,node,6997700194,Mother and Child Nursing Home
hospital,28.4717765,77.3112819,node,6997700276,Aastha Children Hospital
hospital,28.4120448,77.328397,node,6997714609,Ahuja Hospital and Maternity Home
hospital,28.4104443,77.2921107,node,6998051837,Abhinav Hospital
hospital,28.4162852,77.3112387,node,7000653124,Sakthi Kerala Ayurvedic Treatment Centre
hospital,28.4802878,77.3143262,node,7001557336,Valencia Emergency and Criti Care
hospital,28.4162286,77.318328,node,7001623653,Lal Nursing Home
hospital,28.4284301,77.3165712,node,7002835676,Aar Pee Hospital
hospital,28.4429744,77.3043148,node,7003021987,"Parijat Hospital, Faridabad"
hospital,28.4116998,77.3148374,node,7008343520,"Centre For Sight, Faridabad"
hospital,28.4162363,77.3262989,node,7008343538,Goyal's Nursing Home
hospital,28.4321321,77.3191256,node,7008343544,Dr.Dilip Hospital
hospital,28.4163313,77.311939,node,7008485951,Jindal Nursing Home (D)
hospital,28.4636559,77.2924554,node,7008651018,Arogyadham Hospital
hospital,28.4285905,77.3190361,node,7008801827,New Medicare Centre
hospital,28.4017078,77.2986956,node,7008806729,Chugh Clinic
hospital,28.4159768,77.3209988,node,7008806754,Anuj Hospital
hospital,28.4246595,77.3185426,node,7009224984,Capital Child and Maternity Centre
hospital,28.4339836,77.3208117,node,7009891156,Brighton Kavita Hospital
hospital,28.4013325,77.3058261,node,7010339325,Lohan Children Hospital
hospital,28.4169126,77.2903019,node,7010339330,K.B Hospital
hospital,28.4020269,77.324825,node,7010761022,"Jeewan Jyoti Hospital, Faridabad"
hospital,28.4339848,77.3211242,node,7010904771,Carewell Hospital
hospital,28.4163407,77.3197979,node,7010941767,Chandni Hospital
hospital,28.4100982,77.2920538,node,7011009452,Vandana Surgical and Maternity Home
hospital,28.4254261,77.3214059,node,7018026497,Prem Clinic
hospital,28.4051795,77.2975677,node,7034673918,"CGHS Dispensary, Faridabad"
hospital,28.5199097,77.2401984,node,7138534320,"DGD, Dakshinpuri"
hospital,28.5171485,77.2347363,node,7138534359,"Government hospital, Madangir"
hospital,28.5145148,77.2258444,node,7138534431,"DGD, Khanpur"
hospital,28.5067947,77.2291106,node,7138534438,"SPUHC, Jawahar park"
hospital,28.4962232,77.3100357,node,7138632126,DGD Tajpur
hospital,28.5078792,77.2439343,node,7138632161,DGD Sangam Vihar D Block
hospital,28.5223738,77.2855634,node,7138632164,Jeevan Jyoti Hospital
hospital,28.5028873,77.2527568,node,7138632193,SPUHC Sangam Vihar H Block
hospital,28.5149753,77.2519382,node,7138632196,Hakeem Abdul Hameed Centenary Hospital
hospital,28.5008866,77.3166065,node,7138632223,DGD Molarband
hospital,28.513195,77.2652745,node,7138632226,Primary Urban Health Centre Cum Maternity Home & Poly Clinic
hospital,28.4985414,77.2453098,node,7138632253,SPUHC Sangam vihar F2
hospital,28.5083921,77.2314148,node,7544955457,Orthostar Hospital
hospital,28.5110582,77.2356508,node,7544955459,Gold Clinic
hospital,28.5034403,77.2480077,node,7544955465,RK Hospital
hospital,28.5109301,77.2407796,node,7544955472,BSF Hospital
hospital,28.5118287,77.2346317,node,7544955474,Bal Kishan Memorial Hospital
hospital,28.5004025,77.3232801,node,7544955476,L.D. Hospital
hospital,28.500025,77.237142,node,7544955480,Kunj Eye Hospital
hospital,28.507902,77.2494122,node,7544955488,National Hospital
hospital,28.5104176,77.2374101,node,7544955493,Arpan Hospital
hospital,28.5095632,77.2486514,node,7544955498,Base Hospital
hospital,28.5221871,77.242704,node,7544955500,AIIMS Urban Health Centre
hospital,28.5063405,77.231747,node,7544955504,Dr. Sunder Lal Memorial Hospital
hospital,28.5106137,77.2367957,node,7544955508,Muhalla Clinic
hospital,28.5095465,77.2545063,node,7544955519,ECHS Polyclinic Hospital
hospital,28.4722424,77.311076,node,7608911771,Arya Clinic
hospital,28.4656922,77.2983135,node,7608911774,Rashi Clinic
hospital,28.425512,77.316081,node,7608911776,Dharam Devi Hospital
hospital,28.4585636,77.2990752,node,7608911778,Purvansh Clinic
hospital,28.467198,77.298696,node,7608911779,Mannat Multi Speciality Clinic
hospital,28.4610623,77.2990522,node,7608911784,The Brain Clinic
hospital,28.469556,77.31148,node,7608911787,Swastik Physiotherapy Clinic
hospital,28.474424,77.3073222,node,7608911789,Sumita Clinic
hospital,28.4735719,77.3116191,node,7608911790,Gupta Ortho and Physio Clinic
hospital,28.4806865,77.3111692,node,7608911791,Healing Touch Mediclinic
hospital,28.4698659,77.3112027,node,7608911793,Surya ENT and Surgical Centre
hospital,28.4723908,77.3105052,node,7608911794,Sachdeva Orthopaedic Centre
hospital,28.469973,77.311799,node,7608911799,Kumar Diagnostic Centre
hospital,28.4654645,77.2968729,node,7608911800,Arthritis Clinic
hospital,28.4162674,77.3189551,node,7608911803,Qrg Hospital
hospital,28.4819701,77.3138863,node,7608911808,Gopal Bhawan Charitable Clinic
hospital,28.4136902,77.3223328,node,7608911809,Dr. Nipun Bajaj Best Spine & Orthopaedic Surgeon
hospital,28.4732461,77.3108089,node,7608911812,JN Clinic
hospital,28.4172552,77.3198088,node,7608911814,Ortho Grace Clinic
hospital,28.41565,77.319837,node,7608911815,Thukral ENT Clinic
hospital,28.4681527,77.3009337,node,7608911817,Adarsh Clinic
hospital,28.474392,77.3076761,node,7608911824,Memorial Poly Clinic
hospital,28.479773,77.311488,node,7608911825,Midas Clinic
hospital,28.4804539,77.3143648,node,7608911827,Lala Diwan Chand Charitable Hospital
hospital,28.468917,77.3013408,node,7608911829,Shivam Clinic
hospital,28.4170219,77.3201881,node,7608911844,Nav Jeevan Clinic
hospital,28.462097,77.302164,node,7608911847,My Eye Clinic
hospital,28.474267,77.308767,node,7608911860,Aggrawal Clinic
hospital,28.4643561,77.2901423,node,7608911861,Neo Care Clinic
hospital,28.5128503,77.2513477,node,9565140147,HAH century hospital
hospital,28.4153658,77.3189995,node,11684850879,Marengo Asia Hospitals
hospital,28.4910033,77.2911674,node,11697169207,supreme hospital
hospital,28.4047405,77.3203303,node,12041165951,The Brain Blossom Clinic
hospital,28.5223965,77.2383804,node,12046096383,Ambedkar Nagar Hospital
hospital,28.4328421,77.3157383,node,14048290236,Dr. Alokik Gupta
hospital,28.4325179,77.3158024,node,14048290237,Dr. Alokik Gupta
hospital,28.5139239,77.245588,way,63522273,Batra Hospital
hospital,28.4065568,77.3179214,way,172380081,
hospital,28.4029313,77.318225,way,172380087,Sarvodya Hospital
hospital,28.4193133,77.291159,way,172659454,Vibal Hospital Private Limited - Faridabad
hospital,28.4449747,77.3186068,way,333072988,"Sparsh Hospital, Faridabad"
hospital,28.426038,77.2998348,way,351554562,Asian Institute of Medical Science
hospital,28.5207703,77.2291946,way,764098941,MCW Madangir
hospital,28.6082403,77.1366732,node,632050626,Base Hospital Delhi Cantt
hospital,28.6416777,77.2052683,node,928491343,Delhi Heart and Lung Institute Super Speciality Hospital
hospital,28.5647144,77.1893283,node,2318172256,Goyal MRI & Diagnostic Centre
hospital,28.6491348,77.2164415,node,3947460096,Surbhi hospital
hospital,28.6467122,77.212921,node,4076670789,Dr. Krishan Gola
hospital,28.6438892,77.1387433,node,4574632989,
hospital,28.6433247,77.1838674,node,4866617321,
hospital,28.5583994,77.2064208,node,4927143358,Adiva Hospital
hospital,28.643492,77.187296,node,5246751221,Sir Ganga Ram Kolmet Hospital
hospital,28.5460823,77.1973263,node,5253691568,Cygnus Orthocare Hospital
hospital,28.5436294,77.2118358,node,5258048044,"Rosewalk - Premium Birthing, Feminine Care"
hospital,28.5434575,77.214298,node,5277289181,Max Multi Speciality Centre
hospital,28.5667966,77.2088857,node,5544380960,Doctor Rajendra Prasad Centre for Opthalmic Sciences
hospital,28.5663672,77.207556,node,5595955621,Safdarjung H back gate
hospital,28.5315336,77.2075678,node,5598384622,Aggarwal Eye Institute
hospital,28.6439995,77.1912841,node,5758573849,City Hospital
hospital,28.5268841,77.2057017,node,5804015430,Ahuja Clinic
hospital,28.5332342,77.2210796,node,5960793686,Kohli Clinic
hospital,28.5357824,77.2168719,node,5960793701,hi tech dental clinic
hospital,28.5341711,77.2220018,node,5960794087,Sanjay clinic 
hospital,28.5342543,77.2220757,node,5960810585,Tirupati eye center
hospital,28.5346261,77.2206104,node,5960811188,care medical center
hospital,28.5341349,77.2194522,node,5960811190,indraprastha poly clinic 
hospital,28.5328426,77.217287,node,5960832485,prakash dental care and physiotherapy
hospital,28.529118,77.1900425,node,6257609191,National Institute of TB and Respiratory Diseases
hospital,28.5660178,77.1946519,node,6771396260,Diyos
hospital,28.5350359,77.2148651,node,6779419616,Aakash Hospital
hospital,28.567441,77.2096335,node,7130306819,AIIMS Emergency
hospital,28.6105214,77.1082645,node,7138493126,"Maternal And Child Welfare Centre (MCD), Nangal Raya"
hospital,28.6208562,77.2004083,node,7138493129,President Estate Clinic
hospital,28.623212,77.138335,node,7138493130,"Maternity Home And Child Care Dispensary, Naraiana"
hospital,28.6284133,77.1469129,node,7138493132,Doctor Grover's Nursing Home
hospital,28.5512217,77.1757347,node,7138493133,NIHFW Munirka
hospital,28.6341112,77.1433462,node,7138493134,DGD Budh Nagar
hospital,28.6359178,77.1457088,node,7138493136,CGHS Dispensary Inderpuri
hospital,28.5715015,77.1671432,node,7138493137,CGHS Dispensary R.K.Puram Sec-8
hospital,28.5751776,77.1906756,node,7138493139,ESI Dispensary Factory Road
hospital,28.6019334,77.1050054,node,7138493146,"Dispensary Government, Sagarpur"
hospital,28.5862718,77.1684265,node,7138493147,Dr B R Sur Homoeopathic Medical college and Hospital
hospital,28.6344692,77.1158533,node,7138493148,"Dispensary, Subhash Nagar"
hospital,28.6039009,77.1952236,node,7138493152,Vishwa Yuvak Kendra
hospital,28.6231449,77.1245428,node,7138493157,DGD Mayapuri
hospital,28.5501361,77.1701779,node,7138493162,JNU CGHS Dispensary
hospital,28.633024,77.2111811,node,7138493163,New Delhi Municipal Council Polyclinic
hospital,28.5629319,77.1791219,node,7138493165,"CGHS Dispensery, R K Puram"
hospital,28.5685701,77.2064068,node,7138493167,"Vardhman Mahavir Medical College (VMMC) & Safdarjung Hospital, New Delhi"
hospital,28.5739982,77.1773627,node,7138493169,Prem Chiktsa Kendra
hospital,28.5758536,77.1913276,node,7138493170,CGHS Dispensary L Block Sarojini Nagar New Delhi India
hospital,28.5809522,77.2249977,node,7138493172,CGHS Wellness Centre Lodhi Road II
hospital,28.5859822,77.1962103,node,7138493175,CGHS Wellness Centre Chankyapuri
hospital,28.6033779,77.189242,node,7138493180,Dharam Marg Dispensary Complex
hospital,28.6092512,77.1998329,node,7138493182,CGHS Dispensary South Avenue
hospital,28.6173985,77.1122303,node,7138493185,ESI Mayapuri-II
hospital,28.6272127,77.1220308,node,7138493187,ESI Dispensary Mayapuri Phase-I
hospital,28.5463341,77.1259322,node,7138493189,Rural Community Health Care Centre
hospital,28.6357652,77.2110664,node,7138493193,Kalawati Saran Children's Hospital
hospital,28.5681531,77.2054264,node,7138493195,"Sports Injury Centre, Safdarjung Hospital (Part of SJH), New Delhi"
hospital,28.5735641,77.2174125,node,7138493198,Kidwai Nagar Allopathic Dispensary
hospital,28.5756033,77.1876419,node,7138493200,Netaji Nagar Allopathic Dispensary
hospital,28.5822643,77.2198427,node,7138493203,CGHS Dispensary Lodhi Road Aliganj
hospital,28.5853147,77.1770243,node,7138493205,Charak Palika Hospital NDMC
hospital,28.6089466,77.1008845,node,7138493206,Kesar Nursing Home Dabri
hospital,28.595138,77.1773,node,7138493207,Bapudham Allopathic Dispensary
hospital,28.6457952,77.159466,node,7138493208,DGD New Ranjeet Nagar
hospital,28.622596,77.1994817,node,7138493217,CGHS Dispensary North Avenue
hospital,28.5460788,77.1293232,node,7138493220,DGD Mahipalpur
hospital,28.629455,77.1464559,node,7138493221,DGD Inderpuri
hospital,28.6364792,77.1634061,node,7138493226,Dispensary Pusa
hospital,28.5733539,77.1760096,node,7138493228,CGHS Dispensary R.K.Puram Sec-12
hospital,28.5754186,77.2051091,node,7138493231,CGHS Dispensary Laxmibai Nagar
hospital,28.5817248,77.168648,node,7138493233,CGHS Dispensery Moti Bagh
hospital,28.5843695,77.177838,node,7138493236,CGHS Wellness Centre Nanakpura
hospital,28.6497103,77.1581716,node,7138493241,DGD Ranjit Nagar
hospital,28.6087742,77.1063672,node,7138493243,CGHS Dispensary Nangal Raya
hospital,28.6112876,77.1081196,node,7138493246,DGD Nangal Raya
hospital,28.6227119,77.2227032,node,7138493247,H.C.M. Lane Allopathic Dispensary
hospital,28.624833,77.143484,node,7138493249,CGHS Dispensary Naraina Vihar
hospital,28.6288565,77.2001398,node,7138493252,CGHS Wellness Centre Kali Bari
hospital,28.5652408,77.1735025,node,7138493257,CGHS Wellness Centre R.K.Puram Sec-6
hospital,28.6365867,77.2173905,node,7138493258,Central Hospital (Northern Railways)
hospital,28.572834,77.1565414,node,7138493260,DGD Basant Goan
hospital,28.5781838,77.1178174,node,7138493261,Air Force Station Palam
hospital,28.575289,77.200555,node,7138493262,"M.C.W. Center, NDMC Dispensary, Sarojini Nagar"
hospital,28.634138,77.212909,node,7138534287,Lady Hardinge Medical College & Associated Hospitals
hospital,28.6495013,77.2098206,node,7138534302,Sunder Lal Jain Eye Hospital
hospital,28.5597233,77.2005001,node,7138534316,Sukhmani Hospital
hospital,28.5372268,77.2149447,node,7138534317,Vardaan Hospital
hospital,28.5686672,77.2067292,node,7138534318,VMMC & SAFDARJANG HOSPITAL
hospital,28.534181,77.212134,node,7138534319,"CGHS, Malviya Nagar"
hospital,28.5520278,77.2080381,node,7138534325,Leekha Nursing Home
hospital,28.5393048,77.2078324,node,7138534332,"DGD, Begumpur"
hospital,28.5374555,77.1810712,node,7138534339,Medeor Hospital
hospital,28.644386,77.189502,node,7138534350,"CGHS, Pusa Road"
hospital,28.6357855,77.1841395,node,7138534360,"CGHS, New Rajinder Nagar"
hospital,28.6427947,77.2098113,node,7138534362,"ESI Dispensary, Chuna Mandi Paharganj"
hospital,28.6431266,77.1906871,node,7138534368,Mohan Eye Institute
hospital,28.6486581,77.1860862,node,7138534378,"DGD, RegarPura"
hospital,28.5427709,77.2073754,node,7138534385,Healing Touch Hospital
hospital,28.6494565,77.209831,node,7138534392,Sharma Medical Center
hospital,28.5358718,77.2091623,node,7138534395,Sunil Hospital and Nursing Home
hospital,28.642259,77.2084424,node,7138534396,"CGHS Dispensary, C.G. Road"
hospital,28.5489027,77.1828681,node,7138534397,"DGD, Bersarai"
hospital,28.5347579,77.2083916,node,7138534407,Vibhu Nursing Home
hospital,28.5412998,77.1864475,node,7138534411,Satyam Medical Centre
hospital,28.5706874,77.2199599,node,7138632176,Manav Medicare Centre
hospital,28.6392919,77.119633,node,7543715663,MKW Hospital
hospital,28.6499928,77.1277233,node,7543715685,Chaitanya Cardio Diabetes Centre
hospital,28.646316,77.165748,node,7543715702,Nijhara Hospital
hospital,28.649171,77.151169,node,7543715708,JankiDas Kapur Memorial Hospital
hospital,28.6488881,77.1404844,node,7543715714,Bhasin's Neuro and Gynae clinic
hospital,28.6376486,77.1778655,node,7543715718,Saaol Heart Center
hospital,28.6340005,77.1095894,node,7543715736,Amit Nursing Home
hospital,28.626739,77.110763,node,7543715739,Lotus Hospital
hospital,28.6237693,77.1157209,node,7543715763,Jasrotia Hospital
hospital,28.6486024,77.1325176,node,7543715769,"Polyclinic, Ramesh Nagar"
hospital,28.5352441,77.2079327,node,7544955436,Vashishta Clinics & Hospital
hospital,28.5324257,77.2026545,node,7544955449,Neptune Hospital
hospital,28.551695,77.200439,node,7544955452,Dr. Rohatgi Clinic
hospital,28.533909,77.210402,node,7544955460,Kilkari Clinic
hospital,28.6243272,77.1367669,node,7544955461,Behl Hospital
hospital,28.5773794,77.1774582,node,7544955471,Safdarjung Hospital
hospital,28.6458317,77.1784997,node,7544955473,New Delhi Medical Centre
hospital,28.649289,77.199157,node,7544955477,Jan Kalyan Health Care Centre
hospital,28.566466,77.198976,node,7544955483,Aashlok Hospital
hospital,28.5504868,77.1981951,node,7544955497,Phoolwati Jain Poly Clinic
hospital,28.643625,77.188255,node,7544955510,Jeewan Hospital
hospital,28.6085331,77.1060923,node,7544955511,Bhagat Hospital
hospital,28.629893,77.146723,node,7544955513,Sri Guru Nanak Charitable Hospital
hospital,28.535139,77.2223229,node,7544955518,Adarsh Hospital
hospital,28.6376807,77.1125936,node,8151246315,Guru Ram Dass Charitable Hospital
hospital,28.6311711,77.2170294,node,8151246340,Arvind Medicare
hospital,28.6267808,77.2182706,node,8151246349,General Williams Hospital
hospital,28.5331795,77.1421444,node,8257737686,Unit V Indian Spinal Injuries Centre
hospital,28.5326759,77.1418025,node,8266793865,SPECIALITY SPINE CLINIC. DR TARUSH RUSTAGI
hospital,28.5376471,77.1416151,node,8266976545,INDIAN SPINAL INJURIES CENTRE
hospital,28.6337619,77.1700493,node,8916577191,Sanjay Gandi Hospital
hospital,28.5603685,77.2001304,node,9480755545,Maanmati Polyclinic
hospital,28.6484714,77.1204602,node,10050577769,HOD Rajouri Garden - House Of Diagnostics
hospital,28.5568869,77.165003,node,10725383882,Infinite
hospital,28.556853,77.1650112,node,10725383920,Potenza
hospital,28.5567087,77.1650784,node,10770443849,Holy Angels Hospital
hospital,28.5319557,77.1444771,node,10841421909,Dr Rajat Mahajan Clinic
hospital,28.6267693,77.2092035,node,10945664767,Guru Harkrishan Polyclinic Bangla Sahib
hospital,28.5495066,77.1676082,node,11242142952,JNU Health Centre
hospital,28.5673384,77.216987,node,11773657377,Proderm Skin & Hair clinic
hospital,28.5878707,77.168874,node,11813654139,Medi Derma Laser Clinic
hospital,28.5967123,77.1231454,node,11837484593,Kailash Medical Specialities Centre
hospital,28.596167,77.1228663,node,11837484604,Satyan Polyclinic
hospital,28.5962239,77.1229022,node,11837484633,Enkay Eye Care
hospital,28.5951124,77.1222765,node,11850111495,Devaki Clinic
hospital,28.5445057,77.115956,node,11868133252,Airport Health Organization
hospital,28.5964062,77.1340475,node,11896843360,Vani Skin And Hair Clinic
hospital,28.5950107,77.1211995,node,11962826232,Family Wellness Clinic
hospital,28.6420044,77.2042941,node,12052451552,Banwari Lal Charitable Trust Diagnostic Centre
hospital,28.5876151,77.2166248,node,12334823941,
hospital,28.5579657,77.2072939,node,12669724709,Amar Homeo Healers
hospital,28.6399323,77.2040074,node,12839647640,Ayush Polyclinic
hospital,28.6325356,77.207086,node,12896611359,Apollo Diagnostica Bones & Joints Clinic
hospital,28.6191171,77.1361578,node,12943429976,Mohalla Clinic
hospital,28.583431,77.1538641,node,13131402843,Medical Room
hospital,28.5484105,77.2166727,node,13142481901,Dr. P.K. Goyal
hospital,28.5614969,77.1968031,node,13814321441,R.B. Medical Center
hospital,28.5612637,77.1970301,node,13814373695,Anand Clinic
hospital,28.5613151,77.1929781,node,13815023325,City Med
hospital,28.5683579,77.2171554,node,13997784676,
hospital,28.6094967,77.2116967,node,14076163807,Jayprakash Infotech
hospital,28.5701229,77.2198363,node,14100919759,Hearing Aid Clinic
hospital,28.5701879,77.2198416,node,14100954455,Sharma Multispeciality Clinic
hospital,28.5701102,77.2196986,node,14100954473,365 Dentistry & Dermatology
hospital,28.5689788,77.2207844,node,14100954523,Isaac Luxe
hospital,28.5702342,77.2209733,node,14100954559,NIMS Women Clinic & Maternity Care
hospital,28.5676912,77.2247496,node,14162787072,Gaudiam IVF
hospital,28.6260617,77.2007463,way,34404757,Dr. Ram Manohar Lohia Hospital
hospital,28.5303246,77.2140321,way,147110696,Shamsi Clinic
hospital,28.5273506,77.2116849,way,150520027,MAX Hospital
hospital,28.6386014,77.189509,way,158038115,Sir Ganga Ram Hospital
hospital,28.5324002,77.1420645,way,190333646,Indian Spinal Injuries Centre
hospital,28.6434628,77.1798663,way,206564482,Doctor B.L. Kapoor Memorial Hospital
hospital,28.5931317,77.1812336,way,262439881,Primus Super Specialty Hospital
hospital,28.6459024,77.1960357,way,264247764,Ramakrishna Mission T.B.Clinic and Medical Centre
hospital,28.6280233,77.1123157,way,264998538,Deen Dayal Upadhyaya Hospital
hospital,28.647023,77.1690532,way,265804042,Sardar Vallabh Bhai Patel Hospital
hospital,28.5274074,77.214229,way,284837724,Saket City Hospital
hospital,28.6433234,77.2245015,way,294522137,Mrs. Girdhar Lal Maternity Hospital
hospital,28.5341882,77.1524954,way,350511222,
hospital,28.5655017,77.1768786,way,351121261,C.G.H.S. Maternity & Gynae Hospital
hospital,28.5579605,77.1832312,way,351840815,CGHS Dispensary R.K.Puram sec-2
hospital,28.543431,77.2144914,way,352513321,Max Multi Speciality Centre
hospital,28.5508879,77.2003883,way,352567439,Aayana Clinic
hospital,28.5985673,77.1249399,way,408034524,Delhi Cantonment General Hospital
hospital,28.5355481,77.2138956,way,438994150,Pt. Madan Mohan Malviya Hospital
hospital,28.5672495,77.2050872,way,454523330,Safdarjung Hospital
hospital,28.5677392,77.2008859,way,454523333,
hospital,28.5831981,77.1505283,way,531891636,
hospital,28.5835657,77.1570762,way,531909670,Army Research and Referral Hospital
hospital,28.579391,77.122665,way,532774412,Station Medicare Centre
hospital,28.5293079,77.2047222,way,584849988,Madhukar Rainbow Children's Hospital
hospital,28.529182,77.2137594,way,765444353,Dr. Swati Srivastava | Gynecologist in Delhi
hospital,28.5604747,77.2074813,way,1097656462,HOD Green Park - House Of Diagnostics
hospital,28.5838587,77.221808,way,1163845332,Palika Maternity Hospital
hospital,28.6442299,77.1712456,way,1251507784,Goyal Eye Institute
hospital,28.5909316,77.1198971,way,1278167327,Central Government Health Scheme Wellness Centre
hospital,28.6107764,77.129287,way,1296268637,"New Outpatient Department
Complex"
hospital,28.5432302,77.2032121,way,1354255639,MCW Hauz Khas
hospital,28.5654783,77.188891,way,1360343076,Mohalla Clinic
hospital,28.6248245,77.142658,way,1417674631,Vacant Plot for Hospital C-Block
hospital,28.5445482,77.2177555,way,1426586709,Aam Aadmi Mohalla Clinic
hospital,28.5725774,77.1972746,way,1541060801,
hospital,28.67882,77.0981158,node,2445479220,A One Hospital
hospital,28.7028126,77.0958863,node,4511567590,Asha kiran mental hospital
hospital,28.67852,77.0997686,node,6465991440,Paschim Vihar West
hospital,28.6513775,77.0968036,node,7138493124,DGD Khyala
hospital,28.6718062,77.0011614,node,7138493156,DGD Hiran Kudna
hospital,28.67748,77.078186,node,7138493158,DGD Jwala Puri
hospital,28.6840197,77.0605155,node,7138493188,DGD Nangloi
hospital,28.6509308,77.055234,node,7138493211,SPUHC Nilothi
hospital,28.6626911,77.0146696,node,7138493214,DGD Bakkarwala
hospital,28.677265,77.026766,node,7138493218,"MCD Dispensary, Mundka"
hospital,28.68158,77.066058,node,7138493219,MCD Nangloi
hospital,28.6525321,77.065494,node,7138493244,SPUHC Chander Vihar
hospital,28.674566,77.080093,node,7138493248,"Government Hospital, Jawalapuri"
hospital,28.6897352,77.0858096,node,7138632155,Jiwan Charitable Hospital
hospital,28.7321173,77.037425,node,7138632156,Karala Government Hospital
hospital,28.770039,76.9978885,node,7138632158,DGD Majra Dabas
hospital,28.7033698,77.0419467,node,7138632172,SPUHC Prem Nagar 3
hospital,28.6946654,77.0639763,node,7138632195,DGD Kirari
hospital,28.713808,77.002903,node,7138632212,MCD Kanjhawala
hospital,28.7144666,77.0274483,node,7138632215,DGD Madanpur Dabas
hospital,28.6926748,77.0937042,node,7138632222,Dispensary Of M.C.D. Mangolpuri S Block
hospital,28.6939288,77.0413994,node,7138632225,DGD Laxmi Vihar
hospital,28.6978758,77.0764123,node,7138632231,DGD Sultanpuri
hospital,28.7013032,77.0983471,node,7138632234,Family Hospital
hospital,28.712357,77.081262,node,7138632244,Brahm Shakti Hospital
hospital,28.6932408,77.0932851,node,7138632255,DGD Mangol Puri
hospital,28.697886,77.0763551,node,7138632260,Dispensary Sultanpuri B Block
hospital,28.7012483,77.0988184,node,7138632263,Kanta Sethi Hospital
hospital,28.7036002,77.0248944,node,7138632266,DGD Rani Khera
hospital,28.7061619,77.0617681,node,7138632271,NRHM Dispensary Aman Vihar
hospital,28.674249,77.0502678,node,7543715660,Sanjivani Hospital
hospital,28.6616551,77.0853346,node,7543715665,Goyal Hospital
hospital,28.653375,77.0726925,node,7543715669,Care n Cure 24
hospital,28.6590574,77.0907424,node,7543715672,Medstar Hospital
hospital,28.6557378,77.0163489,node,7543715674,Karuna Sindhu Charitable Hospital
hospital,28.6524161,77.0617704,node,7543715676,Kiran Das Charitable Hospital
hospital,28.6769478,77.0634761,node,7543715680,Satyabhama Hospital
hospital,28.660249,77.090997,node,7543715693,Bagga Nursing Home
hospital,28.6750507,77.0610089,node,7543715694,Rao Raghubir Hospital
hospital,28.6514885,77.0315432,node,7543715698,Rathi Hospital
hospital,28.6702118,77.087877,node,7543715700,Sodhi Nursing Home and ENT Hospital
hospital,28.682627,77.0524348,node,7543715706,Sonia Hospital
hospital,28.6789265,77.0242536,node,7543715710,Aditya Urology Centre & Maternity Home
hospital,28.658057,77.09143,node,7543715711,Sehgal Neo Hospital
hospital,28.6655435,77.08244,node,7543715717,Bhatia Global Hospital
hospital,28.6773715,77.0638665,node,7543715730,Konarc Hospital
hospital,28.6789124,77.0502929,node,7543715731,Santosh Hospital
hospital,28.660601,77.0907507,node,7543715734,Jainar Hospital
hospital,28.6520769,77.0615293,node,7543715737,Nanak Darbar Charitable Hospital
hospital,28.6655661,77.0737087,node,7543715740,Mother Child Clinic
hospital,28.665228,77.08128,node,7543715745,Matrchaya Child Care
hospital,28.6700151,77.0885037,node,7543715747,Sanchet Hospital
hospital,28.6697864,77.0646877,node,7543715751,Governmentt Eye Hospital
hospital,28.6527464,77.0707603,node,7543715752,"Goyal Hospital, Nilothi"
hospital,28.6793088,77.0498414,node,7543715757,Durga Diagnostic Centre
hospital,28.6699638,77.0886996,node,7543715758,Kamlesh Nursing Home
hospital,28.6587906,77.0903999,node,7543715760,Sushruta Maternity And Surgical Centre
hospital,28.6819483,77.0387679,node,7543715768,Ardent Ganpati Hospital
hospital,28.668964,77.077163,node,7543715772,Ansari Clinic
hospital,28.6890276,77.0857544,node,7543715773,Dhruv Hospital
hospital,28.6723615,77.0588003,node,7543715775,Mansaram Hospital
hospital,28.6989183,77.0530355,node,7545203137,Raj Poly Clinic Hospital
hospital,28.695522,77.0591,node,7545203151,Kesar Hospital
hospital,28.7501926,77.0825296,node,7545203154,Devansh Hospital
hospital,28.704823,77.043677,node,7545203160,Gahlot Hospital
hospital,28.6952239,77.0549322,node,7545203172,Jeevandan Hospital
hospital,28.698019,77.054191,node,7545203177,Jeevan Daan Hospital
hospital,28.6997775,77.0513459,node,7545203188,Marg Hospital
hospital,28.6912301,77.0902773,node,7545203202,Tyagi Hospital
hospital,28.6992105,77.0965459,node,7545203226,O.P. Memorial Hospital
hospital,28.6958743,77.0588261,node,7545203229,Arogya Care
hospital,28.7353344,77.0128194,node,7545203233,Savitri Hospital
hospital,28.696354,77.053765,node,7545203258,Kukreja Hospital
hospital,28.6995752,77.0963422,node,7545203260,New Rohini Hospital
hospital,28.6992877,77.0962764,node,7545203265,Sanjeevan Surgical Centre
hospital,28.6803024,77.085012,node,13891280201,PUSHPANJAL hospital
hospital,28.6942391,77.0803838,way,171527949,Sanjay Gandhi Memorial Hospital
hospital,28.67869,77.0985133,way,350752112,Eye Mantra Hospital
hospital,28.6786838,77.0986145,way,350752665,Mantra Care
hospital,28.6991412,76.9929839,way,720714953,Madhav Nursing Home
hospital,28.6557829,77.0161632,way,1153427002,
hospital,28.7182702,77.0653951,relation,16032221,Maharaja Agrasen Hospital
hospital,28.6510976,77.2987351,node,5122054872,Lifespan Diabetes Clinics
hospital,28.666922,77.3178057,node,5534273697,Tirath Ram Hospital
hospital,28.7259864,77.2881059,node,7018026517,Mavi Nursing Home
hospital,28.7258364,77.2893602,node,7022320908,Gopal Hospital
hospital,28.6875033,77.3394397,node,7024789288,Aasha Deep Hospital
hospital,28.6661429,77.3310229,node,7024852288,S.S. Medicare Centre
hospital,28.6921759,77.3416096,node,7025610751,Getwell physiotherapy center
hospital,28.6927335,77.3397857,node,7025804773,Sparsh Multispeciality Hospital
hospital,28.7486784,77.2862246,node,7027783673,Dharampal Memorial Hospital - Ghaziabad
hospital,28.7560572,77.2828002,node,7028759340,"Sai Baba Nursing Home, Ghaziabad"
hospital,28.6934335,77.3396918,node,7031558968,"Parakh Hospital, Ghaziabad"
hospital,28.7387381,77.3143986,node,7034980680,City Hospital - Ghaziabad
hospital,28.6937758,77.3447263,node,7035825553,Swami Nand Lal Jee Hospital Pvt Ltd
hospital,28.6701437,77.3316841,node,7038580344,Kaushik Nursing Home
hospital,28.6797783,77.2283852,node,7138493140,Sushruta Trauma Centre
hospital,28.653163,77.268342,node,7138493229,Chacha Nehru Bal Chikitsalaya
hospital,28.7189787,77.2787923,node,7138534306,"DGD, Shiv Vihar Tiraha"
hospital,28.653289,77.2780809,node,7138534309,Navjeevan Nursing Home
hospital,28.6545609,77.2255581,node,7138534324,"Unani Dispensary, Ballimaran"
hospital,28.6915954,77.2663286,node,7138534349,"DGD, Arvind Nagar"
hospital,28.6764665,77.262937,node,7138534382,Jag Pravesh Chandra Hospital
hospital,28.675788,77.2597307,node,7138534390,"MCD, Shastri Park"
hospital,28.7015092,77.267414,node,7138534391,CGHS Yamuna Vihar
hospital,28.702744,77.267766,node,7138534401,Mohan Nursing Home & Hospital
hospital,28.6722316,77.2721467,node,7138534409,"DGD, Seelampur"
hospital,28.7320073,77.2481906,node,7138534426,"SPUHC, Sonia Vihar 4.5 pusta"
hospital,28.700607,77.2698737,node,7138534433,"DGD, Yamuna Vihar"
hospital,28.7108662,77.2582655,node,7138534439,"DGD, Khajuri Khas"
hospital,28.6636226,77.3184333,node,7138632127,CGHS Dispensary Vivek Vihar
hospital,28.6683992,77.2773021,node,7138632130,DGD Kanti Nagar
hospital,28.6759254,77.2876085,node,7138632133,Gupta Nursing Home
hospital,28.6798998,77.2718597,node,7138632136,Kamaal Nursing Home
hospital,28.6845119,77.3296536,node,7138632142,jp memorial
hospital,28.6893425,77.3003113,node,7138632145,Sai Charitable Dispensary & Nursing Home
hospital,28.668361,77.277492,node,7138632162,Government Hospital
hospital,28.6750114,77.2904545,node,7138632165,Chandiwala Hospital Shahdara
hospital,28.6939954,77.3171197,node,7138632180,st. stephen hospital
hospital,28.6665856,77.3111297,node,7138632194,IG ESI Hospital
hospital,28.6716803,77.2942542,node,7138632197,DGD Mukesh Nagar
hospital,28.678117,77.3225828,node,7138632200,Red Cross Hospital Society Mat. Welfare and Child Care Hospital
hospital,28.6664871,77.3207024,node,7138632224,Tondan hospital
hospital,28.6707889,77.3117511,node,7138632227,DGD Jhilmil
hospital,28.6779567,77.2825741,node,7138632230,shanti nursing home LLP
hospital,28.680655,77.328367,node,7138632233,"Delhi Government Dispensary, old Seemapuri"
hospital,28.6986025,77.3042724,node,7138632245,ESI NAND NAGRI
hospital,28.6589056,77.3060238,node,7138632251,DGD Surajmal Vihar
hospital,28.6656992,77.2906128,node,7138632254,Sona Maternity and Nursing Home
hospital,28.6696193,77.3190619,node,7138632256,DGD Vivek Vihar
hospital,28.6779064,77.2959784,node,7138632259,CGHS Man Sarover Park
hospital,28.6814958,77.3283939,node,7138632265,Kalyan Nursing Home
hospital,28.68452,77.3278636,node,7138632267,best care hospital
hospital,28.6894792,77.327676,node,7138632270,DGD New Seemapuri
hospital,28.6947654,77.3067194,node,7138632273,DGD Nand Nagri
hospital,28.724975,77.2687617,node,7544955444,Luv Kush Hospital
hospital,28.7025443,77.2832977,node,7544955451,Lal Hospital
hospital,28.701646,77.280317,node,7544955456,Vasist Hospital
hospital,28.7023722,77.2724415,node,7544955464,Dr Chaudhry's Moral Hospital
hospital,28.7017,77.279607,node,7544955468,Panchsheel Hospital
hospital,28.7196717,77.2658014,node,7544955475,Neha Hospital
hospital,28.7207367,77.2666955,node,7544955478,Triveni Hospital
hospital,28.712504,77.2626857,node,7544955485,Vinod Karhana Hospital
hospital,28.6919851,77.2548371,node,7544955492,Muskan Hospital
hospital,28.701808,77.278726,node,7544955494,Asian Samra Multi Speciality Hospital
hospital,28.7261791,77.2704213,node,7544955506,Kavita Poly Clinic & Hospital
hospital,28.7134013,77.263533,node,7544955512,Mavi Hospital
hospital,28.7018331,77.2784256,node,7544955521,White House Hospital
hospital,28.6559519,77.2811441,node,9196101613,"Delhi City, Medical"
hospital,28.6840891,77.318886,node,11687907877,HOMEOPATHIC CLINIC
hospital,28.6925868,77.292098,node,11690527372,KK SURGICAL CENTRE
hospital,28.6913354,77.2913592,node,11690556040,TYGAI DIAGNOSTIC CENTER
hospital,28.6944964,77.2921256,node,11690583075,INDIAN BAGHEERA VETERINARY HOSPITAL
hospital,28.6885897,77.2917846,node,11690592604,BHARAT VIKAS PARISHAD(FREE EYE CAMP)
hospital,28.6904216,77.2916753,node,11690597440,MIND BRAIN & MENTAL HOSPITAL
hospital,28.7361467,77.2977806,node,11691646449,
hospital,28.6892732,77.2986283,node,11693517909,MAHALAKSHMI HOSPITAL
hospital,28.6865598,77.2902512,node,11696904640,DUKH NIWARAN MEDICAL CENTER
hospital,28.735724,77.2886859,node,11697662195,
hospital,28.6665679,77.3110943,node,11982201439,IndraGandhi ESI HOSPITAL
hospital,28.6930519,77.3394581,node,12595654412,parakh hospital
hospital,28.6700682,77.2883841,node,12596614702,Vats Medical Centre
hospital,28.7052648,77.2252481,way,290136035,Balak Ram Hospital
hospital,28.6627262,77.2368628,way,351584017,Aam Aadmi Mohalla Clinic
hospital,28.6914576,77.3177567,way,352213720,The Leprosy Mission Community Hospital
hospital,28.666886,77.3115102,way,352280534,
hospital,28.6540075,77.3090007,way,352464765,Pushpanjali Medical Centre
hospital,28.6808693,77.31389,way,352467406,CGHS Dishad Garden
hospital,28.6824575,77.2915254,way,684722534,Mohalla Clinic
hospital,28.6802874,77.3132828,way,764108576,DGD Dilshad Garden
hospital,28.6531557,77.2949431,way,764108581,Garg Hospital
hospital,28.6521672,77.2946143,way,764108591,Parivar Seva Clinic
hospital,28.6630132,77.2858059,way,764108592,Surya hospital
hospital,28.6605443,77.2875908,way,764108599,Shri Ram Singh Hospital
hospital,28.6899575,77.2900591,way,764108614,PHC West Jyoti Nagar
hospital,28.6842143,77.2829309,way,764108624,MCD Babarpur
hospital,28.6888033,77.2799788,way,764108644,DGD Babarpur
hospital,28.6529838,77.2949809,way,806826371,Galaxy Hospital
hospital,28.6908756,77.2915009,way,806826401,Gopal Nursing Home
hospital,28.6897226,77.3165616,way,816782228,Rajiv Gandhi Super Speciality Hospital
hospital,28.6865811,77.3088412,way,816798914,Delhi State Cancer Institute
hospital,28.6588834,77.3060133,way,1153422950,DGD Surajmal Vihar
hospital,28.6632045,77.2378123,way,1203630504,Sant Parmanand Hospital
hospital,28.6791534,77.3035364,way,1389870753,Swami Dayanand Hospital
hospital,28.6856828,77.3467537,way,1413022854,ESIC Hospital
hospital,28.8795874,76.9109662,node,7001630012,Dr Sethis Amar Hospital
hospital,28.897556,76.8540451,node,7168803916,Civil Hospital Sisana
hospital,28.8793596,77.1211427,node,7010548379,Parnami Ortho and Spine Hospital
hospital,28.840596,77.1032565,node,7138493204,Satyawadi Raja Harish Chander Hospital
hospital,28.8531221,77.1039702,node,7138534286,"MCD Dispensary, Narela"
hospital,28.7926169,77.1638103,node,7138534398,"DGD, Mukhmail Pur"
hospital,28.8258129,77.1728911,node,7138534424,"Malik Maternity & Fertility Clinic, Bakhtawar Pur"
hospital,28.8823229,77.11805,node,7168803901,ESI Dispensary Kundli
hospital,28.8260731,77.1760006,node,7545203139,Chouhan Hospital
hospital,28.820678,77.173096,node,7545203141,Nirmal Hospital
hospital,28.85958,77.101773,node,7545203149,Naman Hospital
hospital,28.837695,77.1797456,node,7545203193,Maujiram Lions Eye Hospital
hospital,28.8576922,77.1070231,node,7545203255,K R Gangwal Hospital
hospital,28.8760162,77.1148018,node,7622516620,Dr. Jatin Clinic
hospital,28.8523923,77.1303073,node,7622516652,Ravitri Clinic
hospital,28.8739307,77.1226219,node,7622516654,Patliputra Clinic
hospital,28.8632895,77.124445,node,7622516658,Singhal Health Clinic
hospital,28.8714299,77.1213348,node,7622516663,Akash Clinic
hospital,28.8729533,77.1176134,node,7622516679,Laxmi Clinic
hospital,28.8636194,77.1252197,node,7622516689,Dev Eyecare Clinic
hospital,28.8718637,77.1202225,node,7622516718,Nawal Hospital
police,28.4291623,77.0375117,node,332066848,Police Station Sadar
police,28.4640597,77.0360665,node,332066849,Sadar Police Station
police,28.462993,77.0728175,node,332066852,Sushant Lok Police Station
police,28.4863642,77.0660949,node,332066861,Sector 18 Police Station
police,28.4651874,77.0172873,node,4847265399,Police Staion
police,28.5205858,77.0235407,node,8044577607,Bhajgera Police Station
police,28.487675,77.0660455,node,9681610048,Sector 18 Police Station
police,28.4873346,77.0910642,node,10781607598,"Police Station, DLF Phase 2"
police,28.460703,77.080971,node,10916618084,Police Station Sushant Lok
police,28.401589,77.0053949,node,11873060516,Police Chauki
police,28.4513374,77.0954743,node,13246779351,Assistant Comissioner of Police DLF Subdivision Gurugram
police,28.4499365,77.0588707,way,133485168,Police Stn (Sec-40)
police,28.4954346,77.0170789,way,273417185,
police,28.5042019,77.0245269,way,273417186,
police,28.4702303,76.9951919,way,350501897,Police station sec 9A
police,28.4551679,77.0299492,way,680043237,Commissioner Of Police
police,28.4700122,76.9952105,way,738481368,
police,28.4600978,77.0928815,way,1292994997,
police,28.4463631,77.0980752,way,1435150048,Sector 53 Police Station
police,28.4513188,77.0954546,way,1443588122,Cyber Crime Police Station Gurugram
police,28.4629003,77.0730897,relation,5229329,Sector 29 Police Station
police,28.5012077,77.0633624,relation,5238229,Palam Vihar Police Station
police,28.4281672,77.0598854,relation,6184741,Police Station Sec 51
police,28.4309808,77.2971327,node,1578318239,
police,28.5246843,77.2543284,node,3386751338,Police Station
police,28.4300428,77.2261104,node,4618648390,Police Post Sanjay Colony
police,28.5019105,77.2907092,node,6274319087,Police Station Pul Prahladpur
police,28.4937527,77.3037682,node,7099818528,Police Station Badarpur
police,28.5006344,77.3163336,node,11212294876,Police station
police,28.4610831,77.2849399,node,11934281372,
police,28.5037996,77.3193324,node,13230731602,Jaitpur Thana
police,28.6301441,77.0682683,node,1179280491,Vikas Puri
police,28.6098145,76.9828316,node,1764309442,Najafgarh Police Thana
police,28.6126106,76.9867433,node,1776071592,Police Chowki
police,28.6097133,77.0997911,node,2136306864,Hari Nagar Police Station
police,28.5649687,77.0584523,node,2408446621,Dwarka Police Station
police,28.6131514,77.0860753,node,6466294306,Police Station Dabri
police,28.591667,77.0417182,node,12647182937,
police,28.5909304,77.028071,way,209494684,
police,28.6116948,77.0768152,way,260463358,
police,28.6300302,77.0679729,way,262562939,
police,28.5648054,77.0584391,way,279962774,
police,28.6254858,77.0648745,way,291623401,
police,28.5536542,77.0915377,relation,20445762,Indira Gandhi International Airport Police Station
police,28.6345193,77.1810077,node,1157203547,
police,28.5306718,77.2045562,node,2004001910,Police Station Malviya Nagar
police,28.6478735,77.180705,node,2165822105,Prasad Nagar Police Station
police,28.634698,77.1826937,node,2446007658,Rajendra Nagar Police Station
police,28.6349617,77.1837505,node,2446008279,Police Residential Complex
police,28.5942138,77.1651188,node,2677421751,Subroto Park Police Station
police,28.6499571,77.1219621,node,2708360300,
police,28.5820097,77.195299,node,4052699977,police station
police,28.6437003,77.2189266,node,6134779778,Police Station New Delhi Railway Station
police,28.635912,77.2222854,node,6148020512,Police Post
police,28.6402677,77.135379,node,7132999875,Kirti Nagar Police Station
police,28.6153345,77.2093428,node,10869883005,No entry for foreigners going towards the government buildings
police,28.6176525,77.1985707,node,10869921208,"Gate 35, No entry for foreigners"
police,28.617356,77.2020072,node,10869921306,
police,28.560194,77.1811399,node,10904526570,"Traffic Police Station, RK Puram, Sector-4"
police,28.6452469,77.2188823,node,11075045128,Railway Police Force Station
police,28.5956693,77.1683104,node,11792933573,
police,28.5262044,77.1779413,node,11949219743,Delhi Police — Mehrauli
police,28.5966453,77.1332471,node,11989736451,Pink Booth
police,28.5758546,77.1973707,node,12028883564,Facilitation Kiosk
police,28.5757026,77.195241,node,12030756373,Police Booth
police,28.6316262,77.219012,node,12098409831,Prepaid Auto Service
police,28.6420284,77.2182954,node,12237600451,Tourist Police Booth
police,28.6050112,77.1269382,node,12676184098,Integrated Facilitation Booth
police,28.5892018,77.1691272,node,12678192778,Integrated Facilitation Booth
police,28.5796397,77.1760286,node,12787777886,South Campus Police Station
police,28.6253997,77.212071,node,13472563750,Delhi Police Headquarters
police,28.573737,77.2096762,node,13568774327,Integrated Facilitation Booth
police,28.5684153,77.2206958,node,13595492907,Integrated Police Facility
police,28.6331466,77.2195152,node,13640908020,Public Facilitation Booth
police,28.5732388,77.2090211,node,13647468660,Suvidha Seva
police,28.6267109,77.1215572,node,13677018516,Mayapuri Police Station
police,28.5819346,77.2146901,node,14016820472,Delhi Police Seva Kendra
police,28.5855227,77.2201421,node,14029112735,
police,28.5693175,77.2232911,node,14100954402,
police,28.5690975,77.2201569,node,14162787047,Police Booth
police,28.5352556,77.1517947,way,190291268,
police,28.5341516,77.1429,way,190291270,
police,28.5328269,77.2194906,way,291621843,
police,28.6454252,77.2090042,way,293526551,Police Station Paharganj
police,28.571113,77.1790899,way,294524907,
police,28.6028019,77.1960131,way,348459728,Police Station Chankyapuri
police,28.6298552,77.2141861,way,351374286,Police Station Connaught Place
police,28.5263479,77.2170694,way,353149198,Saket Police Station
police,28.5580159,77.1689932,way,354461865,Deputy Commissioner of Police Station South West District
police,28.5884292,77.1684119,way,1267919228,
police,28.5989741,77.1240103,way,1273260496,Delhi Cantt Police Station
police,28.6409752,77.2244936,way,1296770202,Central Reserve Police Force Transit Camp
police,28.6391352,77.2030923,way,1386958459,Economic Offences Wing
police,28.6383443,77.2025704,way,1387015781,Mandir Marg Police Station
police,28.6387794,77.2026667,way,1387015785,Mandir Marg Police Station Complex
police,28.6585978,77.2310844,node,3245702263,Kotwali Police Station
police,28.6524641,77.2337052,node,3245702592,Jama Masjid Police Station
police,28.6559206,77.2347384,node,3249140375,Cycle Market Police Post
police,28.66921,77.331314,node,5531803884,Police station Surya nagar
police,28.6965167,77.2270376,node,6223284349,Police Post Majnu ka Tila
police,28.6894132,77.2915327,node,6403596410,Durga Puri Police Station
police,28.6862014,77.2920281,node,6412016786,Police Chowki
police,28.6603874,77.2293263,node,6825092921,Police Station Old Delhi Railway Station
police,28.667016,77.3062943,node,8401532287,Vivek Vihar
police,28.7258687,77.3346234,node,9401715337,Teela Mod Police Station
police,28.6949996,77.3392139,node,10880690826,POLICE CHOWLI SIKANDARAPUR
police,28.6892958,77.2787079,node,10908515322,Delhi Police Post (Babarpur)
police,28.6599766,77.2671907,node,11637350872,Gandhi Nagar Police Station
police,28.6883392,77.3404923,node,12596150465,shalimar garden police chowki
police,28.6653684,77.2867347,node,12596382943,DCP Shahdara District Office
police,28.6554103,77.298339,node,12596574171,Delhi Police Dog Squad
police,28.6725287,77.2761129,node,12861895296,Welcome Metro Station Integrated Facilitation Booth
police,28.6778818,77.3032989,node,12865040843,Swami Dayanand Hospital Police Booth
police,28.6694198,77.2323235,node,13726811986,Police Post ISBT
police,28.6509253,77.2360244,node,14031040405,
police,28.6664277,77.2269535,way,48532705,
police,28.6748039,77.2850581,way,259024069,
police,28.6645906,77.286262,way,287500331,DCP Shahdara District Office
police,28.6818244,77.2785179,way,351420294,Welcome Police Station
police,28.6963877,77.2911742,way,692373019,Jyoti Nagar Police Station
police,28.7022782,77.2869046,way,1174916053,
police,28.6979957,77.2741174,way,1234270226,
police,28.6498177,77.225785,way,1359931143,Police Station Hauz Qazi
police,28.8638535,77.1233526,node,496712261,Thana Kundli
police,28.8638951,77.2854276,node,4226396264,Police Chowki
